family,asset,params,IS_n,IS_avg_R,IS_t_stat,IS_win_pct,IS_pf,OOS_n,OOS_avg_R,OOS_t_stat,OOS_win_pct,OOS_pf
A_long_L,btc,"{""sig"": ""L"", ""z_in"": 0.5, ""hold"": 24}",273,0.039,1.47,46.5,1.3,253,0.014,0.59,47.8,1.12
A_long_L,btc,"{""sig"": ""L"", ""z_in"": 0.5, ""hold"": 72}",155,0.057,1.8,43.9,1.6,124,0.026,0.78,49.2,1.25
A_long_L,btc,"{""sig"": ""L"", ""z_in"": 0.5, ""hold"": 168}",134,0.047,1.86,45.5,1.79,97,0.039,0.99,47.4,1.5
A_long_L,btc,"{""sig"": ""L"", ""z_in"": 1.0, ""hold"": 24}",166,0.042,1.19,48.2,1.31,161,0.019,0.56,50.9,1.15
A_long_L,btc,"{""sig"": ""L"", ""z_in"": 1.0, ""hold"": 72}",109,0.077,1.93,42.2,1.81,88,0.035,0.83,48.9,1.33
A_long_L,btc,"{""sig"": ""L"", ""z_in"": 1.0, ""hold"": 168}",95,0.058,1.86,44.2,1.94,69,0.037,0.74,46.4,1.44
A_long_L,btc,"{""sig"": ""L"", ""z_in"": 1.5, ""hold"": 24}",86,0.08,1.51,55.8,1.65,97,-0.017,-0.5,49.5,0.88
A_long_L,btc,"{""sig"": ""L"", ""z_in"": 1.5, ""hold"": 72}",65,0.096,1.57,49.2,1.84,60,0.057,0.86,43.3,1.53
A_long_L,btc,"{""sig"": ""L"", ""z_in"": 1.5, ""hold"": 168}",58,0.08,1.69,50.0,2.09,47,0.075,1.03,46.8,2.06
A_long_L,eth,"{""sig"": ""L"", ""z_in"": 0.5, ""hold"": 24}",294,0.024,1.01,51.0,1.19,274,0.005,0.17,43.8,1.03
A_long_L,eth,"{""sig"": ""L"", ""z_in"": 0.5, ""hold"": 72}",178,0.038,1.49,48.9,1.42,163,0.01,0.33,42.9,1.1
A_long_L,eth,"{""sig"": ""L"", ""z_in"": 0.5, ""hold"": 168}",157,0.03,1.49,49.0,1.52,140,0.013,0.57,45.0,1.2
A_long_L,eth,"{""sig"": ""L"", ""z_in"": 1.0, ""hold"": 24}",176,0.045,1.28,48.9,1.33,171,0.015,0.36,46.2,1.1
A_long_L,eth,"{""sig"": ""L"", ""z_in"": 1.0, ""hold"": 72}",113,0.035,0.99,50.4,1.32,107,0.02,0.5,42.1,1.18
A_long_L,eth,"{""sig"": ""L"", ""z_in"": 1.0, ""hold"": 168}",100,0.029,0.96,48.0,1.41,92,0.025,0.78,42.4,1.36
A_long_L,eth,"{""sig"": ""L"", ""z_in"": 1.5, ""hold"": 24}",90,0.113,2.41,54.4,2.02,99,0.003,0.08,45.5,1.02
A_long_L,eth,"{""sig"": ""L"", ""z_in"": 1.5, ""hold"": 72}",59,0.091,1.81,59.3,1.97,63,-0.005,-0.13,44.4,0.96
A_long_L,eth,"{""sig"": ""L"", ""z_in"": 1.5, ""hold"": 168}",52,0.092,1.95,55.8,2.49,53,0.013,0.54,50.9,1.23
B_short_L,btc,"{""sig"": ""L"", ""z_in"": 0.5, ""hold"": 24}",333,-0.038,-1.68,43.8,0.76,260,0.013,0.48,43.5,1.09
B_short_L,btc,"{""sig"": ""L"", ""z_in"": 0.5, ""hold"": 72}",183,-0.029,-1.1,37.7,0.78,128,0.037,1.06,41.4,1.32
B_short_L,btc,"{""sig"": ""L"", ""z_in"": 0.5, ""hold"": 168}",152,-0.026,-1.16,37.5,0.74,104,0.035,1.24,39.4,1.46
B_short_L,btc,"{""sig"": ""L"", ""z_in"": 1.0, ""hold"": 24}",185,-0.048,-1.49,41.6,0.72,161,0.012,0.36,47.2,1.08
B_short_L,btc,"{""sig"": ""L"", ""z_in"": 1.0, ""hold"": 72}",116,-0.049,-1.42,37.1,0.68,85,0.045,0.93,47.1,1.34
B_short_L,btc,"{""sig"": ""L"", ""z_in"": 1.0, ""hold"": 168}",97,-0.035,-1.15,38.1,0.69,61,0.062,1.36,44.3,1.73
B_short_L,btc,"{""sig"": ""L"", ""z_in"": 1.5, ""hold"": 24}",83,-0.099,-2.04,38.6,0.55,82,0.006,0.13,47.6,1.04
B_short_L,btc,"{""sig"": ""L"", ""z_in"": 1.5, ""hold"": 72}",63,-0.068,-1.71,31.7,0.54,48,0.088,1.38,52.1,1.76
B_short_L,btc,"{""sig"": ""L"", ""z_in"": 1.5, ""hold"": 168}",58,-0.03,-0.69,32.8,0.73,31,0.074,1.22,48.4,2.02
B_short_L,eth,"{""sig"": ""L"", ""z_in"": 0.5, ""hold"": 24}",320,0.002,0.08,49.1,1.01,264,0.032,1.19,47.3,1.23
B_short_L,eth,"{""sig"": ""L"", ""z_in"": 0.5, ""hold"": 72}",182,0.016,0.53,46.2,1.14,156,0.036,1.26,49.4,1.36
B_short_L,eth,"{""sig"": ""L"", ""z_in"": 0.5, ""hold"": 168}",157,0.015,0.67,49.0,1.21,135,0.028,1.24,49.6,1.41
B_short_L,eth,"{""sig"": ""L"", ""z_in"": 1.0, ""hold"": 24}",177,-0.023,-0.54,40.7,0.87,161,0.028,0.79,42.9,1.19
B_short_L,eth,"{""sig"": ""L"", ""z_in"": 1.0, ""hold"": 72}",118,0.025,0.62,41.5,1.22,95,0.044,1.08,48.4,1.41
B_short_L,eth,"{""sig"": ""L"", ""z_in"": 1.0, ""hold"": 168}",103,0.025,0.82,38.8,1.32,80,0.034,1.04,46.2,1.44
B_short_L,eth,"{""sig"": ""L"", ""z_in"": 1.5, ""hold"": 24}",90,0.039,0.58,44.4,1.27,84,0.015,0.36,44.0,1.13
B_short_L,eth,"{""sig"": ""L"", ""z_in"": 1.5, ""hold"": 72}",65,0.024,0.4,41.5,1.19,51,0.001,0.02,45.1,1.01
B_short_L,eth,"{""sig"": ""L"", ""z_in"": 1.5, ""hold"": 168}",60,0.034,0.79,41.7,1.43,42,0.03,0.79,47.6,1.45
Astar_long_RUP,btc,"{""sig"": ""R"", ""z_in"": 0.5, ""hold"": 24}",254,0.064,2.08,47.2,1.53,254,0.001,0.03,46.5,1.01
Astar_long_RUP,btc,"{""sig"": ""R"", ""z_in"": 0.5, ""hold"": 72}",109,0.111,2.36,49.5,2.02,103,0.02,0.42,50.5,1.16
Astar_long_RUP,btc,"{""sig"": ""R"", ""z_in"": 0.5, ""hold"": 168}",67,0.149,2.37,46.3,3.1,54,0.038,0.58,48.1,1.34
Astar_long_RUP,btc,"{""sig"": ""R"", ""z_in"": 1.0, ""hold"": 24}",153,0.094,2.55,52.3,1.88,160,-0.003,-0.08,44.4,0.98
Astar_long_RUP,btc,"{""sig"": ""R"", ""z_in"": 1.0, ""hold"": 72}",69,0.136,1.98,55.1,2.14,70,0.039,0.59,48.6,1.3
Astar_long_RUP,btc,"{""sig"": ""R"", ""z_in"": 1.0, ""hold"": 168}",49,0.166,2.25,44.9,3.04,45,0.027,0.37,51.1,1.21
Astar_long_RUP,btc,"{""sig"": ""R"", ""z_in"": 1.5, ""hold"": 24}",78,0.094,1.67,52.6,1.69,67,-0.04,-0.73,40.3,0.77
Astar_long_RUP,btc,"{""sig"": ""R"", ""z_in"": 1.5, ""hold"": 72}",41,0.162,1.76,53.7,2.13,32,0.014,0.16,50.0,1.1
Astar_long_RUP,btc,"{""sig"": ""R"", ""z_in"": 1.5, ""hold"": 168}",29,0.259,2.14,48.3,3.67,22,0.012,0.12,50.0,1.09
Astar_long_RUP,btc,"{""sig"": ""U"", ""z_in"": 0.5, ""hold"": 24}",251,0.059,1.91,49.0,1.47,259,-0.005,-0.17,45.2,0.97
Astar_long_RUP,btc,"{""sig"": ""U"", ""z_in"": 0.5, ""hold"": 72}",108,0.1,2.15,52.8,1.88,102,0.029,0.56,50.0,1.22
Astar_long_RUP,btc,"{""sig"": ""U"", ""z_in"": 0.5, ""hold"": 168}",62,0.147,2.16,51.6,2.64,52,0.042,0.59,46.2,1.34
Astar_long_RUP,btc,"{""sig"": ""U"", ""z_in"": 1.0, ""hold"": 24}",149,0.102,2.36,53.7,1.87,160,0.004,0.11,49.4,1.03
Astar_long_RUP,btc,"{""sig"": ""U"", ""z_in"": 1.0, ""hold"": 72}",67,0.135,1.97,52.2,2.02,71,0.025,0.47,45.1,1.18
Astar_long_RUP,btc,"{""sig"": ""U"", ""z_in"": 1.0, ""hold"": 168}",45,0.199,2.33,51.1,3.28,43,0.033,0.55,48.8,1.29
Astar_long_RUP,btc,"{""sig"": ""U"", ""z_in"": 1.5, ""hold"": 24}",72,0.098,1.6,55.6,1.7,68,-0.033,-0.63,36.8,0.8
Astar_long_RUP,btc,"{""sig"": ""U"", ""z_in"": 1.5, ""hold"": 72}",37,0.14,1.43,54.1,1.98,35,0.013,0.17,51.4,1.09
Astar_long_RUP,btc,"{""sig"": ""U"", ""z_in"": 1.5, ""hold"": 168}",27,0.27,2.46,55.6,4.44,25,0.014,0.17,48.0,1.11
Astar_long_RUP,btc,"{""sig"": ""P"", ""z_in"": 0.1, ""hold"": 24}",568,0.024,1.32,48.8,1.18,266,0.022,0.88,50.8,1.16
Astar_long_RUP,btc,"{""sig"": ""P"", ""z_in"": 0.1, ""hold"": 72}",207,0.052,1.68,50.2,1.39,102,0.05,0.95,53.9,1.37
Astar_long_RUP,btc,"{""sig"": ""P"", ""z_in"": 0.1, ""hold"": 168}",101,0.094,2.19,50.5,1.94,54,0.084,1.2,46.3,1.85
Astar_long_RUP,btc,"{""sig"": ""P"", ""z_in"": 0.2, ""hold"": 24}",392,0.047,2.02,50.0,1.37,172,0.016,0.45,45.3,1.12
Astar_long_RUP,btc,"{""sig"": ""P"", ""z_in"": 0.2, ""hold"": 72}",161,0.078,2.19,49.7,1.64,75,0.047,0.66,53.3,1.31
Astar_long_RUP,btc,"{""sig"": ""P"", ""z_in"": 0.2, ""hold"": 168}",85,0.123,2.33,51.8,2.09,39,0.111,1.25,59.0,2.1
Astar_long_RUP,btc,"{""sig"": ""P"", ""z_in"": 0.3, ""hold"": 24}",191,0.057,1.78,52.9,1.47,88,0.025,0.61,50.0,1.22
Astar_long_RUP,btc,"{""sig"": ""P"", ""z_in"": 0.3, ""hold"": 72}",89,0.087,1.75,56.2,1.69,38,0.097,1.33,52.6,2.06
Astar_long_RUP,btc,"{""sig"": ""P"", ""z_in"": 0.3, ""hold"": 168}",55,0.115,1.99,60.0,2.24,23,0.151,1.5,56.5,2.49
Astar_long_RUP,eth,"{""sig"": ""R"", ""z_in"": 0.5, ""hold"": 24}",256,0.032,1.08,47.3,1.22,259,0.014,0.47,45.6,1.1
Astar_long_RUP,eth,"{""sig"": ""R"", ""z_in"": 0.5, ""hold"": 72}",111,0.093,1.92,52.3,1.76,102,0.047,0.83,45.1,1.39
Astar_long_RUP,eth,"{""sig"": ""R"", ""z_in"": 0.5, ""hold"": 168}",66,0.119,2.06,43.9,2.28,53,0.051,0.8,56.6,1.52
Astar_long_RUP,eth,"{""sig"": ""R"", ""z_in"": 1.0, ""hold"": 24}",153,0.039,0.94,48.4,1.25,164,0.017,0.49,47.0,1.13
Astar_long_RUP,eth,"{""sig"": ""R"", ""z_in"": 1.0, ""hold"": 72}",68,0.115,1.6,51.5,1.74,71,0.016,0.32,38.0,1.13
Astar_long_RUP,eth,"{""sig"": ""R"", ""z_in"": 1.0, ""hold"": 168}",46,0.144,1.85,50.0,2.14,43,-0.0,-0.01,46.5,1.0
Astar_long_RUP,eth,"{""sig"": ""R"", ""z_in"": 1.5, ""hold"": 24}",72,0.085,1.47,47.2,1.68,66,-0.025,-0.51,42.4,0.83
Astar_long_RUP,eth,"{""sig"": ""R"", ""z_in"": 1.5, ""hold"": 72}",36,0.095,0.96,50.0,1.54,34,0.004,0.05,50.0,1.02
Astar_long_RUP,eth,"{""sig"": ""R"", ""z_in"": 1.5, ""hold"": 168}",26,0.232,2.12,46.2,3.38,24,-0.027,-0.42,45.8,0.79
Astar_long_RUP,eth,"{""sig"": ""U"", ""z_in"": 0.5, ""hold"": 24}",253,0.028,0.91,46.6,1.18,260,-0.0,-0.0,47.3,1.0
Astar_long_RUP,eth,"{""sig"": ""U"", ""z_in"": 0.5, ""hold"": 72}",108,0.086,1.71,49.1,1.65,102,0.027,0.54,48.0,1.23
Astar_long_RUP,eth,"{""sig"": ""U"", ""z_in"": 0.5, ""hold"": 168}",62,0.119,1.82,43.5,2.05,52,0.023,0.33,59.6,1.19
Astar_long_RUP,eth,"{""sig"": ""U"", ""z_in"": 1.0, ""hold"": 24}",150,0.069,1.63,48.7,1.48,160,0.031,0.91,48.8,1.25
Astar_long_RUP,eth,"{""sig"": ""U"", ""z_in"": 1.0, ""hold"": 72}",66,0.11,1.55,51.5,1.73,71,0.044,0.88,46.5,1.36
Astar_long_RUP,eth,"{""sig"": ""U"", ""z_in"": 1.0, ""hold"": 168}",45,0.189,2.29,53.3,2.76,43,0.021,0.4,55.8,1.21
Astar_long_RUP,eth,"{""sig"": ""U"", ""z_in"": 1.5, ""hold"": 24}",72,0.06,1.12,48.6,1.45,68,-0.021,-0.46,45.6,0.86
Astar_long_RUP,eth,"{""sig"": ""U"", ""z_in"": 1.5, ""hold"": 72}",37,0.081,0.78,43.2,1.43,35,-0.002,-0.03,54.3,0.99
Astar_long_RUP,eth,"{""sig"": ""U"", ""z_in"": 1.5, ""hold"": 168}",27,0.222,2.13,55.6,3.03,25,0.006,0.11,48.0,1.06
Astar_long_RUP,eth,"{""sig"": ""P"", ""z_in"": 0.1, ""hold"": 24}",377,0.021,0.81,48.8,1.13,285,0.005,0.19,49.1,1.04
Astar_long_RUP,eth,"{""sig"": ""P"", ""z_in"": 0.1, ""hold"": 72}",156,0.028,0.76,51.3,1.19,107,0.03,0.68,47.7,1.25
Astar_long_RUP,eth,"{""sig"": ""P"", ""z_in"": 0.1, ""hold"": 168}",89,0.048,1.04,46.1,1.36,58,0.052,1.17,50.0,1.62
Astar_long_RUP,eth,"{""sig"": ""P"", ""z_in"": 0.2, ""hold"": 24}",190,0.057,1.52,54.7,1.38,157,0.036,0.91,45.2,1.29
Astar_long_RUP,eth,"{""sig"": ""P"", ""z_in"": 0.2, ""hold"": 72}",81,0.129,2.38,58.0,2.12,67,0.071,1.17,47.8,1.6
Astar_long_RUP,eth,"{""sig"": ""P"", ""z_in"": 0.2, ""hold"": 168}",53,0.184,2.74,60.4,2.93,40,0.088,0.98,52.5,1.8
Astar_long_RUP,eth,"{""sig"": ""P"", ""z_in"": 0.3, ""hold"": 24}",64,-0.01,-0.18,45.3,0.94,55,0.109,1.27,58.2,1.9
Astar_long_RUP,eth,"{""sig"": ""P"", ""z_in"": 0.3, ""hold"": 72}",30,0.075,1.18,60.0,1.76,26,0.109,0.77,42.3,1.79
Astar_long_RUP,eth,"{""sig"": ""P"", ""z_in"": 0.3, ""hold"": 168}",23,0.075,1.11,60.9,1.75,18,0.161,0.86,50.0,2.23
C_donchian,btc,"{""filt"": ""none""}",61,1.185,1.84,36.1,3.29,59,0.119,0.37,28.8,1.21
C_donchian,btc,"{""filt"": ""adj""}",57,1.344,1.96,38.6,3.81,44,0.233,0.57,31.8,1.42
C_donchian,btc,"{""filt"": ""raw""}",45,1.339,1.94,37.8,3.72,33,-0.077,-0.27,27.3,0.88
C_donchian,btc,"{""filt"": ""adj_neg""}",7,-0.299,-0.6,28.6,0.61,31,-0.401,-1.74,19.4,0.4
C_donchian,eth,"{""filt"": ""none""}",63,0.375,0.98,25.4,1.65,63,0.288,0.68,22.2,1.46
C_donchian,eth,"{""filt"": ""adj""}",56,0.465,1.08,26.8,1.79,50,0.404,0.77,24.0,1.61
C_donchian,eth,"{""filt"": ""raw""}",49,0.351,0.98,30.6,1.69,29,0.467,0.8,27.6,1.74
C_donchian,eth,"{""filt"": ""adj_neg""}",22,0.115,0.17,13.6,1.17,25,0.048,0.15,28.0,1.1
D_daily_etf,btc,"{""mode"": ""both"", ""hold"": 24}",114,-0.01,-0.26,45.6,0.93,132,0.009,0.24,48.5,1.07
D_daily_etf,btc,"{""mode"": ""both"", ""hold"": 72}",63,0.042,0.8,55.6,1.31,77,0.049,0.72,51.9,1.37
D_daily_etf,btc,"{""mode"": ""prem"", ""hold"": 24}",164,0.021,0.62,48.2,1.15,181,0.005,0.14,48.1,1.03
D_daily_etf,btc,"{""mode"": ""prem"", ""hold"": 72}",86,0.06,1.0,51.2,1.37,107,-0.014,-0.32,54.2,0.91
D_daily_etf,btc,"{""mode"": ""flow"", ""hold"": 24}",128,0.003,0.08,46.1,1.02,194,-0.005,-0.17,47.4,0.97
D_daily_etf,btc,"{""mode"": ""flow"", ""hold"": 72}",71,0.023,0.49,47.9,1.17,110,0.031,0.57,50.0,1.21
D_daily_etf,btc,"{""mode"": ""all"", ""hold"": 24}",183,-0.009,-0.27,48.6,0.94,314,-0.07,-2.86,43.0,0.63
D_daily_etf,btc,"{""mode"": ""all"", ""hold"": 72}",92,0.033,0.56,51.1,1.19,157,-0.036,-1.0,47.1,0.81
D_daily_etf,eth,"{""mode"": ""both"", ""hold"": 24}",42,-0.051,-0.83,47.6,0.71,131,0.018,0.37,52.7,1.12
D_daily_etf,eth,"{""mode"": ""both"", ""hold"": 72}",26,-0.017,-0.19,53.8,0.91,78,0.063,0.85,48.7,1.45
D_daily_etf,eth,"{""mode"": ""prem"", ""hold"": 24}",76,-0.045,-0.83,42.1,0.77,214,-0.033,-1.09,49.5,0.81
D_daily_etf,eth,"{""mode"": ""prem"", ""hold"": 72}",40,-0.063,-0.79,42.5,0.71,117,0.001,0.04,49.6,1.01
D_daily_etf,eth,"{""mode"": ""flow"", ""hold"": 24}",49,-0.086,-1.45,46.9,0.57,171,-0.047,-1.12,46.8,0.75
D_daily_etf,eth,"{""mode"": ""flow"", ""hold"": 72}",29,-0.06,-0.73,48.3,0.71,101,0.018,0.29,49.5,1.11
D_daily_etf,eth,"{""mode"": ""all"", ""hold"": 24}",83,0.018,0.36,53.0,1.11,313,-0.02,-0.72,49.5,0.88
D_daily_etf,eth,"{""mode"": ""all"", ""hold"": 72}",42,0.038,0.43,45.2,1.2,158,-0.006,-0.14,49.4,0.97
