ts,prem_bps,prem_raw_bps,usdt_dev_bps,ret_pct,next_ret_pct,etf_flow_bn,share_hours_pos,asset
2023-01,0.491,0.153,-0.338,,0.044,,0.71,btc
2023-02,0.158,1.621,1.463,0.044,23.024,,0.609,btc
2023-03,0.14,19.534,19.329,23.024,2.699,,0.579,btc
2023-04,0.485,5.242,4.757,2.699,-6.919,,0.69,btc
2023-05,0.324,4.153,3.829,-6.919,11.982,,0.63,btc
2023-06,0.461,0.357,-0.104,11.982,-4.069,,0.643,btc
2023-07,0.471,0.874,0.403,-4.069,-11.269,,0.694,btc
2023-08,0.475,-6.576,-7.051,-11.269,3.945,,0.606,btc
2023-09,0.734,-1.216,-1.95,3.945,28.572,,0.717,btc
2023-10,0.772,2.609,1.837,28.572,8.846,,0.728,btc
2023-11,0.84,4.443,3.602,8.846,12.189,,0.764,btc
2023-12,0.233,0.282,0.049,12.189,0.583,,0.57,btc
2024-01,0.509,-1.421,-1.93,0.583,43.803,1.46,0.716,btc
2024-02,1.065,1.094,0.029,43.803,16.6,6.032,0.809,btc
2024-03,1.179,4.238,3.058,16.6,-15.01,4.637,0.774,btc
2024-04,0.612,1.552,0.94,-15.01,11.421,-0.345,0.717,btc
2024-05,0.511,-2.422,-2.933,11.421,-7.121,2.073,0.679,btc
2024-06,0.27,-5.578,-5.848,-7.121,2.925,0.666,0.599,btc
2024-07,0.556,-0.654,-1.21,2.925,-8.761,3.168,0.671,btc
2024-08,0.634,1.109,0.476,-8.761,7.409,-0.092,0.719,btc
2024-09,0.652,0.142,-0.51,7.409,11.077,1.263,0.726,btc
2024-10,0.431,-4.94,-5.371,11.077,37.191,5.388,0.698,btc
2024-11,1.342,5.233,3.89,37.191,-3.033,6.618,0.821,btc
2024-12,0.549,-2.701,-3.25,-3.033,9.44,4.567,0.706,btc
2025-01,0.429,-4.059,-4.489,9.44,-17.66,5.256,0.699,btc
2025-02,0.608,-0.104,-0.712,-17.66,-2.114,-3.543,0.717,btc
2025-03,0.197,-1.833,-2.03,-2.114,14.067,-0.68,0.554,btc
2025-04,0.544,-0.403,-0.947,14.067,11.07,2.942,0.701,btc
2025-05,0.486,2.46,1.974,11.07,2.432,5.245,0.664,btc
2025-06,0.621,4.458,3.837,2.432,8.04,4.6,0.718,btc
2025-07,0.633,3.161,2.528,8.04,-6.473,6.013,0.728,btc
2025-08,0.296,0.76,0.464,-6.473,5.342,-0.749,0.589,btc
2025-09,-0.327,2.988,3.314,5.342,-3.888,3.511,0.364,btc
2025-10,-0.197,3.713,3.905,-3.888,-17.559,3.425,0.411,btc
2025-11,-1.388,-4.427,-3.04,-17.559,-3.003,-3.467,0.118,btc
2025-12,-0.765,-2.889,-2.124,-3.003,-10.16,-1.092,0.254,btc
2026-01,-0.52,-9.792,-9.273,-10.16,-14.954,-1.602,0.324,btc
2026-02,-0.174,-6.065,-5.892,-14.954,1.949,-0.207,0.43,btc
2026-03,-0.03,-1.405,-1.374,1.949,11.817,1.324,0.456,btc
2026-04,0.687,1.528,0.842,11.817,-3.476,2.022,0.681,btc
2026-05,-0.119,-6.777,-6.634,-3.476,-20.431,-2.406,0.476,btc
2026-06,-0.617,-11.237,-10.621,-20.431,7.26,-4.51,0.339,btc
2026-07,0.224,-9.027,-9.251,7.26,24.96,0.173,0.563,btc
2026-08,0.23,-6.382,-6.612,24.96,,3.53,0.56,btc
2023-01,0.084,-0.254,-0.338,,1.243,,0.539,eth
2023-02,-0.007,1.456,1.463,1.243,13.466,,0.485,eth
2023-03,-0.21,19.183,19.329,13.466,2.614,,0.544,eth
2023-04,0.093,4.85,4.757,2.614,0.237,,0.538,eth
2023-05,0.291,4.12,3.829,0.237,3.234,,0.577,eth
2023-06,0.085,-0.019,-0.104,3.234,-4.035,,0.531,eth
2023-07,0.079,0.482,0.403,-4.035,-11.325,,0.527,eth
2023-08,0.357,-6.694,-7.051,-11.325,1.514,,0.617,eth
2023-09,0.339,-1.61,-1.95,1.514,8.711,,0.611,eth
2023-10,0.077,1.914,1.837,8.711,13.003,,0.524,eth
2023-11,0.281,3.883,3.602,13.003,11.312,,0.582,eth
2023-12,0.057,0.106,0.049,11.312,-0.081,,0.526,eth
2024-01,0.219,-1.711,-1.93,-0.081,46.501,,0.608,eth
2024-02,0.176,0.205,0.029,46.501,9.142,,0.578,eth
2024-03,0.437,3.495,3.058,9.142,-17.436,,0.625,eth
2024-04,0.143,1.084,0.94,-17.436,24.954,,0.547,eth
2024-05,0.355,-2.577,-2.933,24.954,-8.703,,0.621,eth
2024-06,0.008,-5.841,-5.848,-8.703,-5.972,,0.517,eth
2024-07,0.411,-0.799,-1.21,-5.972,-22.268,-0.494,0.669,eth
2024-08,0.638,1.114,0.476,-22.268,3.566,0.006,0.734,eth
2024-09,0.556,0.045,-0.51,3.566,-3.195,-0.049,0.722,eth
2024-10,0.142,-5.229,-5.371,-3.195,47.148,0.042,0.599,eth
2024-11,0.806,4.697,3.89,47.148,-9.962,1.059,0.742,eth
2024-12,0.486,-2.764,-3.25,-9.962,-1.111,2.094,0.663,eth
2025-01,0.228,-4.261,-4.489,-1.111,-32.214,0.1,0.656,eth
2025-02,0.351,-0.362,-0.712,-32.214,-18.555,0.055,0.625,eth
2025-03,0.312,-1.718,-2.03,-18.555,-1.585,-0.384,0.661,eth
2025-04,0.383,-0.564,-0.947,-1.585,40.964,0.058,0.65,eth
2025-05,0.333,2.306,1.974,40.964,-1.693,0.564,0.613,eth
2025-06,0.5,4.337,3.837,-1.693,48.798,1.165,0.676,eth
2025-07,0.835,3.363,2.528,48.798,18.747,5.428,0.773,eth
2025-08,0.494,0.958,0.464,18.747,-5.623,3.864,0.667,eth
2025-09,-0.327,2.987,3.314,-5.623,-7.153,0.294,0.358,eth
2025-10,-0.068,3.842,3.905,-7.153,-22.265,0.578,0.46,eth
2025-11,-1.203,-4.242,-3.04,-22.265,-0.656,-1.425,0.16,eth
2025-12,-0.653,-2.777,-2.124,-0.656,-17.507,-0.62,0.335,eth
2026-01,-0.304,-9.576,-9.273,-17.507,-19.87,-0.349,0.392,eth
2026-02,0.047,-5.845,-5.892,-19.87,7.182,-0.375,0.499,eth
2026-03,0.001,-1.373,-1.374,7.182,7.223,-0.345,0.483,eth
2026-04,0.468,1.31,0.842,7.223,-11.087,0.168,0.617,eth
2026-05,0.039,-6.618,-6.634,-11.087,-21.674,-0.578,0.509,eth
2026-06,-0.315,-10.935,-10.621,-21.674,18.467,-0.519,0.401,eth
2026-07,0.523,-8.728,-9.251,18.467,32.489,0.323,0.648,eth
2026-08,0.569,-6.043,-6.612,32.489,,1.682,0.695,eth
