score,hold,costs,leg,period,n_days,mean_daily_pct,ann_ret_pct,sharpe_ann,t_nw,max_dd_pct
score_A,1,base,long,IS,711.0,0.0585,-17.2,0.24,0.35,71.1
score_A,1,base,long,OOS,608.0,0.0844,-8.0,0.35,0.46,67.8
score_A,1,base,short,IS,711.0,-0.1935,-60.2,-1.07,-1.49,87.2
score_A,1,base,short,OOS,608.0,0.072,2.7,0.38,0.53,53.9
score_A,1,base,long_short,IS,711.0,-0.0675,-23.9,-1.05,-1.61,45.7
score_A,1,base,long_short,OOS,608.0,0.0782,26.2,0.88,1.16,19.5
score_A,1,base,long_minus_EW,IS,711.0,-0.0945,-33.8,-0.93,-1.44,57.3
score_A,1,base,long_minus_EW,OOS,608.0,0.199,79.1,1.35,1.78,31.6
score_A,1,base,turnover/day,all,,0.616,,,,
score_A,1,base,funding_long/day,all,,0.0833,,,,
score_A,1,harsh,long,IS,711.0,0.0334,-24.4,0.14,0.2,72.7
score_A,1,harsh,long,OOS,608.0,0.0602,-15.8,0.25,0.33,68.5
score_A,1,harsh,short,IS,711.0,-0.228,-65.0,-1.26,-1.75,89.9
score_A,1,harsh,short,OOS,608.0,0.0355,-10.1,0.19,0.26,57.9
score_A,1,harsh,long_short,IS,711.0,-0.0973,-31.8,-1.52,-2.32,55.7
score_A,1,harsh,long_short,OOS,608.0,0.0478,13.0,0.54,0.71,20.2
score_A,1,harsh,long_minus_EW,IS,711.0,-0.1196,-39.6,-1.18,-1.82,64.0
score_A,1,harsh,long_minus_EW,OOS,608.0,0.1748,63.9,1.18,1.56,33.6
score_A,1,extreme,long,IS,711.0,-0.0542,-45.2,-0.22,-0.33,81.0
score_A,1,extreme,long,OOS,608.0,-0.0245,-38.2,-0.1,-0.13,70.9
score_A,1,extreme,short,IS,711.0,-0.349,-77.5,-1.93,-2.68,95.6
score_A,1,extreme,short,OOS,608.0,-0.0923,-43.7,-0.49,-0.68,77.1
score_A,1,extreme,long_short,IS,711.0,-0.2016,-53.4,-3.15,-4.79,78.3
score_A,1,extreme,long_short,OOS,608.0,-0.0584,-23.3,-0.66,-0.86,35.7
score_A,1,extreme,long_minus_EW,IS,711.0,-0.2072,-56.2,-2.05,-3.15,80.1
score_A,1,extreme,long_minus_EW,OOS,608.0,0.0901,20.4,0.61,0.81,40.5
score_A,7,base,long,IS,711.0,0.0783,-9.5,0.33,0.49,71.3
score_A,7,base,long,OOS,608.0,0.1168,8.0,0.51,0.72,71.3
score_A,7,base,short,IS,711.0,-0.1241,-48.4,-0.7,-0.98,82.0
score_A,7,base,short,OOS,608.0,0.1247,24.3,0.65,0.95,50.7
score_A,7,base,long_short,IS,711.0,-0.0229,-10.0,-0.4,-0.7,23.3
score_A,7,base,long_short,OOS,608.0,0.1208,49.8,1.63,2.16,16.5
score_A,7,base,long_minus_EW,IS,711.0,-0.0747,-27.3,-0.89,-1.5,45.5
score_A,7,base,long_minus_EW,OOS,608.0,0.2314,112.7,1.99,2.65,25.2
score_A,7,base,turnover/day,all,,0.162,,,,
score_A,7,base,funding_long/day,all,,0.0576,,,,
score_A,7,harsh,long,IS,711.0,0.0717,-11.6,0.3,0.45,71.6
score_A,7,harsh,long,OOS,608.0,0.1105,5.5,0.48,0.68,71.5
score_A,7,harsh,short,IS,711.0,-0.1312,-49.7,-0.74,-1.03,82.7
score_A,7,harsh,short,OOS,608.0,0.1174,21.0,0.61,0.9,51.3
score_A,7,harsh,long_short,IS,711.0,-0.0298,-12.2,-0.52,-0.91,25.6
score_A,7,harsh,long_short,OOS,608.0,0.1139,46.2,1.54,2.04,16.6
score_A,7,harsh,long_minus_EW,IS,711.0,-0.0813,-29.0,-0.97,-1.64,48.0
score_A,7,harsh,long_minus_EW,OOS,608.0,0.2251,107.8,1.93,2.58,25.3
score_A,7,extreme,long,IS,711.0,0.0484,-18.8,0.2,0.3,72.8
score_A,7,extreme,long,OOS,608.0,0.0884,-2.7,0.39,0.54,72.1
score_A,7,extreme,short,IS,711.0,-0.1563,-54.1,-0.88,-1.23,84.9
score_A,7,extreme,short,OOS,608.0,0.0916,10.2,0.48,0.7,53.1
score_A,7,extreme,long_short,IS,711.0,-0.054,-19.6,-0.95,-1.64,37.0
score_A,7,extreme,long_short,OOS,608.0,0.09,34.0,1.22,1.61,16.9
score_A,7,extreme,long_minus_EW,IS,711.0,-0.1046,-34.8,-1.25,-2.1,55.8
score_A,7,extreme,long_minus_EW,OOS,608.0,0.203,91.8,1.74,2.32,25.6
score_B,1,base,long,IS,711.0,0.1435,33.1,0.76,1.05,64.3
score_B,1,base,long,OOS,608.0,-0.1805,-61.0,-0.89,-1.24,83.3
score_B,1,base,short,IS,711.0,-0.0505,-44.5,-0.21,-0.3,80.2
score_B,1,base,short,OOS,608.0,-0.1488,-61.1,-0.61,-0.79,91.8
score_B,1,base,long_short,IS,711.0,0.0465,15.3,0.73,1.09,23.9
score_B,1,base,long_short,OOS,608.0,-0.1647,-48.0,-1.87,-2.37,72.5
score_B,1,base,long_minus_EW,IS,711.0,-0.0095,-5.0,-0.19,-0.29,36.1
score_B,1,base,long_minus_EW,OOS,608.0,-0.0659,-22.7,-1.29,-1.62,39.2
score_B,1,base,turnover/day,all,,0.767,,,,
score_B,1,base,funding_long/day,all,,-0.0064,,,,
score_B,1,harsh,long,IS,711.0,0.1136,19.3,0.6,0.83,65.9
score_B,1,harsh,long,OOS,608.0,-0.2121,-65.2,-1.05,-1.46,86.2
score_B,1,harsh,short,IS,711.0,-0.075,-49.3,-0.31,-0.45,81.8
score_B,1,harsh,short,OOS,608.0,-0.1736,-64.5,-0.71,-0.92,92.7
score_B,1,harsh,long_short,IS,711.0,0.0193,4.4,0.3,0.45,30.3
score_B,1,harsh,long_short,OOS,608.0,-0.1929,-53.1,-2.19,-2.77,76.5
score_B,1,harsh,long_minus_EW,IS,711.0,-0.0394,-14.8,-0.79,-1.18,43.4
score_B,1,harsh,long_minus_EW,OOS,608.0,-0.0975,-31.2,-1.91,-2.39,49.1
score_B,1,extreme,long,IS,711.0,0.009,-18.6,0.05,0.07,71.3
score_B,1,extreme,long,OOS,608.0,-0.3227,-76.8,-1.6,-2.22,92.8
score_B,1,extreme,short,IS,711.0,-0.1608,-62.9,-0.65,-0.96,88.6
score_B,1,extreme,short,OOS,608.0,-0.2606,-74.2,-1.07,-1.38,95.2
score_B,1,extreme,long_short,IS,711.0,-0.0759,-26.2,-1.19,-1.79,54.6
score_B,1,extreme,long_short,OOS,608.0,-0.2917,-67.3,-3.31,-4.19,86.4
score_B,1,extreme,long_minus_EW,IS,711.0,-0.144,-41.9,-2.9,-4.35,68.0
score_B,1,extreme,long_minus_EW,OOS,608.0,-0.2081,-54.1,-4.07,-5.09,73.0
score_B,7,base,long,IS,711.0,0.1438,35.4,0.79,1.1,60.3
score_B,7,base,long,OOS,608.0,-0.1191,-51.0,-0.59,-0.84,76.9
score_B,7,base,short,IS,711.0,-0.0296,-39.4,-0.12,-0.19,80.6
score_B,7,base,short,OOS,608.0,-0.1696,-62.2,-0.74,-1.02,92.1
score_B,7,base,long_short,IS,711.0,0.0571,20.5,0.99,1.54,19.0
score_B,7,base,long_short,OOS,608.0,-0.1444,-43.2,-1.92,-2.39,70.1
score_B,7,base,long_minus_EW,IS,711.0,-0.0092,-4.8,-0.19,-0.3,30.6
score_B,7,base,long_minus_EW,OOS,608.0,-0.0045,-3.2,-0.09,-0.12,29.9
score_B,7,base,turnover/day,all,,0.179,,,,
score_B,7,base,funding_long/day,all,,0.0023,,,,
score_B,7,harsh,long,IS,711.0,0.1367,31.9,0.75,1.05,60.8
score_B,7,harsh,long,OOS,608.0,-0.1264,-52.3,-0.63,-0.9,77.9
score_B,7,harsh,short,IS,711.0,-0.0361,-40.8,-0.15,-0.23,81.2
score_B,7,harsh,short,OOS,608.0,-0.1762,-63.1,-0.77,-1.06,92.3
score_B,7,harsh,long_short,IS,711.0,0.0503,17.5,0.87,1.36,20.5
score_B,7,harsh,long_short,OOS,608.0,-0.1513,-44.6,-2.01,-2.5,71.0
score_B,7,harsh,long_minus_EW,IS,711.0,-0.0163,-7.2,-0.34,-0.52,31.9
score_B,7,harsh,long_minus_EW,OOS,608.0,-0.0118,-5.7,-0.24,-0.31,30.9
score_B,7,extreme,long,IS,711.0,0.1121,20.6,0.62,0.86,62.2
score_B,7,extreme,long,OOS,608.0,-0.1519,-56.6,-0.75,-1.08,81.0
score_B,7,extreme,short,IS,711.0,-0.0588,-45.6,-0.24,-0.37,83.1
score_B,7,extreme,short,OOS,608.0,-0.199,-66.1,-0.87,-1.2,93.1
score_B,7,extreme,long_short,IS,711.0,0.0267,7.8,0.46,0.72,25.5
score_B,7,extreme,long_short,OOS,608.0,-0.1754,-49.3,-2.33,-2.91,74.1
score_B,7,extreme,long_minus_EW,IS,711.0,-0.0409,-15.2,-0.86,-1.32,37.8
score_B,7,extreme,long_minus_EW,OOS,608.0,-0.0373,-14.1,-0.77,-0.98,38.8
score_C,1,base,long,IS,711.0,0.7778,986.4,3.0,4.01,51.0
score_C,1,base,long,OOS,608.0,0.1797,30.9,0.75,0.98,61.5
score_C,1,base,short,IS,711.0,-0.0969,-41.7,-0.58,-0.82,72.6
score_C,1,base,short,OOS,608.0,0.0747,2.0,0.38,0.52,60.2
score_C,1,base,long_short,IS,711.0,0.3405,234.9,4.89,6.16,17.7
score_C,1,base,long_short,OOS,608.0,0.1272,51.9,1.52,1.95,31.2
score_C,1,base,long_minus_EW,IS,711.0,0.6248,806.0,6.06,7.59,15.7
score_C,1,base,long_minus_EW,OOS,608.0,0.2943,158.9,2.16,2.8,44.5
score_C,1,base,turnover/day,all,,0.805,,,,
score_C,1,base,funding_long/day,all,,0.0815,,,,
score_C,1,harsh,long,IS,711.0,0.7465,869.7,2.88,3.85,51.5
score_C,1,harsh,long,OOS,608.0,0.1465,15.9,0.61,0.8,62.8
score_C,1,harsh,short,IS,711.0,-0.1265,-47.7,-0.75,-1.07,77.3
score_C,1,harsh,short,OOS,608.0,0.0442,-8.7,0.23,0.31,62.3
score_C,1,harsh,long_short,IS,711.0,0.31,199.7,4.45,5.61,19.8
score_C,1,harsh,long_short,OOS,608.0,0.0953,35.2,1.14,1.46,32.8
score_C,1,harsh,long_minus_EW,IS,711.0,0.5935,708.8,5.75,7.2,16.4
score_C,1,harsh,long_minus_EW,OOS,608.0,0.2611,129.3,1.91,2.48,45.9
score_C,1,extreme,long,IS,711.0,0.6371,551.3,2.45,3.28,55.9
score_C,1,extreme,long,OOS,608.0,0.03,-24.3,0.12,0.16,66.7
score_C,1,extreme,short,IS,711.0,-0.2305,-64.2,-1.37,-1.96,88.7
score_C,1,extreme,short,OOS,608.0,-0.0626,-38.2,-0.32,-0.44,70.7
score_C,1,extreme,long_short,IS,711.0,0.2033,103.2,2.92,3.66,28.1
score_C,1,extreme,long_short,OOS,608.0,-0.0163,-10.0,-0.19,-0.25,38.3
score_C,1,extreme,long_minus_EW,IS,711.0,0.4841,443.4,4.68,5.85,23.3
score_C,1,extreme,long_minus_EW,OOS,608.0,0.1446,50.0,1.06,1.37,50.6
score_C,7,base,long,IS,711.0,0.8882,1524.7,3.43,4.14,49.8
score_C,7,base,long,OOS,608.0,0.1369,17.0,0.61,0.84,67.7
score_C,7,base,short,IS,711.0,-0.0526,-31.1,-0.32,-0.47,66.9
score_C,7,base,short,OOS,608.0,0.147,33.1,0.75,1.12,53.3
score_C,7,base,long_short,IS,711.0,0.4178,344.6,6.22,6.47,11.3
score_C,7,base,long_short,OOS,608.0,0.142,62.8,2.08,2.49,16.1
score_C,7,base,long_minus_EW,IS,711.0,0.7352,1263.7,7.59,7.7,10.9
score_C,7,base,long_minus_EW,OOS,608.0,0.2515,132.5,2.38,3.0,19.8
score_C,7,base,turnover/day,all,,0.176,,,,
score_C,7,base,funding_long/day,all,,0.0596,,,,
score_C,7,harsh,long,IS,711.0,0.8813,1485.0,3.4,4.11,49.9
score_C,7,harsh,long,OOS,608.0,0.1296,13.9,0.57,0.8,67.9
score_C,7,harsh,short,IS,711.0,-0.0591,-32.8,-0.36,-0.53,67.9
score_C,7,harsh,short,OOS,608.0,0.1407,30.1,0.72,1.07,53.8
score_C,7,harsh,long_short,IS,711.0,0.4111,334.0,6.12,6.37,11.5
score_C,7,harsh,long_short,OOS,608.0,0.1352,58.8,1.98,2.37,16.4
score_C,7,harsh,long_minus_EW,IS,711.0,0.7283,1230.3,7.52,7.62,11.1
score_C,7,harsh,long_minus_EW,OOS,608.0,0.2442,126.4,2.31,2.91,19.9
score_C,7,extreme,long,IS,711.0,0.8574,1353.4,3.31,4.0,50.3
score_C,7,extreme,long,OOS,608.0,0.104,3.7,0.46,0.64,68.7
score_C,7,extreme,short,IS,711.0,-0.0817,-38.1,-0.49,-0.73,71.6
score_C,7,extreme,short,OOS,608.0,0.1186,20.0,0.61,0.9,55.5
score_C,7,extreme,long_short,IS,711.0,0.3879,298.8,5.77,6.01,12.1
score_C,7,extreme,long_short,OOS,608.0,0.1113,45.5,1.63,1.95,17.4
score_C,7,extreme,long_minus_EW,IS,711.0,0.7044,1119.9,7.28,7.38,11.7
score_C,7,extreme,long_minus_EW,OOS,608.0,0.2186,106.2,2.07,2.61,20.3
pr_vol30,1,base,long,IS,711.0,0.1062,-2.4,0.43,0.62,68.8
pr_vol30,1,base,long,OOS,608.0,0.1164,0.2,0.46,0.62,71.6
pr_vol30,1,base,short,IS,711.0,-0.1232,-45.1,-0.82,-1.14,75.8
pr_vol30,1,base,short,OOS,608.0,0.1047,25.1,0.67,0.92,39.3
pr_vol30,1,base,long_short,IS,711.0,-0.0085,-6.5,-0.11,-0.17,28.2
pr_vol30,1,base,long_short,OOS,608.0,0.1106,41.1,1.17,1.53,21.6
pr_vol30,1,base,long_minus_EW,IS,711.0,-0.0468,-21.0,-0.47,-0.68,43.6
pr_vol30,1,base,long_minus_EW,OOS,608.0,0.231,100.0,1.53,2.04,30.6
pr_vol30,1,base,turnover/day,all,,0.128,,,,
pr_vol30,1,base,funding_long/day,all,,0.0847,,,,
pr_vol30,1,harsh,long,IS,711.0,0.1008,-4.4,0.41,0.59,69.1
pr_vol30,1,harsh,long,OOS,608.0,0.1117,-1.5,0.44,0.59,71.7
pr_vol30,1,harsh,short,IS,711.0,-0.129,-46.3,-0.86,-1.2,76.5
pr_vol30,1,harsh,short,OOS,608.0,0.0986,22.3,0.63,0.87,39.8
pr_vol30,1,harsh,long_short,IS,711.0,-0.0141,-8.4,-0.19,-0.28,29.3
pr_vol30,1,harsh,long_short,OOS,608.0,0.1051,38.3,1.11,1.45,21.9
pr_vol30,1,harsh,long_minus_EW,IS,711.0,-0.0522,-22.6,-0.53,-0.76,45.3
pr_vol30,1,harsh,long_minus_EW,OOS,608.0,0.2263,96.5,1.49,2.0,30.9
pr_vol30,1,extreme,long,IS,711.0,0.0818,-10.8,0.33,0.48,70.1
pr_vol30,1,extreme,long,OOS,608.0,0.0951,-7.3,0.38,0.5,72.1
pr_vol30,1,extreme,short,IS,711.0,-0.1493,-50.1,-0.99,-1.38,79.2
pr_vol30,1,extreme,short,OOS,608.0,0.0772,13.1,0.5,0.68,41.6
pr_vol30,1,extreme,long_short,IS,711.0,-0.0337,-14.7,-0.46,-0.68,34.0
pr_vol30,1,extreme,long_short,OOS,608.0,0.0861,29.1,0.91,1.19,22.6
pr_vol30,1,extreme,long_minus_EW,IS,711.0,-0.0712,-27.8,-0.72,-1.04,52.1
pr_vol30,1,extreme,long_minus_EW,OOS,608.0,0.2097,85.0,1.38,1.85,31.8
pr_vol30,7,base,long,IS,711.0,0.1248,6.0,0.51,0.77,69.5
pr_vol30,7,base,long,OOS,608.0,0.1237,5.2,0.5,0.69,72.4
pr_vol30,7,base,short,IS,711.0,-0.1229,-45.1,-0.81,-1.13,75.8
pr_vol30,7,base,short,OOS,608.0,0.1084,26.8,0.7,1.01,37.4
pr_vol30,7,base,long_short,IS,711.0,0.001,-2.8,0.01,0.02,23.1
pr_vol30,7,base,long_short,OOS,608.0,0.1161,45.0,1.3,1.64,24.5
pr_vol30,7,base,long_minus_EW,IS,711.0,-0.0282,-14.2,-0.32,-0.48,37.0
pr_vol30,7,base,long_minus_EW,OOS,608.0,0.2383,110.2,1.71,2.26,30.2
pr_vol30,7,base,turnover/day,all,,0.076,,,,
pr_vol30,7,base,funding_long/day,all,,0.0633,,,,
pr_vol30,7,harsh,long,IS,711.0,0.1217,4.8,0.5,0.75,69.6
pr_vol30,7,harsh,long,OOS,608.0,0.1208,4.1,0.49,0.67,72.4
pr_vol30,7,harsh,short,IS,711.0,-0.1256,-45.7,-0.83,-1.16,76.2
pr_vol30,7,harsh,short,OOS,608.0,0.1054,25.4,0.68,0.99,37.7
pr_vol30,7,harsh,long_short,IS,711.0,-0.0019,-3.8,-0.03,-0.04,23.5
pr_vol30,7,harsh,long_short,OOS,608.0,0.1131,43.4,1.27,1.6,24.6
pr_vol30,7,harsh,long_minus_EW,IS,711.0,-0.0313,-15.2,-0.36,-0.53,37.8
pr_vol30,7,harsh,long_minus_EW,OOS,608.0,0.2354,107.9,1.69,2.23,30.4
pr_vol30,7,extreme,long,IS,711.0,0.1108,0.7,0.46,0.69,70.2
pr_vol30,7,extreme,long,OOS,608.0,0.1104,0.2,0.45,0.62,72.7
pr_vol30,7,extreme,short,IS,711.0,-0.135,-47.5,-0.89,-1.25,77.4
pr_vol30,7,extreme,short,OOS,608.0,0.0949,20.7,0.61,0.89,38.6
pr_vol30,7,extreme,long_short,IS,711.0,-0.0121,-7.3,-0.17,-0.27,25.0
pr_vol30,7,extreme,long_short,OOS,608.0,0.1026,38.0,1.15,1.45,25.0
pr_vol30,7,extreme,long_minus_EW,IS,711.0,-0.0422,-18.5,-0.48,-0.72,40.2
pr_vol30,7,extreme,long_minus_EW,OOS,608.0,0.225,100.2,1.62,2.13,30.9
