period,signal,n,P_pump40,P_dump30,mean_fwd7_exec,median_fwd7_exec
IS,rvol7>=p90,16159,0.0479,0.0261,0.0072,-0.014
IS,rs7>=p90,16253,0.0524,0.0291,0.0066,-0.0158
IS,age<90,11118,0.0425,0.0261,0.0099,-0.0103
IS,ret1>=+15%,2101,0.0966,0.0533,0.0186,-0.0214
IS,rvol1>=p90&tshare1>=p80,6138,0.0613,0.0373,0.0038,-0.0218
IS,POSTHOC_vol30>=p90,16251,0.0531,0.033,0.0097,-0.0151
IS,score_A_top10%,16165,0.0571,0.0345,0.0073,-0.0208
IS,score_C_top10%,16165,0.1662,0.0331,0.0707,0.006
IS,ALL,158637,0.0254,0.0148,0.0115,-0.0002
OOS,rvol7>=p90,22639,0.0812,0.0801,-0.0108,-0.05
OOS,rs7>=p90,22639,0.0904,0.0885,-0.0013,-0.0442
OOS,age<90,18633,0.07,0.0786,-0.0061,-0.0415
OOS,ret1>=+15%,4677,0.1477,0.1642,-0.0022,-0.0793
OOS,rvol1>=p90&tshare1>=p80,5945,0.1122,0.125,-0.0154,-0.0537
OOS,POSTHOC_vol30>=p90,22639,0.1029,0.1183,-0.0009,-0.0492
OOS,score_A_top10%,22583,0.1089,0.1132,-0.0012,-0.051
OOS,score_C_top10%,22583,0.0996,0.1063,0.0029,-0.043
OOS,ALL,223221,0.0356,0.0341,-0.0107,-0.0268
