score,hold,variant,period,gross_pct_day,funding_pct_day,cost_pct_day,net_pct_day,net_ex_funding_t,net_t_nw,sharpe
score_A,7,L1,IS,-0.0246,0.0138,-0.019,-0.0298,-1.35,-0.91,-0.52
score_A,7,L1,OOS,0.0811,0.0517,-0.0188,0.1139,1.15,2.04,1.54
score_A,7,L2_min10M,IS,-0.016,0.0111,-0.0194,-0.0244,-0.93,-0.63,-0.38
score_A,7,L2_min10M,OOS,0.0888,0.0914,-0.0189,0.1613,0.96,2.17,1.54
score_A,7,L1_clip50%,IS,-0.0293,0.0138,-0.019,-0.0346,-1.52,-1.07,-0.61
score_A,7,L1_clip50%,OOS,-0.0263,0.0517,-0.0188,0.0066,-0.93,0.13,0.1
score_A,7,L1_extreme_cost,IS,-0.0246,0.0138,-0.0432,-0.054,-2.09,-1.64,-0.95
score_A,7,L1_extreme_cost,OOS,0.0811,0.0517,-0.0427,0.09,0.71,1.61,1.22
score_C,7,L1,IS,0.4061,0.0233,-0.0183,0.4111,6.01,6.37,6.12
score_C,7,L1,OOS,0.1104,0.0435,-0.0188,0.1352,1.67,2.37,1.98
score_C,7,L2_min10M,IS,0.4375,0.0191,-0.0186,0.438,5.44,5.7,5.79
score_C,7,L2_min10M,OOS,0.0708,0.0666,-0.0177,0.1197,0.8,1.74,1.26
score_C,7,L1_clip50%,IS,0.3779,0.0233,-0.0183,0.3829,5.89,6.27,5.92
score_C,7,L1_clip50%,OOS,0.0006,0.0435,-0.0188,0.0253,-0.4,0.53,0.44
score_C,7,L1_extreme_cost,IS,0.4061,0.0233,-0.0415,0.3879,5.65,6.01,5.77
score_C,7,L1_extreme_cost,OOS,0.1104,0.0435,-0.0426,0.1113,1.23,1.95,1.63
pr_vol30,7,L1,IS,-0.0067,0.0127,-0.008,-0.0019,-0.33,-0.04,-0.03
pr_vol30,7,L1,OOS,0.0602,0.0612,-0.0082,0.1131,0.76,1.6,1.27
pr_vol30,7,L2_min10M,IS,0.0105,0.0127,-0.0087,0.0145,0.04,0.29,0.19
pr_vol30,7,L2_min10M,OOS,-0.0642,0.0967,-0.0086,0.0239,-0.88,0.27,0.19
pr_vol30,7,L1_clip50%,IS,-0.0098,0.0127,-0.008,-0.0051,-0.41,-0.11,-0.07
pr_vol30,7,L1_clip50%,OOS,-0.0789,0.0612,-0.0082,-0.0259,-1.56,-0.45,-0.34
pr_vol30,7,L1_extreme_cost,IS,-0.0067,0.0127,-0.0181,-0.0121,-0.56,-0.27,-0.17
pr_vol30,7,L1_extreme_cost,OOS,0.0602,0.0612,-0.0187,0.1026,0.61,1.45,1.15
