feature,event_median,panel_median,event_mean,panel_mean
rvol1,0.8971967091254998,0.8860223661319651,1.9308497901249213,1.9524714575230597
rvol7,0.9878600985434847,0.9746824478797802,2.229069843824696,inf
tshare1,0.48388842292994816,0.4874276139261461,0.48294696131574283,0.4869340196556364
tshare7,0.4860597770002229,0.4876743982889451,0.48578441135684003,0.48738610776842556
fund1,0.00030000000000000003,0.00030000000000000003,-0.0002497824200477327,-8.373206803800377e-05
fund7,0.0002784728571428574,0.0002256671428571429,-3.572173474258442e-05,-9.077552789038483e-05
vcomp,0.8357816013563233,0.8277422686196143,0.9066806571893924,0.899207415676043
rcomp,0.2971579142999715,0.2800460129598319,0.3335739965303116,0.32187878792631663
ret1,-0.0290089824768075,-0.0020006739859425027,-0.04139234489577109,-0.00014704745889024671
ret7,-0.06051454138702461,-0.015294033573133803,-0.06284041996483627,-0.0006595832888073946
rs7,-0.06007905308860294,-0.024198994385102264,-0.08134978136737944,-0.020159569437115776
rs30,-0.15065681753782856,-0.08593290230943954,-0.16993761224000825,-0.08241713737051584
age,336.0,667.0,630.7661097852028,883.3755855123397
med30qv,12329907.981200501,13284531.216049999,59921297.90951841,143109771.90860665
dist_hi90,-0.47370370370370374,-0.4007841429254629,-0.47571960296808113,-0.4093555132185633
dist_lo90,0.34418604651162776,0.3574811845371896,0.8861128990726882,0.8077618372383202
h_rvol_max,3.2073493131636113,3.116097851741767,9.195058475955113,inf
ann14,0.0,0.0,0.006682577565632458,0.007658212908809568
