rule,k,hold_h,costs,period,label,n,trades_per_month,win_pct,avg_R,t_stat,t_stat_day_cluster,sum_R,pf,ret_pct@0.5%,max_dd_pct,median_stop_pct,avg_R_with_funding,t_day_cluster_with_funding
L_fundneg,2.0,72,base,IS,L_fundneg_k2_h72_base IS,9513,412.5,51.6,0.028,4.54,1.15,267.5,1.14,264.8,78.6,15.544,0.034,1.38
L_fundneg,2.0,72,base,OOS,L_fundneg_k2_h72_base OOS,24277,1217.4,44.8,-0.026,-5.73,-1.4,-622.2,0.88,-96.1,99.1,17.963,-0.012,-0.63
L_fundneg,2.0,72,harsh,IS,L_fundneg_k2_h72_harsh IS,9513,412.5,51.0,0.022,3.62,0.92,212.9,1.11,177.7,79.2,15.569,0.028,1.15
L_fundneg,2.0,72,harsh,OOS,L_fundneg_k2_h72_harsh OOS,24277,1217.4,44.3,-0.029,-6.61,-1.59,-705.7,0.86,-97.4,99.2,17.987,-0.015,-0.83
L_fundneg,2.0,168,base,IS,L_fundneg_k2_h168_base IS,6992,301.5,51.2,0.065,6.16,1.72,456.8,1.23,816.7,84.3,15.65,0.072,1.88
L_fundneg,2.0,168,base,OOS,L_fundneg_k2_h168_base OOS,16101,807.4,39.7,-0.068,-8.98,-2.32,-1088.7,0.8,-99.6,99.9,18.015,-0.044,-1.51
L_fundneg,2.0,168,harsh,IS,L_fundneg_k2_h168_harsh IS,6992,301.5,50.8,0.06,5.63,1.57,416.6,1.21,650.0,84.7,15.676,0.066,1.74
L_fundneg,2.0,168,harsh,OOS,L_fundneg_k2_h168_harsh OOS,16101,807.4,39.5,-0.071,-9.52,-2.44,-1142.4,0.79,-99.7,99.9,18.04,-0.047,-1.63
L_fundneg,3.0,72,base,IS,L_fundneg_k3_h72_base IS,9275,402.2,51.7,0.022,5.11,1.39,201.3,1.17,168.4,55.0,23.272,0.026,1.65
L_fundneg,3.0,72,base,OOS,L_fundneg_k3_h72_base OOS,23818,1194.4,44.8,-0.015,-4.82,-1.22,-361.0,0.89,-84.7,95.5,26.875,-0.005,-0.44
L_fundneg,3.0,72,harsh,IS,L_fundneg_k3_h72_harsh IS,9275,402.2,51.1,0.018,4.21,1.15,165.8,1.14,124.7,56.0,23.295,0.022,1.41
L_fundneg,3.0,72,harsh,OOS,L_fundneg_k3_h72_harsh OOS,23818,1194.4,44.3,-0.017,-5.68,-1.41,-415.7,0.88,-88.3,96.0,26.897,-0.008,-0.63
L_fundneg,3.0,168,base,IS,L_fundneg_k3_h168_base IS,6613,285.1,52.7,0.05,6.6,1.97,327.7,1.27,399.0,63.7,23.357,0.054,2.16
L_fundneg,3.0,168,base,OOS,L_fundneg_k3_h168_base OOS,15205,762.5,40.4,-0.041,-7.67,-2.15,-627.6,0.82,-96.0,98.2,26.86,-0.024,-1.26
L_fundneg,3.0,168,harsh,IS,L_fundneg_k3_h168_harsh IS,6613,285.1,52.3,0.046,6.11,1.82,302.3,1.25,339.7,64.2,23.38,0.05,2.01
L_fundneg,3.0,168,harsh,OOS,L_fundneg_k3_h168_harsh OOS,15205,762.5,40.1,-0.044,-8.21,-2.28,-664.8,0.81,-96.7,98.3,26.882,-0.027,-1.4
S_pump20,2.0,72,base,IS,S_pump20_k2_h72_base IS,984,42.7,53.0,-0.033,-1.27,-1.03,-32.4,0.91,-15.7,30.2,19.145,-0.041,-1.29
S_pump20,2.0,72,base,OOS,S_pump20_k2_h72_base OOS,2445,122.6,53.6,-0.011,-0.59,-0.37,-25.8,0.97,-14.2,37.8,23.628,-0.037,-1.32
S_pump20,2.0,72,harsh,IS,S_pump20_k2_h72_harsh IS,984,42.7,52.8,-0.037,-1.44,-1.17,-36.6,0.9,-17.4,31.3,19.181,-0.045,-1.43
S_pump20,2.0,72,harsh,OOS,S_pump20_k2_h72_harsh OOS,2445,122.6,53.5,-0.014,-0.78,-0.49,-34.2,0.96,-17.7,39.8,23.665,-0.041,-1.44
S_pump20,2.0,168,base,IS,S_pump20_k2_h168_base IS,965,41.6,43.3,-0.109,-3.45,-2.32,-105.0,0.78,-41.5,55.2,19.002,-0.114,-2.43
S_pump20,2.0,168,base,OOS,S_pump20_k2_h168_base OOS,2339,117.3,49.5,0.001,0.07,0.04,3.5,1.0,-1.4,38.8,23.216,-0.035,-1.01
S_pump20,2.0,168,harsh,IS,S_pump20_k2_h168_harsh IS,965,41.6,43.3,-0.113,-3.59,-2.42,-109.0,0.77,-42.7,55.9,19.038,-0.118,-2.52
S_pump20,2.0,168,harsh,OOS,S_pump20_k2_h168_harsh OOS,2339,117.3,49.3,-0.002,-0.09,-0.06,-4.8,1.0,-5.4,40.7,23.253,-0.038,-1.11
S_pump20,3.0,72,base,IS,S_pump20_k3_h72_base IS,963,41.8,58.2,0.008,0.39,0.31,7.4,1.03,3.3,17.2,28.489,0.001,0.05
S_pump20,3.0,72,base,OOS,S_pump20_k3_h72_base OOS,2362,118.5,58.7,-0.001,-0.08,-0.05,-2.7,1.0,-2.7,25.8,35.167,-0.022,-1.04
S_pump20,3.0,72,harsh,IS,S_pump20_k3_h72_harsh IS,963,41.8,57.9,0.005,0.24,0.2,4.6,1.02,1.9,17.5,28.527,-0.002,-0.07
S_pump20,3.0,72,harsh,OOS,S_pump20_k3_h72_harsh OOS,2362,118.5,58.5,-0.003,-0.25,-0.16,-8.2,0.99,-5.3,26.1,35.207,-0.024,-1.14
S_pump20,3.0,168,base,IS,S_pump20_k3_h168_base IS,927,40.0,51.0,-0.043,-1.73,-1.17,-40.0,0.87,-18.7,38.1,28.101,-0.048,-1.3
S_pump20,3.0,168,base,OOS,S_pump20_k3_h168_base OOS,2225,111.6,56.6,0.008,0.47,0.3,18.3,1.02,7.5,33.0,34.424,-0.021,-0.78
S_pump20,3.0,168,harsh,IS,S_pump20_k3_h168_harsh IS,927,40.0,50.9,-0.046,-1.85,-1.25,-42.7,0.87,-19.8,38.6,28.14,-0.051,-1.38
S_pump20,3.0,168,harsh,OOS,S_pump20_k3_h168_harsh OOS,2225,111.6,56.5,0.006,0.34,0.21,13.0,1.02,4.7,33.2,34.464,-0.024,-0.87
