lag,feature,mean_pct,se,z,n,label
0,rvol1,0.47247828139838244,0.0070955495490166625,-3.8787296757629806,2095,all
0,rvol3,0.4753724121692877,0.007595425836279711,-3.242423579870676,2087,all
0,rvol7,0.47869307146841855,0.007651112137379393,-2.784814566693745,2086,all
0,tshare1,0.4573833643452005,0.006567512913229383,-6.489006754589542,2095,all
0,tshare7,0.47484636427707017,0.007565211847504173,-3.324908307918466,2095,all
0,tshare_z,0.4625044992816779,0.005848591051519817,-6.411031372860047,2095,all
0,fund1,0.556997508289648,0.00931110876868686,6.1214523109567685,2095,all
0,fund7,0.5709214451826399,0.009757934626341247,7.268079557654506,2095,all
0,vcomp,0.4872382712073701,0.0069133074678134725,-1.8459657482391902,2082,all
0,rcomp,0.4658100817502939,0.009256563180586656,-3.6935866565909627,2084,all
0,rs1,0.39111122725318465,0.007685279201080087,-14.168486257664153,2095,all
0,rs3,0.40771776437647633,0.008499363835942459,-10.857546212256118,2095,all
0,rs7,0.42917378724992566,0.008777990554940916,-8.068613460766143,2095,all
0,rs14,0.426540234372256,0.009126801571839137,-8.04879618007748,2095,all
0,rs30,0.4322331394310824,0.009236234142968482,-7.3370661159026955,2082,all
0,age,0.3911558067334525,0.01111916054423629,-9.788885845610691,2095,all
0,size,0.4979587520308346,0.009599400500222679,-0.21264327591270224,2095,all
0,dist_hi90,0.4008419746055212,0.010432738388360306,-9.504506075328061,2095,all
0,dist_lo90,0.49894519139568855,0.01122939558203371,-0.09393280311534098,2095,all
0,h_rvol_max,0.47927388377565777,0.006696061246767013,-3.095269810196135,2095,all
0,h_tshare_max,0.4858645854652995,0.006899768062010571,-2.0486796668613674,2095,all
0,ret1,0.39111122725318465,0.007643965547334365,-14.24506325578449,2095,all
0,ret7,0.42917378724992566,0.008430824428501354,-8.40086439359813,2095,all
0,ann14,0.501264343674057,0.0007776968134797887,1.6257539598236919,2095,all
1,rvol1,0.4758420426843747,0.006555204548740364,-3.685309456936391,2012,all
1,rvol3,0.47776474374379263,0.007322334316380205,-3.036634943923097,2012,all
1,rvol7,0.47639988061440913,0.007489823741608589,-3.150957912999201,2010,all
1,tshare1,0.48527933820968727,0.0066020542232975285,-2.2297093135597117,2012,all
1,tshare7,0.48245812362423246,0.006871527125513673,-2.5528352075676652,2012,all
1,tshare_z,0.4902689015097712,0.006422209122853421,-1.5152260389031396,2012,all
1,fund1,0.5589732878967634,0.009624910170565866,6.12715203068708,2012,all
1,fund7,0.5705788741211292,0.01064832189685971,6.628168720363679,2012,all
1,vcomp,0.4741834136092071,0.007379621664510275,-3.4983617811938474,2004,all
1,rcomp,0.45530564288622144,0.009905707143578453,-4.511980463984589,2007,all
1,rs1,0.47169589078082436,0.006932205014900925,-4.0829879033201335,2012,all
1,rs3,0.46211559306464406,0.007961854298015792,-4.758239163557324,2012,all
1,rs7,0.4690221070920629,0.007719031060955192,-4.013184124187701,2012,all
1,rs14,0.4532551724331457,0.009236997728351612,-5.060608321184043,2012,all
1,rs30,0.4492392692332544,0.008391194499558597,-6.049285446716288,2004,all
1,age,0.3981617000833093,0.011430760271574535,-8.90914492975041,2012,all
1,size,0.5017066351780108,0.009096929411371833,0.18760563051939486,2012,all
1,dist_hi90,0.4168379799559881,0.010566395284439487,-7.870424852123388,2012,all
1,dist_lo90,0.5156047145992265,0.010577374328537151,1.4752918932939618,2012,all
1,h_rvol_max,0.4802481829312312,0.006798895764509982,-2.905150741076606,2012,all
1,h_tshare_max,0.4914536202172166,0.006996927536611659,-1.2214475193667744,2012,all
1,ret1,0.47169589078082436,0.007114830877928483,-3.9781844016813115,2012,all
1,ret7,0.4690221070920629,0.008201320952889954,-3.777183344717321,2012,all
1,ann14,0.5007670481012197,0.0006205867980649809,1.2360045421711188,2012,all
2,rvol1,0.4758650564886888,0.007121901978528865,-3.388833991828769,1992,all
2,rvol3,0.4838342236870106,0.00708525276113631,-2.2816089782514353,1991,all
2,rvol7,0.47509748795117174,0.0071794458171780574,-3.4685841613630854,1989,all
2,tshare1,0.4781237090249599,0.007005340945179711,-3.1228017517252935,1992,all
2,tshare7,0.4822960243966377,0.00746469089487469,-2.371695741014268,1992,all
2,tshare_z,0.4880385393510116,0.007141224405715712,-1.6749873648298537,1991,all
2,fund1,0.560957127263532,0.010085711309779805,6.043909585675302,1992,all
2,fund7,0.5700760894673146,0.010451392772367405,6.704952248334769,1992,all
2,vcomp,0.4774269982726985,0.0073987865664286185,-3.05090591877925,1984,all
2,rcomp,0.4567860750702441,0.009141693164198723,-4.727124850240325,1984,all
2,rs1,0.48625602693126196,0.007871677786197925,-1.746003004954865,1992,all
2,rs3,0.47119445241621666,0.007882115104808572,-3.6545454108136783,1992,all
2,rs7,0.4806011276671742,0.008108223779551104,-2.3924934560574944,1992,all
2,rs14,0.4604746338332497,0.009399099883540324,-4.20522886834802,1992,all
2,rs30,0.4575706376765167,0.009554990766980803,-4.440544565475305,1984,all
2,age,0.4001477419305437,0.010562832514314197,-9.453170627683603,1992,all
2,size,0.5029430551851911,0.00990537264954724,0.29711705852133036,1992,all
2,dist_hi90,0.41949112893095547,0.011055295338815304,-7.282380850231717,1992,all
2,dist_lo90,0.5203063206620754,0.010318804827579868,1.9678946352198763,1992,all
2,h_rvol_max,0.4778467546194726,0.00739013324912263,-2.9976787472888193,1992,all
2,h_tshare_max,0.4920232964842437,0.008673965237389404,-0.9196144205619439,1992,all
2,ret1,0.48625602693126196,0.007901492047137438,-1.7394149088231026,1992,all
2,ret7,0.4806011276671742,0.007987258297853395,-2.4287273065952175,1992,all
2,ann14,0.5005162407594729,0.000615535227311059,0.8386859704651701,1992,all
3,rvol1,0.4885002054108183,0.00717699269319972,-1.6023138215088186,1976,all
3,rvol3,0.4852222390011673,0.007348168736750175,-2.011080791452861,1975,all
3,rvol7,0.4741227141229741,0.006953812604808304,-3.721309064200657,1973,all
3,tshare1,0.48417268265961516,0.0070104531157184746,-2.2576739447693686,1976,all
3,tshare7,0.4846140563719464,0.0076962598080283435,-1.9991455605492676,1976,all
3,tshare_z,0.4933910186714945,0.006320636549741182,-1.0456195790558689,1974,all
3,fund1,0.559834250156327,0.009369593464225437,6.386002806288608,1976,all
3,fund7,0.5693370082220809,0.010523099825380501,6.589028838712338,1976,all
3,vcomp,0.4764917274423334,0.006922003264582012,-3.3961660604744215,1968,all
3,rcomp,0.4566537074118113,0.00909571607592036,-4.765572300892498,1968,all
3,rs1,0.4771001506278712,0.007402461459637993,-3.0935452345129377,1976,all
3,rs3,0.4853656563102367,0.008043717989952822,-1.8193506669481248,1976,all
3,rs7,0.47950285534656495,0.007535166718502386,-2.72019789596757,1976,all
3,rs14,0.4616794550078186,0.009448605325387606,-4.055682682524301,1976,all
3,rs30,0.4627703936236414,0.009059448427773143,-4.109478261637371,1968,all
3,age,0.40143852389704443,0.010761618045215242,-9.158611250543064,1976,all
3,size,0.5047707721135909,0.00955096281860076,0.49950692974112354,1976,all
3,dist_hi90,0.422085111222979,0.011646577898090314,-6.689938405838225,1976,all
3,dist_lo90,0.5236596574840552,0.011154128335441505,2.1211570077491566,1976,all
3,h_rvol_max,0.4923560973117129,0.006658823415504372,-1.1479359357223753,1976,all
3,h_tshare_max,0.4995206797319438,0.00848422335959063,-0.05649547963802325,1976,all
3,ret1,0.4771001506278712,0.007867042838910005,-2.9108586086333834,1976,all
3,ret7,0.47950285534656495,0.007455994014211874,-2.7490827667465174,1976,all
3,ann14,0.5007955507761408,0.0006392286228131412,1.2445481127545681,1976,all
4,rvol1,0.4899877188098139,0.006766426921044195,-1.4796998928706386,1958,all
4,rvol3,0.483094384558338,0.0070949468977062604,-2.382768424542751,1958,all
4,rvol7,0.47166174449233117,0.0071232814547037135,-3.9782585719614154,1954,all
4,tshare1,0.4847423468123476,0.007137990759284724,-2.1375277304479585,1958,all
4,tshare7,0.487798726589604,0.007415707626936482,-1.645328271313806,1958,all
4,tshare_z,0.49167234767797924,0.0075028174083874005,-1.1099366902773455,1956,all
4,fund1,0.5682447443047238,0.009405880966963683,7.255539863243023,1958,all
4,fund7,0.5700537830750935,0.011002138162124404,6.367288070991355,1958,all
4,vcomp,0.48183561985270573,0.007431908091181986,-2.4441072096742475,1950,all
4,rcomp,0.45251926523615355,0.009361465803240349,-5.071933793467645,1951,all
4,rs1,0.4898047357595809,0.007755733807826855,-1.3145454051208352,1958,all
4,rs3,0.4976210904510567,0.008131275941989112,-0.2925628850767275,1958,all
4,rs7,0.47510358301097166,0.008417279852392339,-2.9577746523364477,1958,all
4,rs14,0.46050446210534757,0.009325692263046102,-4.235132018151303,1958,all
4,rs30,0.46543785355867434,0.00958574088923511,-3.6055790408584194,1950,all
4,age,0.40278774483066226,0.011299801124628483,-8.603005849143553,1958,all
4,size,0.5059224643638993,0.008777563778096225,0.6747275797275774,1958,all
4,dist_hi90,0.4238692673698675,0.01162402464270183,-6.549429734556812,1958,all
4,dist_lo90,0.5250942444149262,0.01067923700044555,2.349816228807291,1958,all
4,h_rvol_max,0.49385093132308044,0.006789980654349842,-0.9056091600173115,1958,all
4,h_tshare_max,0.4816754942962264,0.00770827977616941,-2.377249689408634,1958,all
4,ret1,0.4898047357595809,0.008034059192238015,-1.2690053678306368,1958,all
4,ret7,0.47510358301097166,0.00859960809434503,-2.895064137329681,1958,all
4,ann14,0.5008019088751242,0.00061766616065038,1.2982885030966116,1958,all
5,rvol1,0.4789142146993678,0.007104910551138023,-2.9677763215829382,1946,all
5,rvol3,0.4755611117378403,0.007415873626256838,-3.2954833771210317,1945,all
5,rvol7,0.468915362317087,0.00724760350334876,-4.288953951268208,1939,all
5,tshare1,0.5002022796732936,0.0073519746093492246,0.027513652323598634,1946,all
5,tshare7,0.4902162439654275,0.00764098431493512,-1.2804313726242171,1946,all
5,tshare_z,0.5096628804828168,0.007300166527609504,1.323652062767534,1944,all
5,fund1,0.5633273917848309,0.010431933530278048,6.070532524102752,1946,all
5,fund7,0.5703320297834094,0.010105717867396542,6.959627282918443,1946,all
5,vcomp,0.4815418085461132,0.00782107267636569,-2.360058807491348,1938,all
5,rcomp,0.45876206593289687,0.008785625668220007,-4.6937959371831575,1938,all
5,rs1,0.49818526132822477,0.006579921182384048,-0.2757994543511705,1946,all
5,rs3,0.4953048458740801,0.006663088226340078,-0.7046513518100134,1946,all
5,rs7,0.47390758440916947,0.008999946932691738,-2.89917438246791,1946,all
5,rs14,0.46089829510213914,0.0091507978319067,-4.273037784915576,1946,all
5,rs30,0.46646211868692816,0.009594223911373436,-3.495632541295444,1938,all
5,age,0.4036062705057426,0.011724915253089002,-8.221273025309234,1946,all
5,size,0.5081879011474787,0.009152615636544013,0.8945968532521495,1946,all
5,dist_hi90,0.42221918585469703,0.0118358801939703,-6.571612154787425,1946,all
5,dist_lo90,0.5233634904134774,0.010310355151207947,2.2660218848756313,1946,all
5,h_rvol_max,0.4829432951338657,0.006526609076564274,-2.613409914097884,1946,all
5,h_tshare_max,0.49158114700445915,0.007032708921584974,-1.1970995941125169,1946,all
5,ret1,0.49818526132822477,0.007292298703508083,-0.24885687566558654,1946,all
5,ret7,0.47390758440916947,0.008429978845823206,-3.095193483641838,1946,all
5,ann14,0.5011013099943197,0.0006834830702675082,1.6113200783285466,1946,all
6,rvol1,0.47724781323630977,0.007525756394490982,-3.0232425248770114,1938,all
6,rvol3,0.4718367823681151,0.007533822093219649,-3.7382376811408196,1936,all
6,rvol7,0.46939501774739817,0.007098892914990132,-4.311233120304699,1931,all
6,tshare1,0.4944445744218355,0.007557992460146143,-0.735039841261908,1938,all
6,tshare7,0.48692852010120063,0.007520348444126541,-1.7381481717124834,1938,all
6,tshare_z,0.49979503910145995,0.007731242729545266,-0.026510731289910914,1936,all
6,fund1,0.5635772273119971,0.009975224242564832,6.373513593880885,1938,all
6,fund7,0.5735105459983385,0.009463267044233394,7.76798812236134,1938,all
6,vcomp,0.47664712023052325,0.007327727427729491,-3.1869198192477914,1929,all
6,rcomp,0.46180526568361757,0.008608049223597647,-4.437095249371649,1930,all
6,rs1,0.4955705997647807,0.0071299996897722945,-0.6212342816189904,1938,all
6,rs3,0.4874437874361524,0.00739317821956801,-1.6983511273425331,1938,all
6,rs7,0.4725407041817386,0.008488447894013117,-3.2349018526258937,1938,all
6,rs14,0.4551041288427448,0.009526378791771921,-4.712795086001875,1938,all
6,rs30,0.46227633787900735,0.009670189875062558,-3.901025999321302,1929,all
6,age,0.4037712905313001,0.010864478355945008,-8.857186356862115,1938,all
6,size,0.5101201282748853,0.008867200246689603,1.1412991692235033,1938,all
6,dist_hi90,0.4214892933159372,0.010874919175827193,-7.219428982844916,1938,all
6,dist_lo90,0.5253068086738013,0.010700079898035732,2.3651046454753115,1938,all
6,h_rvol_max,0.4826153563964266,0.00656636240874623,-2.6475303252250413,1938,all
6,h_tshare_max,0.4883136855463159,0.007311359260641611,-1.5983778169120615,1938,all
6,ret1,0.4955705997647807,0.007050479434905371,-0.628240997809359,1938,all
6,ret7,0.4725407041817386,0.008872180344767323,-3.0949884640765304,1938,all
6,ann14,0.5011757009056869,0.000713182122615572,1.6485282908873489,1938,all
7,rvol1,0.470423616485816,0.007770930908087677,-3.8060283721480634,1931,all
7,rvol3,0.4662442258250614,0.007158990722667598,-4.715158251016763,1930,all
7,rvol7,0.4690826077010457,0.00715536344971582,-4.320869584924047,1925,all
7,tshare1,0.48749248623017766,0.006624803374672271,-1.8879826407589175,1931,all
7,tshare7,0.4801259419182308,0.007730966651653664,-2.5707080339711577,1931,all
7,tshare_z,0.4940623821131832,0.006246438763491937,-0.9505604892054518,1930,all
7,fund1,0.564872588024871,0.009429979854359588,6.879398368478975,1931,all
7,fund7,0.5714475875316095,0.009433431523520467,7.57387037298872,1931,all
7,vcomp,0.4771600675191192,0.0070075448491336845,-3.259334470574869,1923,all
7,rcomp,0.46248322019435867,0.007896779275759408,-4.750896345907233,1923,all
7,rs1,0.49220477865364387,0.006385700564125802,-1.220730798144352,1931,all
7,rs3,0.4810678935135356,0.007301320360647294,-2.5929702507651586,1931,all
7,rs7,0.469394504848262,0.008680918474188679,-3.5256056421608535,1931,all
7,rs14,0.4567485560540715,0.009052739438223208,-4.777718859697735,1931,all
7,rs30,0.4635111735555325,0.009353338865484022,-3.901155188455716,1923,all
7,age,0.40413448406638774,0.01040480975976632,-9.213577004003318,1931,all
7,size,0.5104313264065737,0.009701887281441867,1.075185281375838,1931,all
7,dist_hi90,0.4226770693982019,0.012016195535733451,-6.434892838740614,1931,all
7,dist_lo90,0.5258938602735327,0.009586072717253294,2.70119589505389,1931,all
7,h_rvol_max,0.47083849233667346,0.007004988395941887,-4.162963022211473,1931,all
7,h_tshare_max,0.4966285234512719,0.007245411686737075,-0.465325739170858,1931,all
7,ret1,0.49220477865364387,0.006421832536382053,-1.2138624453679416,1931,all
7,ret7,0.469394504848262,0.009656143993010615,-3.1695359114250055,1931,all
7,ann14,0.5014958890428732,0.0007176860798992583,2.084322219379274,1931,all
8,rvol1,0.4680336012550088,0.0071764308741526315,-4.454358901459588,1924,all
8,rvol3,0.4679497182768487,0.007016406822523364,-4.567905273147316,1922,all
8,rvol7,0.47387317415125907,0.006897132601311754,-3.7880706895169616,1918,all
8,tshare1,0.4961544059442698,0.007035564331418339,-0.5465935459586582,1924,all
8,tshare7,0.47927822091804834,0.007882721656020998,-2.6287594546896003,1924,all
8,tshare_z,0.5045553034474726,0.006609636483548478,0.6891912223631079,1924,all
8,fund1,0.5606532485341564,0.009956974586640507,6.091533929948585,1924,all
8,fund7,0.5727351950619665,0.008647937143359033,8.410698858723972,1924,all
8,vcomp,0.48268013750314137,0.006977389162538777,-2.482284145744375,1917,all
8,rcomp,0.4670996061062108,0.008212363905702381,-4.006202631978386,1917,all
8,rs1,0.4950741841881418,0.007667564436881248,-0.6424224866197209,1924,all
8,rs3,0.4737361989648068,0.008365314794722797,-3.1396070177492374,1924,all
8,rs7,0.4700558387922995,0.009388963932797117,-3.1892934536792565,1924,all
8,rs14,0.4550847306587485,0.00875963000453667,-5.127530422859138,1924,all
8,rs30,0.46522600851389134,0.008812298304029667,-3.946075165227587,1917,all
8,age,0.40413442430195057,0.01102077959228249,-8.698620174309731,1924,all
8,size,0.5116058179886839,0.009653201415737014,1.2022765804682818,1924,all
8,dist_hi90,0.42465354716878956,0.012037915250522665,-6.259094806963277,1924,all
8,dist_lo90,0.5296695502786256,0.009213547671340767,3.220209124321822,1924,all
8,h_rvol_max,0.47182148522859896,0.006835950704342094,-4.122106198557352,1924,all
8,h_tshare_max,0.4879668288671564,0.006768667803087877,-1.7777754032121396,1924,all
8,ret1,0.4950741841881418,0.007402330630385664,-0.6654412046441588,1924,all
8,ret7,0.4700558387922995,0.00965439991200421,-3.1016077105391235,1924,all
8,ann14,0.5012729161278131,0.0008306142420174027,1.5324997615276101,1924,all
9,rvol1,0.4685110817454285,0.007421714427180253,-4.242809200425562,1916,all
9,rvol3,0.472473849788189,0.007087075376700732,-3.8839928671148574,1911,all
9,rvol7,0.47650799198399973,0.006971494411487143,-3.369723423616574,1910,all
9,tshare1,0.4847249134346914,0.007417042894699515,-2.0594577626380928,1916,all
9,tshare7,0.4755387484253047,0.007249339924192495,-3.3742729449150572,1916,all
9,tshare_z,0.49621219800462757,0.007328683973469877,-0.5168461362346122,1916,all
9,fund1,0.5633043925353152,0.00911161648646803,6.947657710279033,1916,all
9,fund7,0.5697059594238002,0.008954330531032386,7.784608707733673,1916,all
9,vcomp,0.47948481364595497,0.008234312345950168,-2.491426787342466,1909,all
9,rcomp,0.46812360963589655,0.0075282809921891755,-4.234218993310185,1909,all
9,rs1,0.47907560164319274,0.0073817973473975515,-2.834593984645778,1916,all
9,rs3,0.47487815620580115,0.009227748920092167,-2.7224238556707427,1916,all
9,rs7,0.47066900967820496,0.0094589212201506,-3.100881130007767,1916,all
9,rs14,0.457144225345965,0.008466231470521664,-5.06196585851135,1916,all
9,rs30,0.4676808169038232,0.009681015066940685,-3.3384085111634954,1909,all
9,age,0.4043795559131525,0.011356215159201538,-8.420097959254466,1916,all
9,size,0.5129414081541446,0.009375692507629632,1.380314909390776,1916,all
9,dist_hi90,0.4212019583134974,0.01087985210039753,-7.2425655201345505,1916,all
9,dist_lo90,0.5303442836077676,0.009821403121189362,3.0896077916098186,1916,all
9,h_rvol_max,0.47825229110422895,0.007400087231312127,-2.938844937360949,1916,all
9,h_tshare_max,0.49448535766350415,0.006835951966495067,-0.8067116860277349,1916,all
9,ret1,0.47907560164319274,0.007640322775112229,-2.7386798925520397,1916,all
9,ret7,0.47066900967820496,0.00958098915557428,-3.0613739192816096,1916,all
9,ann14,0.5012952267026723,0.0007840650946595794,1.651937717281881,1916,all
10,rvol1,0.47311318165873734,0.0068610364901473,-3.9187691801192313,1904,all
10,rvol3,0.47143154723273045,0.006438046016568383,-4.437441530201604,1901,all
10,rvol7,0.47539649759331837,0.007068322547711146,-3.4808120654664667,1899,all
10,tshare1,0.48686169582439015,0.006058246889119275,-2.168664370414895,1904,all
10,tshare7,0.4724483707150017,0.007621321218050484,-3.6150725703234388,1904,all
10,tshare_z,0.4927044995200387,0.0068815518726434485,-1.0601533803680887,1904,all
10,fund1,0.5645859470514217,0.00836900699181493,7.717277224715929,1904,all
10,fund7,0.5727089670180595,0.008122463598234252,8.951590381256466,1904,all
10,vcomp,0.47731578833281435,0.008893122874587845,-2.550758826464203,1896,all
10,rcomp,0.4610111040634077,0.007201480324560566,-5.414011311482883,1899,all
10,rs1,0.49308981328830165,0.00969444105409989,-0.712798878567213,1904,all
10,rs3,0.4883568511195157,0.008966000936505243,-1.2985888539314097,1904,all
10,rs7,0.47223050914137926,0.009126515192747355,-3.042726634662106,1904,all
10,rs14,0.4602394881294469,0.00889430815415622,-4.470332169902769,1904,all
10,rs30,0.4677474287805284,0.009621316964510646,-3.352199219549569,1896,all
10,age,0.40419993794403186,0.011162705740145593,-8.582154209389618,1904,all
10,size,0.5144158424709651,0.00878450616263234,1.6410532594635059,1904,all
10,dist_hi90,0.42225546973299144,0.011211834753310553,-6.934148779177528,1904,all
10,dist_lo90,0.528741886962402,0.010151722730288146,2.8312324642840374,1904,all
10,h_rvol_max,0.47441573641115076,0.007295306076940894,-3.506948621349328,1904,all
10,h_tshare_max,0.4872936164473459,0.007381553065220701,-1.7213699394131725,1904,all
10,ret1,0.49308981328830165,0.009305988831165405,-0.742552654754581,1904,all
10,ret7,0.47223050914137926,0.008855561539807471,-3.1358249540462766,1904,all
10,ann14,0.5017831221214346,0.0008838524283510471,2.017443256631969,1904,all
11,rvol1,0.4738996988054686,0.006469088254492096,-4.034618197766507,1893,all
11,rvol3,0.47123529866758007,0.00646226068201328,-4.45118244958488,1893,all
11,rvol7,0.4803475449692161,0.007261262145797461,-2.7064792092870484,1891,all
11,tshare1,0.4971850021273813,0.0070146008791330695,-0.401305494228859,1893,all
11,tshare7,0.4779831241912165,0.007178311141378811,-3.067138686963417,1893,all
11,tshare_z,0.5055411563869283,0.007322646058486951,0.7567150375247361,1893,all
11,fund1,0.5653223139580728,0.009021791602994003,7.240503531071884,1893,all
11,fund7,0.5739925713276283,0.008862994426652955,8.348484469889373,1893,all
11,vcomp,0.4788235858857167,0.00808726453739668,-2.618489109186485,1885,all
11,rcomp,0.4642149662842436,0.007451262966420375,-4.802546075346436,1888,all
11,rs1,0.4944072415228537,0.00910772545034973,-0.6140675306513044,1893,all
11,rs3,0.48392925744399223,0.008119458051604814,-1.9792875896232236,1893,all
11,rs7,0.47195207818304025,0.00890882962434474,-3.148328456109938,1893,all
11,rs14,0.46654253618076974,0.009219205460667474,-3.6291049116946272,1893,all
11,rs30,0.4709846152802905,0.009558031592893758,-3.0357071367374386,1885,all
11,age,0.404357724269363,0.010931912055646618,-8.748906435012461,1893,all
11,size,0.5156933984439311,0.008955273303814498,1.752419821430412,1893,all
11,dist_hi90,0.42277699734246227,0.0116581802803897,-6.623932792275913,1893,all
11,dist_lo90,0.5306195819559061,0.010295740712473713,2.9740047667293332,1893,all
11,h_rvol_max,0.4787667812932674,0.006690823699245269,-3.173483514313453,1893,all
11,h_tshare_max,0.49696456960736296,0.007373280057549961,-0.4116797909403798,1893,all
11,ret1,0.4944072415228537,0.008931028004763777,-0.6262166543608576,1893,all
11,ret7,0.47195207818304025,0.009194918165678204,-3.050372098106757,1893,all
11,ann14,0.5017813459606507,0.000871941412715985,2.0429651977442527,1893,all
12,rvol1,0.4722587758239617,0.006408213437461262,-4.329010643413982,1889,all
12,rvol3,0.48022872467424793,0.006919537333964893,-2.8573117495448406,1888,all
12,rvol7,0.4824181919413541,0.007230643126941939,-2.431569052707734,1887,all
12,tshare1,0.48987526024703376,0.00757468586181744,-1.3366547389117664,1889,all
12,tshare7,0.47760961802611746,0.0074848696007167375,-2.9914191119292823,1889,all
12,tshare_z,0.4994981095109941,0.006387051221803099,-0.07857937435864336,1889,all
12,fund1,0.5697060971916549,0.009122697136817839,7.640952686057231,1889,all
12,fund7,0.5733741196690543,0.008752598505790393,8.383124122569166,1889,all
12,vcomp,0.47952902433284716,0.007457669807381307,-2.7449560245871267,1881,all
12,rcomp,0.4634710321017005,0.008035401570024215,-4.546004027299588,1881,all
12,rs1,0.4987966049858712,0.006688868490574482,-0.17991010225788578,1889,all
12,rs3,0.4898365582104621,0.008293726635358257,-1.2254372776416995,1889,all
12,rs7,0.47220532610700633,0.008223043799079377,-3.380095567058206,1889,all
12,rs14,0.46842733408263965,0.00877974912467168,-3.596078369556034,1889,all
12,rs30,0.47517300004134366,0.009881423315793097,-2.512492296426194,1881,all
12,age,0.4046007605681248,0.011543604834030299,-8.26425027567128,1889,all
12,size,0.5148473519371843,0.009487878564553586,1.5648758398588254,1889,all
12,dist_hi90,0.4228064129766784,0.011215020404920669,-6.883053640228095,1889,all
12,dist_lo90,0.5302702482513891,0.01039146241038003,2.912992132960245,1889,all
12,h_rvol_max,0.47180502829226334,0.007416989661150707,-3.801403668582485,1889,all
12,h_tshare_max,0.4894655120843157,0.006967733347698926,-1.511895962431351,1889,all
12,ret1,0.4987966049858712,0.006302227809963528,-0.1909475586119394,1889,all
12,ret7,0.47220532610700633,0.007753492274066193,-3.5847941689399794,1889,all
12,ann14,0.5014674587672558,0.0008596767228572865,1.7069890672141153,1889,all
13,rvol1,0.4751803193764777,0.006528630948527701,-3.801666968037072,1885,all
13,rvol3,0.48058535254225565,0.006698411731472592,-2.8983956549765857,1884,all
13,rvol7,0.4844377183348212,0.0069297740064003625,-2.245712724658183,1883,all
13,tshare1,0.4751115391740392,0.0070989425980208885,-3.5059391567554647,1885,all
13,tshare7,0.4780274691074029,0.006869608509680581,-3.1985128208738,1885,all
13,tshare_z,0.48280679716502317,0.0067364866751296396,-2.55225070042107,1885,all
13,fund1,0.5636866405458428,0.008687747784625202,7.330627237884339,1885,all
13,fund7,0.5728120399576808,0.008833771019141097,8.24246403941318,1885,all
13,vcomp,0.4774211782406121,0.007476992602401445,-3.0197731842259805,1874,all
13,rcomp,0.45964915053320815,0.007493297699730725,-5.384925447208894,1877,all
13,rs1,0.4910694627853718,0.006686994132204245,-1.3355084568743942,1885,all
13,rs3,0.48872675146965433,0.008237064624279464,-1.3686002289112544,1885,all
13,rs7,0.46390397887673646,0.007998791161063886,-4.512684529003575,1885,all
13,rs14,0.46552740736279047,0.008169667010650243,-4.219583563475713,1885,all
13,rs30,0.47698725599204406,0.009958262433066477,-2.310919617014909,1874,all
13,age,0.4045789443749582,0.011027254448514297,-8.653201580734166,1885,all
13,size,0.5160506387992027,0.009369376808668289,1.71309566548258,1885,all
13,dist_hi90,0.4228737805144245,0.012060210659819371,-6.395097205269767,1885,all
13,dist_lo90,0.5292420367162842,0.010443822509189451,2.7999362006156603,1885,all
13,h_rvol_max,0.48064259403562387,0.0067433238594000675,-2.870603039092104,1885,all
13,h_tshare_max,0.4868531317971414,0.008902917314772751,-1.4766921603375773,1885,all
13,ret1,0.4910694627853718,0.006606808238817277,-1.351717333365033,1885,all
13,ret7,0.46390397887673646,0.007867767460654457,-4.587835279038738,1885,all
13,ann14,0.501513407209138,0.0009033884998410231,1.6752562263126864,1885,all
14,rvol1,0.48922561457419517,0.006432449799791926,-1.675004976510405,1873,all
14,rvol3,0.48375356491977267,0.006817645645368969,-2.3829978742387508,1872,all
14,rvol7,0.48624825559546164,0.006994332735191931,-1.9661267093208996,1869,all
14,tshare1,0.48608005962200224,0.0073628364487146655,-1.890567646715523,1873,all
14,tshare7,0.48130073091087394,0.007086321153716044,-2.6387837473778935,1873,all
14,tshare_z,0.49562231512996163,0.0068543304577480075,-0.6386743237758422,1873,all
14,fund1,0.5634296149687733,0.008196526776897615,7.7385966879963535,1873,all
14,fund7,0.5715535652213319,0.009403110068138359,7.609563719113012,1873,all
14,vcomp,0.4768137640152746,0.007331149382653404,-3.1627013411549783,1856,all
14,rcomp,0.4636173700611563,0.0079280211661767,-4.589118668610884,1863,all
14,rs1,0.492084367772325,0.006776867868040582,-1.1680369725083144,1873,all
14,rs3,0.4786821546637594,0.008553032926543523,-2.492431108277707,1873,all
14,rs7,0.4652394599990323,0.008253074284908821,-4.211829289423596,1873,all
14,rs14,0.46616887967767207,0.008718958285284009,-3.880179169962152,1873,all
14,rs30,0.4761860734326775,0.00957835609896491,-2.4862227214433976,1856,all
14,age,0.40559551076262335,0.011275110400753519,-8.372821718097551,1873,all
14,size,0.5167833076674266,0.009830941381694476,1.7071923242953813,1873,all
14,dist_hi90,0.4231329849581822,0.011298251194710078,-6.803443623010214,1873,all
14,dist_lo90,0.5307513726552108,0.010303215564580215,2.984638384246373,1873,all
14,h_rvol_max,0.49470303442794866,0.0069977949684391335,-0.7569478094087161,1873,all
14,h_tshare_max,0.48528736967862524,0.007270040189247773,-2.0237343863840556,1873,all
14,ret1,0.492084367772325,0.007283437674876818,-1.08679892394478,1873,all
14,ret7,0.4652394599990323,0.007884581732311205,-4.408672670424374,1873,all
14,ann14,0.5017736641316517,0.0009497763442537122,1.8674545248285335,1873,all
0,rvol1,0.4645121852824552,0.01109921695749765,-3.1973259783495247,798,IS
0,rvol3,0.46857862579859133,0.01007386442650348,-3.1190983788447366,790,IS
0,rvol7,0.47445388955553264,0.01008227978430531,-2.533763294709793,789,IS
0,tshare1,0.46216597090760697,0.009359515727068682,-4.042306268365267,798,IS
0,tshare7,0.46473838696367525,0.009717138729916768,-3.6288061760158463,798,IS
0,tshare_z,0.4667840787011863,0.009863440880897413,-3.3675794988687118,798,IS
0,fund1,0.5140990371204556,0.0099232017230069,1.420815328964543,798,IS
0,fund7,0.5245232965559993,0.01130546145818307,2.169154850220548,798,IS
0,vcomp,0.4751136594331918,0.009997229553790852,-2.4893237104245105,785,IS
0,rcomp,0.4866125349790596,0.013051970053809907,-1.0257045461909073,787,IS
0,rs1,0.42075148780395255,0.01100962673157997,-7.198110719660579,798,IS
0,rs3,0.4338903974696131,0.012502233833945137,-5.287823232908267,798,IS
0,rs7,0.4429770499437224,0.011247782354365328,-5.069706032687117,798,IS
0,rs14,0.44338051020169544,0.011129553386704199,-5.087310140040698,798,IS
0,rs30,0.4371133546130305,0.012480029706350818,-5.03898202701936,785,IS
0,age,0.44374869238204656,0.014797624052746693,-3.801374289375343,798,IS
0,size,0.5209190924070783,0.015861675282277003,1.3188450800308735,798,IS
0,dist_hi90,0.43754043596304937,0.014660305426369955,-4.260454487162501,798,IS
0,dist_lo90,0.4925081091096381,0.016548744674491633,-0.45271656779562,798,IS
0,h_rvol_max,0.4592796837527976,0.009684233916141385,-4.204805108985546,798,IS
0,h_tshare_max,0.4793560555192416,0.012784239861093926,-1.6147963981483007,798,IS
0,ret1,0.42075148780395255,0.01097791035521089,-7.218906843999734,798,IS
0,ret7,0.4429770499437224,0.010576559026763537,-5.391446302335518,798,IS
0,ann14,0.4994458061714281,0.000781260251126568,-0.7093587927617884,798,IS
1,rvol1,0.4786319521204392,0.009832641490899746,-2.1731747160045707,778,IS
1,rvol3,0.4804925519147912,0.009753491870572563,-2.0000476079818243,778,IS
1,rvol7,0.48034809850608867,0.010401579491160152,-1.8893189741627818,776,IS
1,tshare1,0.4737110541301455,0.01017141419602244,-2.584591027679793,778,IS
1,tshare7,0.4747966294971006,0.009792492033654435,-2.573744294739427,778,IS
1,tshare_z,0.47802269727676405,0.010133605050377989,-2.1687546153593367,778,IS
1,fund1,0.5222186442273414,0.009603003868758852,2.313718137678216,778,IS
1,fund7,0.5254468538624839,0.010681410612776191,2.3823495589661685,778,IS
1,vcomp,0.4645819017172289,0.009742597837263072,-3.6353854356284176,770,IS
1,rcomp,0.48601177358035186,0.012081863930985044,-1.1577871179110084,773,IS
1,rs1,0.4827981607682437,0.01153407814370116,-1.4913926381841205,778,IS
1,rs3,0.46145454356697424,0.011220678615111166,-3.435216153603726,778,IS
1,rs7,0.4690620124892431,0.009412136722112335,-3.28703124743959,778,IS
1,rs14,0.4632120537922095,0.011614015715727679,-3.1675474795485554,778,IS
1,rs30,0.457027090502151,0.012582294903031113,-3.4153475044919417,770,IS
1,age,0.44931449652657574,0.013988447917611852,-3.6233829351153233,778,IS
1,size,0.5194011613574346,0.01722617268557252,1.1262607029177027,778,IS
1,dist_hi90,0.45396030990727404,0.015313853493949495,-3.006407897980495,778,IS
1,dist_lo90,0.5076425074302576,0.015464875899534094,0.4941848534644802,778,IS
1,h_rvol_max,0.4727052548422571,0.009738720191922984,-2.8027034990059954,778,IS
1,h_tshare_max,0.4751567526455225,0.012551033034508123,-1.9793786922696222,778,IS
1,ret1,0.4827981607682437,0.012320353160090667,-1.3962131611192943,778,IS
1,ret7,0.4690620124892431,0.00946370684716466,-3.269119385288857,778,IS
1,ann14,0.4995785195028694,0.0008539450022908195,-0.4935686677712403,778,IS
2,rvol1,0.4794681242962289,0.010100037249773253,-2.0328514832192344,774,IS
2,rvol3,0.4859108799565177,0.01002665069756279,-1.4051671359117925,773,IS
2,rvol7,0.4799694862497252,0.009649176799429305,-2.0758779911110663,771,IS
2,tshare1,0.4696806976899872,0.00990639261201957,-3.0605795164251752,774,IS
2,tshare7,0.4802373801420836,0.009747204531953449,-2.027516688823984,774,IS
2,tshare_z,0.47783577361644686,0.011925240963445669,-1.8585977802455265,774,IS
2,fund1,0.5217561357392345,0.008848869800586625,2.4586344052426017,774,IS
2,fund7,0.522011279751549,0.010388306102038544,2.118851671807174,774,IS
2,vcomp,0.4743720140508977,0.010967645308437253,-2.3366898936262164,766,IS
2,rcomp,0.48819380765986925,0.012466079888713967,-0.9470653521817521,766,IS
2,rs1,0.4846913656656795,0.01123408447340253,-1.362695319815758,774,IS
2,rs3,0.46511281802108073,0.010159779850245562,-3.4338521595107245,774,IS
2,rs7,0.48753689631211067,0.012402675763510848,-1.0048721683554984,774,IS
2,rs14,0.46581618371355055,0.011852623141791413,-2.8840718107302354,774,IS
2,rs30,0.46713833708792807,0.012609447824123206,-2.606114349369375,766,IS
2,age,0.45085812503084693,0.01409034001445792,-3.4876287526581478,774,IS
2,size,0.5192499358821983,0.01719330629088071,1.1196180395162492,774,IS
2,dist_hi90,0.454488463031181,0.013692543845913303,-3.323818968993291,774,IS
2,dist_lo90,0.516620401278664,0.01653897425209645,1.0049233419997177,774,IS
2,h_rvol_max,0.4718500192528383,0.010583688179358923,-2.659751522353221,774,IS
2,h_tshare_max,0.482069831183154,0.013643926277258273,-1.314150227177059,774,IS
2,ret1,0.4846913656656795,0.01188977204076786,-1.287546496419779,774,IS
2,ret7,0.48753689631211067,0.011712061187436982,-1.0641255615414613,774,IS
2,ann14,0.49964418064866145,0.0007942444114767978,-0.447997299316148,774,IS
3,rvol1,0.5001624232443007,0.009024016893879936,0.017998996035886016,770,IS
3,rvol3,0.4913343052374724,0.009013919937722468,-0.9613680643270884,769,IS
3,rvol7,0.4821599329731153,0.009690970697833444,-1.8408957764027787,767,IS
3,tshare1,0.48639935398766265,0.012679272224171968,-1.0726677187677112,770,IS
3,tshare7,0.4844829805347855,0.010892452332193273,-1.4245662034575124,770,IS
3,tshare_z,0.495949085117631,0.012341989113053994,-0.32822220512935124,770,IS
3,fund1,0.5089997504836017,0.007575381722621217,1.1880260049110256,770,IS
3,fund7,0.5211492370469523,0.011439701540222261,1.848757764579001,770,IS
3,vcomp,0.47671063814726006,0.011628088980792853,-2.002853769971063,762,IS
3,rcomp,0.48789498698832623,0.011537392315590573,-1.0491983526742146,762,IS
3,rs1,0.485278037455554,0.010787650655655397,-1.36470516281764,770,IS
3,rs3,0.48736184590075493,0.013513849964469438,-0.9352001193200498,770,IS
3,rs7,0.4925931254058162,0.010972862105679037,-0.6750175590332418,770,IS
3,rs14,0.46454981562309317,0.012388329775926974,-2.8615790036356397,770,IS
3,rs30,0.47276858438646396,0.014314385307456353,-1.9023810683195186,762,IS
3,age,0.4523346004608902,0.012906034766222964,-3.6932644613554997,770,IS
3,size,0.5189561838002341,0.01643249046654014,1.1535794795580574,770,IS
3,dist_hi90,0.4575007942370411,0.014853801151906279,-2.861167005558353,770,IS
3,dist_lo90,0.5225848283620154,0.01609362482205127,1.403340056186095,770,IS
3,h_rvol_max,0.4940126707929652,0.009636450684086813,-0.6213210032737486,770,IS
3,h_tshare_max,0.49430222325388457,0.01431022425200717,-0.39816124791449425,770,IS
3,ret1,0.485278037455554,0.010614539906629451,-1.3869619101673192,770,IS
3,ret7,0.4925931254058162,0.011777263602468346,-0.6289130348268206,770,IS
3,ann14,0.500426388034856,0.000946220792783557,0.4506221360889976,770,IS
4,rvol1,0.4988343515947218,0.008817142293234189,-0.13220251715486958,766,IS
4,rvol3,0.4891963146013396,0.010244479421067914,-1.0545860804251763,766,IS
4,rvol7,0.4817741408280907,0.010281313635660311,-1.772716971564182,762,IS
4,tshare1,0.47911947864882704,0.012556106811334452,-1.6629773595366382,766,IS
4,tshare7,0.48793951503077354,0.010144423692249363,-1.188878277870139,766,IS
4,tshare_z,0.4879715607525061,0.012887242261548767,-0.9333602180648661,766,IS
4,fund1,0.5251764032679843,0.009352305658158946,2.691999618941072,766,IS
4,fund7,0.5211655093802016,0.011163718203233624,1.8959193518581356,766,IS
4,vcomp,0.4876079510675449,0.012218418094965879,-1.0142105824288956,758,IS
4,rcomp,0.48112423480788474,0.011623586549420747,-1.6239191846561265,759,IS
4,rs1,0.4858193794384934,0.009663446625776052,-1.4674495664602256,766,IS
4,rs3,0.4987137720883786,0.010763398814591704,-0.11950016289257137,766,IS
4,rs7,0.4848971629815264,0.012875488356733777,-1.1729913926390938,766,IS
4,rs14,0.4644390044830406,0.01281460698129111,-2.775035985799428,766,IS
4,rs30,0.47757101949505504,0.014025763333781105,-1.5991272611113205,758,IS
4,age,0.4531658722327306,0.013405526619060486,-3.4936432635685404,766,IS
4,size,0.5183416678995822,0.01749133823084056,1.0486143288477718,766,IS
4,dist_hi90,0.4596212168575642,0.014840470504985319,-2.7208559950219557,766,IS
4,dist_lo90,0.5260415426666432,0.017775452883950587,1.4650283644899986,766,IS
4,h_rvol_max,0.4915905714658069,0.009780278484800764,-0.8598352845741474,766,IS
4,h_tshare_max,0.47365032368046295,0.013209768503363039,-1.9947114374357704,766,IS
4,ret1,0.4858193794384934,0.010585628265778723,-1.3396106688678822,766,IS
4,ret7,0.4848971629815264,0.012112710808225695,-1.246858548642746,766,IS
4,ann14,0.5004441802668086,0.0009791999925010079,0.45361547202844194,766,IS
5,rvol1,0.484004109136353,0.009386142827038571,-1.7042027975078102,763,IS
5,rvol3,0.486005796761429,0.010130807202222727,-1.3813512545674163,762,IS
5,rvol7,0.4788731257151813,0.011345237858369253,-1.8621799338683438,756,IS
5,tshare1,0.48972099737930563,0.012043642302870214,-0.8534795672439307,763,IS
5,tshare7,0.4929043670793036,0.008950864409061246,-0.7927315839477236,763,IS
5,tshare_z,0.4932340139215645,0.013111127924037931,-0.5160491238919825,763,IS
5,fund1,0.5202700481051046,0.011366444515355829,1.783323543058708,763,IS
5,fund7,0.5203507192515677,0.011117163037802455,1.830567671119671,763,IS
5,vcomp,0.49163136269892055,0.013374797512540518,-0.6257019811502061,755,IS
5,rcomp,0.4816931084047615,0.010787558818547632,-1.6970374765199419,755,IS
5,rs1,0.5079902681081153,0.012425589978824196,0.6430493941722208,763,IS
5,rs3,0.5046527454896488,0.0098790632060466,0.4709703129342274,763,IS
5,rs7,0.4898962913755005,0.011958663770948738,-0.8448860857719325,763,IS
5,rs14,0.46832564077311434,0.012724931033479544,-2.489157634218197,763,IS
5,rs30,0.4827695908006865,0.012957557488405281,-1.3297574959425553,755,IS
5,age,0.45400729974936166,0.013096669232694985,-3.511786045250387,763,IS
5,size,0.518524488262456,0.0174832808285657,1.059554464868464,763,IS
5,dist_hi90,0.45617361099923204,0.014804036483036175,-2.9604350847816585,763,IS
5,dist_lo90,0.5293799163996882,0.015908218377546284,1.8468388918495469,763,IS
5,h_rvol_max,0.47969027160633937,0.008585990454382741,-2.365449682429297,763,IS
5,h_tshare_max,0.48007396450723405,0.011273528952898163,-1.7675064814237627,763,IS
5,ret1,0.5079902681081153,0.012439029960721878,0.6423545994619998,763,IS
5,ret7,0.4898962913755005,0.012255781374827818,-0.8244034644132548,763,IS
5,ann14,0.501218044519575,0.0012124492095252528,1.0046148820138254,763,IS
6,rvol1,0.4857870320303528,0.011476556877776423,-1.2384348477520875,760,IS
6,rvol3,0.48262530685818394,0.011125865173847605,-1.561648723072513,758,IS
6,rvol7,0.47795442734898524,0.011148248232050352,-1.9774920859436407,753,IS
6,tshare1,0.49036785255355864,0.011347259227406887,-0.8488523310701287,760,IS
6,tshare7,0.488901226567602,0.010959366434478687,-1.0127203519247923,760,IS
6,tshare_z,0.4934518370154594,0.010588552773218744,-0.6184190724442177,760,IS
6,fund1,0.5197378447473818,0.011241616355251428,1.7557835211269646,760,IS
6,fund7,0.5214447605137373,0.011357793355851123,1.8881097623324672,760,IS
6,vcomp,0.4855081932396729,0.012617992599232835,-1.1485033491942425,751,IS
6,rcomp,0.48438577188994825,0.011387429763528738,-1.3711810684497443,752,IS
6,rs1,0.49689418440890903,0.010785237382594707,-0.2879691453155359,760,IS
6,rs3,0.49637653937529724,0.013783450797287192,-0.26288486664137206,760,IS
6,rs7,0.4799200305426877,0.013871363312837748,-1.4475844229909651,760,IS
6,rs14,0.4619101745860308,0.01183340068791239,-3.2188401642544986,760,IS
6,rs30,0.47376847606373623,0.013148729683311653,-1.9949854144128292,751,IS
6,age,0.454983689960986,0.013125897289226356,-3.429579635364288,760,IS
6,size,0.5181469592872546,0.01699785001777821,1.0676032126577508,760,IS
6,dist_hi90,0.453827354252311,0.01587129298643147,-2.909192451249085,760,IS
6,dist_lo90,0.5275742332434775,0.015564286407778863,1.7716349160534732,760,IS
6,h_rvol_max,0.4811130660629589,0.010636054735733235,-1.7757462147677698,760,IS
6,h_tshare_max,0.4883717449946503,0.013067048810626218,-0.889891449390892,760,IS
6,ret1,0.49689418440890903,0.011339593336026525,-0.27389126744286457,760,IS
6,ret7,0.4799200305426877,0.013171275644158532,-1.524527312297025,760,IS
6,ann14,0.50124886444071,0.001203019134782924,1.0381085425838954,760,IS
7,rvol1,0.4879401972562796,0.010761783668881577,-1.1206137490565025,758,IS
7,rvol3,0.4756476962654854,0.011665916729050405,-2.087474503728678,757,IS
7,rvol7,0.4783450317563645,0.010025897803126335,-2.159903149709238,752,IS
7,tshare1,0.49291049799912684,0.008789294731775319,-0.80660647039665,758,IS
7,tshare7,0.48597867830111613,0.010053971069749697,-1.3946053357037305,758,IS
7,tshare_z,0.4955471607728681,0.008558393414496067,-0.5202891490813877,758,IS
7,fund1,0.5292659207186916,0.010543466747145357,2.7757398416052625,758,IS
7,fund7,0.5211103867873076,0.01043988628146513,2.0220897257077177,758,IS
7,vcomp,0.4863618025544577,0.011757598242952472,-1.1599475644370696,750,IS
7,rcomp,0.48794284090615,0.010611335111184037,-1.1362527869977577,750,IS
7,rs1,0.5019688659602733,0.010116304284820084,0.19462304660286947,758,IS
7,rs3,0.49956919774829994,0.011649591401720196,-0.03698003104524719,758,IS
7,rs7,0.47728719762857713,0.01141097674894875,-1.9904345500936467,758,IS
7,rs14,0.4649547293502612,0.011068797963174025,-3.1661315678843054,758,IS
7,rs30,0.47891861106967903,0.01142532210626484,-1.8451461354215493,750,IS
7,age,0.4549352783861269,0.012723098519991193,-3.5419612245448753,758,IS
7,size,0.5179932117925905,0.01754612529434153,1.0254806397850786,758,IS
7,dist_hi90,0.45880161974089834,0.014877336995537324,-2.7692039423090113,758,IS
7,dist_lo90,0.5290248043937132,0.015504626466283623,1.8720092649010676,758,IS
7,h_rvol_max,0.47405539326954776,0.01096257508128175,-2.3666525919399932,758,IS
7,h_tshare_max,0.5016669678879377,0.014615048146832609,0.11405832339313982,758,IS
7,ret1,0.5019688659602733,0.010157741502990706,0.19382910656799657,758,IS
7,ret7,0.47728719762857713,0.011562476428333865,-1.9643544799594241,758,IS
7,ann14,0.5013319047064556,0.0011815101648244741,1.1272900954292506,758,IS
8,rvol1,0.4750845465243165,0.009862653409710091,-2.526242425912836,755,IS
8,rvol3,0.47774473577617704,0.010843839552521441,-2.052341711257439,753,IS
8,rvol7,0.4838094043006019,0.010463411264144245,-1.547353467303694,749,IS
8,tshare1,0.5015018498931757,0.010068970677671528,0.14915624856333434,755,IS
8,tshare7,0.4862485526250509,0.009848596145101987,-1.3962850311197015,755,IS
8,tshare_z,0.5057120345521797,0.009844307544102905,0.5802373124355951,755,IS
8,fund1,0.5159120729421364,0.011279889694400452,1.4106585590136949,755,IS
8,fund7,0.522920289258812,0.010573993342143002,2.1676095791986536,755,IS
8,vcomp,0.49786392418936265,0.010356872192087625,-0.20624719230090097,748,IS
8,rcomp,0.4902143377056951,0.01092967871882965,-0.8953293638399588,748,IS
8,rs1,0.5109771162297542,0.01340277856175483,0.8190179505821016,755,IS
8,rs3,0.48157139487745615,0.012078580056559122,-1.5257261231245827,755,IS
8,rs7,0.47748700437097197,0.012625275767094466,-1.7831686249344467,755,IS
8,rs14,0.4648039932490824,0.010983629560838043,-3.204405843803073,755,IS
8,rs30,0.47979542568559475,0.010362724026906737,-1.9497358283347337,748,IS
8,age,0.45546310734284084,0.012948479600777723,-3.4395461112271546,755,IS
8,size,0.517229095621634,0.016804569098153803,1.0252625652583278,755,IS
8,dist_hi90,0.4614033493626596,0.014910287194033313,-2.588592032807103,755,IS
8,dist_lo90,0.53351219525173,0.015225700612264576,2.2010281237722036,755,IS
8,h_rvol_max,0.46910929084987507,0.011614956121257361,-2.659563138046612,755,IS
8,h_tshare_max,0.49660696037903257,0.011236747797064496,-0.30195922185366064,755,IS
8,ret1,0.5109771162297542,0.012325416580383263,0.8906081314302183,755,IS
8,ret7,0.47748700437097197,0.012700386158966483,-1.772622922424594,755,IS
8,ann14,0.501929860101939,0.0014437836329951937,1.336668499237231,755,IS
9,rvol1,0.47865561534305157,0.0098664019030015,-2.1633402801537174,754,IS
9,rvol3,0.48049914699145596,0.011128289238680115,-1.7523675553617226,749,IS
9,rvol7,0.4881693598905211,0.009960050574359627,-1.1878092406412821,748,IS
9,tshare1,0.485058586381684,0.012369988096312777,-1.207876151697327,754,IS
9,tshare7,0.48024407100088673,0.010222405730828915,-1.9326105340871949,754,IS
9,tshare_z,0.4922535757056614,0.013324238937244286,-0.5813783684624239,754,IS
9,fund1,0.5165404960935223,0.011079865835120632,1.492842633625823,754,IS
9,fund7,0.5234808221671671,0.008996712001858873,2.6099337360488515,754,IS
9,vcomp,0.49879686054876565,0.012901698699911323,-0.0932543441928788,747,IS
9,rcomp,0.48168458069879466,0.010273550425686041,-1.7827740695575824,747,IS
9,rs1,0.4924873795768053,0.01165170764073602,-0.644765613319162,754,IS
9,rs3,0.4806696583081626,0.012920822896396279,-1.4960611910584103,754,IS
9,rs7,0.4760557882507461,0.012760868747236075,-1.8763778723482318,754,IS
9,rs14,0.4615913382519818,0.009996185472730049,-3.8423318427612627,754,IS
9,rs30,0.4845405796941464,0.011377783411368957,-1.3587374400541141,747,IS
9,age,0.45527176892190857,0.012634941805447178,-3.5400425080555724,754,IS
9,size,0.5172765605219484,0.01784822850619847,0.9679706036903569,754,IS
9,dist_hi90,0.4524621849225183,0.013658501775930814,-3.4804560454246505,754,IS
9,dist_lo90,0.5347312896442232,0.014964688737995174,2.3208828631390697,754,IS
9,h_rvol_max,0.4795112458353896,0.011869167981187003,-1.7262165466935582,754,IS
9,h_tshare_max,0.49352255970585784,0.013683934868194195,-0.47336094161028064,754,IS
9,ret1,0.4924873795768053,0.011272152569922223,-0.6664761124011794,754,IS
9,ret7,0.4760557882507461,0.013010920957437562,-1.8403164409023949,754,IS
9,ann14,0.5019535566405386,0.0013109713621893267,1.4901596609068553,754,IS
10,rvol1,0.4852779611538442,0.011630268358737199,-1.2658382757862956,750,IS
10,rvol3,0.4802586238878171,0.01040259956381129,-1.8977348874275124,747,IS
10,rvol7,0.48874794549100053,0.010428286931618933,-1.0789935665159769,745,IS
10,tshare1,0.4873439023171898,0.010279417750443935,-1.2312076413339266,750,IS
10,tshare7,0.4786987301433328,0.010586537403019864,-2.0121092521328925,750,IS
10,tshare_z,0.48980908652137095,0.012067051161122026,-0.8445239307066525,750,IS
10,fund1,0.5166778328413208,0.008001917479656333,2.0842295466957417,750,IS
10,fund7,0.5275384999602971,0.008415993441632115,3.2721627162956257,750,IS
10,vcomp,0.49589962390230524,0.01353145839344031,-0.30302543735289544,742,IS
10,rcomp,0.46978027774829684,0.010100881014129242,-2.9917907368111183,745,IS
10,rs1,0.4909895185927381,0.013646609514739705,-0.6602725312488559,750,IS
10,rs3,0.4867400728362515,0.011178429439007105,-1.1862066344917859,750,IS
10,rs7,0.47090310351968195,0.013128787228868186,-2.2162668929799123,750,IS
10,rs14,0.46545399359754236,0.010662720494631406,-3.239886708073355,750,IS
10,rs30,0.4871417536689723,0.012835105488788138,-1.0018029335450183,742,IS
10,age,0.4556814217864328,0.01241171401379227,-3.5707057191552334,750,IS
10,size,0.5164742288642628,0.01804952051844963,0.9127239057360739,750,IS
10,dist_hi90,0.45493054370723346,0.01415619447010531,-3.183726840426152,750,IS
10,dist_lo90,0.5360086664893632,0.013857194454359229,2.5985538853454924,750,IS
10,h_rvol_max,0.47831592140755785,0.014301528425864535,-1.5162070756875297,750,IS
10,h_tshare_max,0.49562169491819635,0.014056990193704117,-0.3114681750126434,750,IS
10,ret1,0.4909895185927381,0.013479837522393156,-0.6684413956988274,750,IS
10,ret7,0.47090310351968195,0.012296823824697278,-2.366212356550075,750,IS
10,ann14,0.5025861332872881,0.001566304504342804,1.6511050565950918,750,IS
11,rvol1,0.4827992926908416,0.00944652946228948,-1.8208493794280303,745,IS
11,rvol3,0.4839689376226421,0.009287262455049244,-1.7261343108315232,745,IS
11,rvol7,0.4924496575236867,0.011365496250773995,-0.6643214083854129,743,IS
11,tshare1,0.4997332487239431,0.010266317871311416,-0.025983149888854393,745,IS
11,tshare7,0.4841673042826418,0.01072403695115818,-1.4763745956366063,745,IS
11,tshare_z,0.5030778025899786,0.011688207661007673,0.26332545410245034,745,IS
11,fund1,0.5151669317094778,0.00891807109235277,1.7006964345107567,745,IS
11,fund7,0.5309142747619776,0.008591938555970152,3.5980558474195177,745,IS
11,vcomp,0.49081045796087386,0.012082566259512479,-0.7605621059095216,737,IS
11,rcomp,0.47272432957076427,0.01090047963247889,-2.502244979015932,740,IS
11,rs1,0.49554805199308777,0.013768171821445655,-0.3233507007791524,745,IS
11,rs3,0.4904181130628291,0.011375536833929834,-0.8423239339870949,745,IS
11,rs7,0.47786942692079587,0.01367855101410114,-1.6179033185890705,745,IS
11,rs14,0.48213594048180836,0.012741891974991077,-1.4019942684535398,745,IS
11,rs30,0.49342277145259367,0.01214954165061939,-0.5413561051557054,737,IS
11,age,0.45602039983671894,0.012069741016092476,-3.6437898795544545,745,IS
11,size,0.5159037017295692,0.0160548047766622,0.9905882974477138,745,IS
11,dist_hi90,0.4556981356670593,0.014166097689663499,-3.1273160261534976,745,IS
11,dist_lo90,0.5382114008930239,0.01394266905847777,2.7406087552361167,745,IS
11,h_rvol_max,0.4805334822976438,0.009480916211565025,-2.0532316991274024,745,IS
11,h_tshare_max,0.5110452132051465,0.012529748883185327,0.8815191196663937,745,IS
11,ret1,0.49554805199308777,0.013146414067658214,-0.3386435254511394,745,IS
11,ret7,0.47786942692079587,0.013893148003098007,-1.592912785084365,745,IS
11,ann14,0.5026478116358218,0.0015781783627217356,1.677764502648109,745,IS
12,rvol1,0.4821295213263976,0.009967371846183948,-1.7928977617549413,743,IS
12,rvol3,0.4935745554485795,0.010129592075439358,-0.6343241172564027,742,IS
12,rvol7,0.49060513768702413,0.012357304804627819,-0.7602679112889964,741,IS
12,tshare1,0.49283406495845844,0.01249833412120774,-0.5733512140135602,743,IS
12,tshare7,0.48605989780824943,0.01148946233141238,-1.213294564153633,743,IS
12,tshare_z,0.49987422224210554,0.011294927200793427,-0.011135774109781563,743,IS
12,fund1,0.5272483930762715,0.009617345309734036,2.833255144607573,743,IS
12,fund7,0.5305680927922257,0.009798269582061522,3.119744005430222,743,IS
12,vcomp,0.4941010499203674,0.012505640637825955,-0.4717031498402385,735,IS
12,rcomp,0.47293397802980214,0.011277161127059098,-2.4000740669789686,735,IS
12,rs1,0.5035012660425696,0.011240971029542518,0.3114736292236589,743,IS
12,rs3,0.49238032401289183,0.011734905140928845,-0.6493172203439772,743,IS
12,rs7,0.47816907221040617,0.011378878919939661,-1.9185482105217442,743,IS
12,rs14,0.4841336935677553,0.013406739725660506,-1.183457481603567,743,IS
12,rs30,0.49744717088456203,0.012789415168149732,-0.19960483586422612,735,IS
12,age,0.45644430674953906,0.013222568661793494,-3.2940417527431536,743,IS
12,size,0.5152674982857679,0.015757170447769097,0.968923851929867,743,IS
12,dist_hi90,0.4575045806535148,0.014326716297112973,-2.9661660400889356,743,IS
12,dist_lo90,0.5320804156268475,0.014939179675550862,2.147401418522973,743,IS
12,h_rvol_max,0.47380922938106923,0.010526864770617638,-2.48799345195674,743,IS
12,h_tshare_max,0.4962066120504668,0.012760615768693289,-0.2972731111330736,743,IS
12,ret1,0.5035012660425696,0.010198186677511448,0.34332241145285575,743,IS
12,ret7,0.47816907221040617,0.01130435998122983,-1.9311953817679817,743,IS
12,ann14,0.5026803591905992,0.001567424730186223,1.7100401307823692,743,IS
13,rvol1,0.4919714318925542,0.010212007519950335,-0.7861890124699824,743,IS
13,rvol3,0.4970206526432549,0.00998983681117027,-0.2982378404233492,742,IS
13,rvol7,0.4928841710994977,0.011277768685808232,-0.63096070674483,741,IS
13,tshare1,0.49290476697316055,0.01010046707818075,-0.7024658337005752,743,IS
13,tshare7,0.4845804079461464,0.01065793804253026,-1.4467706597957404,743,IS
13,tshare_z,0.4959409580257741,0.010656788713935368,-0.3808879094054004,743,IS
13,fund1,0.5163819181470265,0.008838830140531068,1.853403435360306,743,IS
13,fund7,0.5273518866834198,0.010962033467280335,2.4951471608858147,743,IS
13,vcomp,0.48766955655464633,0.012072940015334762,-1.0213289745241698,732,IS
13,rcomp,0.46494957652712826,0.011522293435168817,-3.0419658785888406,735,IS
13,rs1,0.4858168949710862,0.009436988477077995,-1.5029270262821546,743,IS
13,rs3,0.49535971271784085,0.011721330706503092,-0.3958839997223762,743,IS
13,rs7,0.4744574766849066,0.011363366465121745,-2.247795439273437,743,IS
13,rs14,0.47484820993603233,0.013179439977095024,-1.9084111394474865,743,IS
13,rs30,0.49728424383797953,0.014333532873310911,-0.18946872247226737,732,IS
13,age,0.4557472469650365,0.013891701622319926,-3.18555309047685,743,IS
13,size,0.5150863322875343,0.01766394328937209,0.8540749956218067,743,IS
13,dist_hi90,0.4576829339431272,0.014927250023287986,-2.834886934355222,743,IS
13,dist_lo90,0.5324627085696556,0.014666259818080726,2.2134278931589106,743,IS
13,h_rvol_max,0.4867476597464999,0.011179454308474715,-1.1854192421050456,743,IS
13,h_tshare_max,0.4854561040293367,0.01620812136211565,-0.8973215122054641,743,IS
13,ret1,0.4858168949710862,0.009731637884951143,-1.4574221931178026,743,IS
13,ret7,0.4744574766849066,0.010560369122966465,-2.4187150105903066,743,IS
13,ann14,0.5029667351353136,0.0015198834303263953,1.9519491272278298,743,IS
14,rvol1,0.5003192238018561,0.011034006799348255,0.028930904943340458,741,IS
14,rvol3,0.4973509257028042,0.010442194438289676,-0.25368942446446996,740,IS
14,rvol7,0.49452203852836457,0.01149653586599435,-0.4764880078214441,737,IS
14,tshare1,0.49003858966068065,0.011551468115871056,-0.8623501566552347,741,IS
14,tshare7,0.4826972424150988,0.010388814218751489,-1.665518048601759,741,IS
14,tshare_z,0.4964366120616403,0.012273765658411564,-0.2903255640959386,741,IS
14,fund1,0.5214192039681902,0.009395236176004646,2.2797940963841503,741,IS
14,fund7,0.5265644688537592,0.009084979930765166,2.92399862808743,741,IS
14,vcomp,0.4804528488386097,0.011882637005284758,-1.6450179495255768,724,IS
14,rcomp,0.47442508388017174,0.01145644535216605,-2.232360503949234,731,IS
14,rs1,0.4991660160568293,0.011026798519463595,-0.07563246410085495,741,IS
14,rs3,0.4870854184035469,0.013012167589210102,-0.9925004045568908,741,IS
14,rs7,0.4742688841427042,0.01211125799122308,-2.124561781768907,741,IS
14,rs14,0.4777674471004583,0.011651170543255193,-1.9081819133110192,741,IS
14,rs30,0.5012378803819216,0.01440123094952419,0.08595656761983454,724,IS
14,age,0.4557355250570532,0.012980619812609194,-3.4100432476998424,741,IS
14,size,0.5154984059013392,0.0171047072159494,0.9060901017286999,741,IS
14,dist_hi90,0.45776288954496197,0.014183581849103892,-2.9778874549736205,741,IS
14,dist_lo90,0.5343730547568349,0.01546934632633347,2.2220108097471245,741,IS
14,h_rvol_max,0.4978584438047869,0.01223818446928861,-0.1749896972534847,741,IS
14,h_tshare_max,0.4851458246877004,0.014164908037007153,-1.0486602012163913,741,IS
14,ret1,0.4991660160568293,0.011411454913639147,-0.07308305115186499,741,IS
14,ret7,0.4742688841427042,0.012058129946229696,-2.1339225876680286,741,IS
14,ann14,0.5031071622580267,0.0015833741267674128,1.9623677092477045,741,IS
0,rvol1,0.47737954947896066,0.008976745621499643,-2.51989434421117,1297,OOS
0,rvol3,0.47951049330486994,0.00952385736234339,-2.151387396470679,1297,OOS
0,rvol7,0.4812718798949929,0.010185250679139725,-1.838749059300414,1297,OOS
0,tshare1,0.4544407891433497,0.0086099475227699,-5.2914620833825365,1297,OOS
0,tshare7,0.4810654590311867,0.01001213937762691,-1.8911583483470438,1297,OOS
0,tshare_z,0.45987141957715394,0.007645597962732799,-5.248586260806046,1297,OOS
0,fund1,0.583391478985882,0.01182487456805813,7.0522083347203255,1297,OOS
0,fund7,0.5994686484240116,0.013742434512396491,7.238066030752046,1297,OOS
0,vcomp,0.49457660601286746,0.010210902135822162,-0.5311375934263481,1297,OOS
0,rcomp,0.45318746749351785,0.012793206842128499,-3.659171080727529,1297,OOS
0,rs1,0.3728745827508618,0.010080533294589316,-12.610981337403272,1297,OOS
0,rs3,0.39161463314415323,0.010434780119004276,-10.386933468626772,1297,OOS
0,rs7,0.4206811090466491,0.012038383170326426,-6.588832555925374,1297,OOS
0,rs14,0.41617898524974817,0.012622118818756233,-6.640803810664131,1297,OOS
0,rs30,0.4292794239971353,0.012463228727834471,-5.6743382912425,1297,OOS
0,age,0.3587971924330839,0.013250255364152141,-10.656610283069167,1297,OOS
0,size,0.48383203528431007,0.010298448140076756,-1.5699418490803245,1297,OOS
0,dist_hi90,0.37826265913651,0.013003501342409237,-9.361889360249412,1297,OOS
0,dist_lo90,0.5029057092555717,0.015349141105955309,0.18930761242687827,1297,OOS
0,h_rvol_max,0.49157563521609143,0.009481435280470655,-0.8885115528089523,1297,OOS
0,h_tshare_max,0.4898690626410544,0.008530810903118288,-1.1875702643042312,1297,OOS
0,ret1,0.3728745827508618,0.009269174311479169,-13.71485884041505,1297,OOS
0,ret7,0.4206811090466491,0.01272274373231295,-6.234417089758592,1297,OOS
0,ann14,0.5023832279663453,0.0011352772686752026,2.0992474984779244,1297,OOS
1,rvol1,0.4740830884370018,0.00949439410062083,-2.7297067394014647,1234,OOS
1,rvol3,0.47604494248201235,0.009881015264171213,-2.424351838100002,1234,OOS
1,rvol7,0.4739170466728018,0.010112852339985436,-2.57918858600043,1234,OOS
1,tshare1,0.4925727944608083,0.008648680115315669,-0.8587675159865243,1234,OOS
1,tshare7,0.48728846595073855,0.00980001541078611,-1.29709327143209,1234,OOS
1,tshare_z,0.49798976609103496,0.007913844068340132,-0.25401484937100527,1234,OOS
1,fund1,0.582145988686723,0.01351227585940128,6.079359949535754,1234,OOS
1,fund7,0.5990332596650723,0.014386189289220717,6.883911901484286,1234,OOS
1,vcomp,0.48017463253694076,0.00966044426692571,-2.052221089969433,1234,OOS
1,rcomp,0.4360707652309842,0.011287415007472644,-5.663762227816778,1234,OOS
1,rs1,0.46469624244191654,0.009741957992474043,-3.623887270439544,1234,OOS
1,rs3,0.462532364952154,0.010837138932058598,-3.4573364134890476,1234,OOS
1,rs7,0.46899694793565594,0.011560684979689912,-2.681766012897243,1234,OOS
1,rs14,0.44697765728132105,0.012654282989948584,-4.190070884363428,1234,OOS
1,rs30,0.4443797697380758,0.012165074168016874,-4.572124221663606,1234,OOS
1,age,0.3659113956806665,0.013618796390874384,-9.845848375351506,1234,OOS
1,size,0.4905507669708862,0.010752866746868352,-0.8787640776694089,1234,OOS
1,dist_hi90,0.39343346398994244,0.013920218081106705,-7.655522017625255,1234,OOS
1,dist_lo90,0.5206246474820935,0.015086189043964695,1.3671211080537577,1234,OOS
1,h_rvol_max,0.48500377292573843,0.008502164279737393,-1.763812904674286,1234,OOS
1,h_tshare_max,0.5017283065792734,0.007962298352146653,0.21706126834689748,1234,OOS
1,ret1,0.46469624244191654,0.008553762165615849,-4.12727836880904,1234,OOS
1,ret7,0.46899694793565594,0.011794408900503732,-2.6286227928743373,1234,OOS
1,ann14,0.5015163797458847,0.0009218563726204012,1.6449197412112582,1234,OOS
2,rvol1,0.47357542226616345,0.0093356872782897,-2.8304908836532428,1218,OOS
2,rvol3,0.48251628009396547,0.00972713618102693,-1.7974169972182616,1218,OOS
2,rvol7,0.4720134890281959,0.009661104623151878,-2.896823092541324,1218,OOS
2,tshare1,0.48348897238560745,0.009923712093368604,-1.663795509084331,1218,OOS
2,tshare7,0.48360422690322624,0.01011426954548223,-1.6210536038262207,1218,OOS
2,tshare_z,0.494527397755739,0.009174758021214764,-0.5964846409689185,1217,OOS
2,fund1,0.585868102173061,0.01424651658272099,6.027305108197945,1218,OOS
2,fund7,0.6006197370206828,0.01449203264974078,6.943107254349349,1218,OOS
2,vcomp,0.47934827734814967,0.009802072971324781,-2.106872975978181,1218,OOS
2,rcomp,0.43703375720189197,0.011812326701387814,-5.3305537841846355,1218,OOS
2,rs1,0.4872503190655484,0.01043532780631912,-1.2217805871638296,1218,OOS
2,rs3,0.4750591363421897,0.011486659536119896,-2.171289536299351,1218,OOS
2,rs7,0.4761936687745791,0.011101867681325617,-2.1443537167593343,1218,OOS
2,rs14,0.45708024991916685,0.014137443319477477,-3.0358919297452913,1218,OOS
2,rs30,0.45155351308773095,0.012375736227806381,-3.9146347352989976,1218,OOS
2,age,0.36792291720177966,0.013329924531782803,-9.908314370670766,1218,OOS
2,size,0.49258055464374334,0.010229943000017377,-0.7252675167636865,1218,OOS
2,dist_hi90,0.397251443714556,0.01360619771840571,-7.551599529268301,1218,OOS
2,dist_lo90,0.5226486044081841,0.01390401362009933,1.6289256488819708,1218,OOS
2,h_rvol_max,0.48165748793127466,0.0098914122986486,-1.8543875752941121,1218,OOS
2,h_tshare_max,0.49834840497606925,0.010098412439896825,-0.1635499672607575,1218,OOS
2,ret1,0.4872503190655484,0.010589777500757404,-1.203961172323,1218,OOS
2,ret7,0.4761936687745791,0.01137061948255579,-2.0936705569950123,1218,OOS
2,ann14,0.5010704070367865,0.0008082245004798728,1.324393205292556,1218,OOS
3,rvol1,0.48105417909922504,0.009733756114632924,-1.946403903863317,1206,OOS
3,rvol3,0.4813249098670723,0.010019900054929512,-1.8638000409734674,1206,OOS
3,rvol7,0.4690111495640534,0.008857762326564149,-3.4984964930716242,1206,OOS
3,tshare1,0.4827510102528186,0.0082263878427423,-2.096787809779632,1206,OOS
3,tshare7,0.4846977449246941,0.011328681746378036,-1.3507533725358907,1206,OOS
3,tshare_z,0.49175504594431424,0.007161630835104346,-1.1512676715017565,1204,OOS
3,fund1,0.5922907715062429,0.013159207643465913,7.01339883120311,1206,OOS
3,fund7,0.6001036614599325,0.013830823976951399,7.237722179586113,1206,OOS
3,vcomp,0.47635341072827525,0.009810464347641039,-2.410343530519089,1206,OOS
3,rcomp,0.43691419245550595,0.010465924172147905,-6.027734054521346,1206,OOS
3,rs1,0.471878780099417,0.010272550388999026,-2.7375110207002065,1206,OOS
3,rs3,0.48409114056836355,0.0100876420387819,-1.577064230716643,1206,OOS
3,rs7,0.4711450543966284,0.010372351135585382,-2.78190983183902,1206,OOS
3,rs14,0.45984680353703794,0.012659240971838293,-3.1718486560360715,1206,OOS
3,rs30,0.45645312881330075,0.011431890378163865,-3.8092449932758665,1206,OOS
3,age,0.36894268728497037,0.013456925660041953,-9.739023312299478,1206,OOS
3,size,0.49571375138497126,0.00988856343034951,-0.43345513685775544,1206,OOS
3,dist_hi90,0.3994731079718779,0.013974754344652049,-7.193463981468296,1206,OOS
3,dist_lo90,0.5243459082502,0.01350327983094151,1.8029625805734704,1206,OOS
3,h_rvol_max,0.4912984177258387,0.00957983721254079,-0.9083225613448012,1206,OOS
3,h_tshare_max,0.5028525300537562,0.008636866525940506,0.3302737219787661,1206,OOS
3,ret1,0.471878780099417,0.010737423955072722,-2.618991297935816,1206,OOS
3,ret7,0.4711450543966284,0.010437961943097363,-2.764423338643556,1206,OOS
3,ann14,0.5010312516971932,0.000841637043704249,1.2252926661288739,1206,OOS
4,rvol1,0.48430271821145854,0.00899248197590204,-1.7456005839774686,1192,OOS
4,rvol3,0.4791731778360735,0.008870243223031093,-2.3479426257276486,1192,OOS
4,rvol7,0.46519727636494135,0.009018344943488939,-3.859103178370385,1192,OOS
4,tshare1,0.4883557000113885,0.007995543597404231,-1.4563487581246934,1192,OOS
4,tshare7,0.4877082534805974,0.010383241222792536,-1.1838063140072945,1192,OOS
4,tshare_z,0.4940545348921913,0.009218040940574724,-0.644981416999218,1190,OOS
4,fund1,0.5959212117830311,0.01311918604568537,7.311521572222665,1192,OOS
4,fund7,0.6014702408354015,0.013350464183928316,7.600502831770774,1192,OOS
4,vcomp,0.4781649595667594,0.008322916012285894,-2.623484413516697,1192,OOS
4,rcomp,0.43430519484609986,0.010911397320061538,-6.02075089256576,1192,OOS
4,rs1,0.4923657952746422,0.01078994978559828,-0.7075292171931555,1192,OOS
4,rs3,0.49691891416398565,0.01203161318964919,-0.25608252089296,1192,OOS
4,rs7,0.46881005762720906,0.011258980079623764,-2.7702280448330976,1192,OOS
4,rs14,0.45797605651699785,0.013125469637463933,-3.201709702108754,1192,OOS
4,rs30,0.45772230005215037,0.012499734170566743,-3.382287924762543,1192,OOS
4,age,0.37041388108067536,0.014382304728689222,-9.010108001732966,1192,OOS
4,size,0.49794166746093527,0.011047841294049874,-0.18631083523740571,1192,OOS
4,dist_hi90,0.4008944407695523,0.01458496908601148,-6.795047603186241,1192,OOS
4,dist_lo90,0.5244854940283364,0.01398755530888149,1.750519907706046,1192,OOS
4,h_rvol_max,0.4953034780098855,0.010136107586223252,-0.4633457123618041,1192,OOS
4,h_tshare_max,0.4868326089704503,0.009033336006166124,-1.4576443321228956,1192,OOS
4,ret1,0.4923657952746422,0.010823305065402558,-0.7053487524583475,1192,OOS
4,ret7,0.46881005762720906,0.010552750204824279,-2.955622161750042,1192,OOS
4,ann14,0.5010317915210721,0.0008094814604324283,1.274632677221473,1192,OOS
5,rvol1,0.47563138337610505,0.009701124554751667,-2.511937300295671,1183,OOS
5,rvol3,0.46883342789339855,0.008911815956476093,-3.497219002144354,1183,OOS
5,rvol7,0.4625518212106126,0.008979480548563365,-4.1704170510596805,1183,OOS
5,tshare1,0.5069623966558064,0.009103909536693034,0.7647699735750576,1183,OOS
5,tshare7,0.4884824840872471,0.010365962293921544,-1.111089890757814,1183,OOS
5,tshare_z,0.5202769576938544,0.0075130816067530614,2.6988869221956344,1181,OOS
5,fund1,0.5910981045723468,0.014114170062158345,6.454372036836293,1183,OOS
5,fund7,0.6025684963394492,0.012963243936294035,7.912255361660018,1183,OOS
5,vcomp,0.47510257491520064,0.00876615186934332,-2.8401772471989415,1183,OOS
5,rcomp,0.44412729241957677,0.011425428553506709,-4.89020672780582,1183,OOS
5,rs1,0.49186132204415334,0.008445053102605736,-0.963721347511179,1183,OOS
5,rs3,0.48927572718711565,0.009324517781489829,-1.1501155410066553,1183,OOS
5,rs7,0.4635953414545535,0.011996908636417426,-3.034503274863468,1183,OOS
5,rs14,0.45610787688831506,0.01318756710847091,-3.3282957160074846,1183,OOS
5,rs30,0.4560545604063808,0.012758948614267235,-3.444283766804953,1183,OOS
5,age,0.3710990977983196,0.014463909548404656,-8.911899080279987,1183,OOS
5,size,0.5015211082745052,0.010084538948223214,0.15083567848912396,1183,OOS
5,dist_hi90,0.40031958620526326,0.014123109034855088,-7.057965321143577,1183,OOS
5,dist_lo90,0.5194830736531402,0.013338388653103774,1.4606767098967806,1183,OOS
5,h_rvol_max,0.48504139906582044,0.009395772790356284,-1.5920564777314428,1183,OOS
5,h_tshare_max,0.499002939265983,0.008783011154793617,-0.11352151516656439,1183,OOS
5,ret1,0.49186132204415334,0.007856928617071018,-1.0358599845445302,1183,OOS
5,ret7,0.4635953414545535,0.011795037098308453,-3.08643866416218,1183,OOS
5,ann14,0.5010260196792142,0.0008280457897173655,1.2390856785401179,1183,OOS
6,rvol1,0.4717386398207982,0.009273861695259004,-3.0474209243005626,1178,OOS
6,rvol3,0.46489476066737473,0.00936021195363679,-3.750474829684341,1178,OOS
6,rvol7,0.46392368037049236,0.009510481249615054,-3.7933221971251836,1178,OOS
6,tshare1,0.49707471756265925,0.009551450828217024,-0.30626576945764505,1178,OOS
6,tshare7,0.4856558062519094,0.01010062886952773,-1.4201287794431436,1178,OOS
6,tshare_z,0.503894387388331,0.010259463909706674,0.37958975465048217,1176,OOS
6,fund1,0.5918606999343294,0.014180389374156735,6.478009701323319,1178,OOS
6,fund7,0.6071013753432424,0.011903159010329735,8.997727010980718,1178,OOS
6,vcomp,0.4709979981338582,0.008639835392007614,-3.356777131769256,1178,OOS
6,rcomp,0.4473905452530907,0.011406294276573197,-4.612317854621827,1178,OOS
6,rs1,0.49471667418792376,0.009871993648240894,-0.5351832669602344,1178,OOS
6,rs3,0.4816807216689622,0.009062329821723844,-2.0214755688016983,1178,OOS
6,rs7,0.46777984846499737,0.011870808674126756,-2.714233917797754,1178,OOS
6,rs14,0.45071313158901183,0.01365702665797281,-3.6089018236055854,1178,OOS
6,rs30,0.45494985589536446,0.012329657880682007,-3.6538032555809745,1178,OOS
6,age,0.3707310328347285,0.014561339701724966,-8.87754628442313,1178,OOS
6,size,0.5049415276217439,0.010545438469053859,0.4685938509095764,1178,OOS
6,dist_hi90,0.400626028195696,0.01438160455695044,-6.909797262940169,1178,OOS
6,dist_lo90,0.5238439541127198,0.014422187050916397,1.653282822399999,1178,OOS
6,h_rvol_max,0.48358457596640575,0.009029411341569957,-1.8179949293062194,1178,OOS
6,h_tshare_max,0.48827622783771296,0.008762434699811176,-1.33795829172224,1178,OOS
6,ret1,0.49471667418792376,0.009362251299404352,-0.564322153199667,1178,OOS
6,ret7,0.46777984846499737,0.011810750224641214,-2.728035977577488,1178,OOS
6,ann14,0.5011284986250268,0.0008151818945151473,1.3843519251590446,1178,OOS
7,rvol1,0.45910429148665893,0.009433472582198897,-4.335170124998495,1173,OOS
7,rvol3,0.46017566050246905,0.009263688382540203,-4.29897227249031,1173,OOS
7,rvol7,0.4631445489716341,0.009289505328891253,-3.9674288052499325,1173,OOS
7,tshare1,0.4839913328449573,0.008735546436024956,-1.8325890970052814,1173,OOS
7,tshare7,0.47634386674497653,0.010103288815561396,-2.3414289828662094,1173,OOS
7,tshare_z,0.49310209011314804,0.009263130860253276,-0.7446628997167546,1172,OOS
7,fund1,0.5878818410667157,0.011871381835511964,7.40283164035939,1173,OOS
7,fund7,0.6039758042103653,0.010833760235596738,9.597388344328465,1173,OOS
7,vcomp,0.4712766052203093,0.008475904730389278,-3.3888293572610175,1173,OOS
7,rcomp,0.44620469032748433,0.010909403730664137,-4.931095319289347,1173,OOS
7,rs1,0.48589516383827713,0.007744197647308397,-1.8213424816998565,1173,OOS
7,rs3,0.46911223399951063,0.009258249062027425,-3.3362427164737984,1173,OOS
7,rs7,0.46429419698169866,0.012604771442501004,-2.832721178736161,1173,OOS
7,rs14,0.4514456751005235,0.013544186147388147,-3.584883164710466,1173,OOS
7,rs30,0.4536598707971269,0.012245308971059677,-3.784316860635568,1173,OOS
7,age,0.371306690294553,0.01429453833050785,-9.002970696212394,1173,OOS
7,size,0.505544788365141,0.010912193961950228,0.5081277316436269,1173,OOS
7,dist_hi90,0.39933315707103745,0.014191815346042639,-7.093302757566763,1173,OOS
7,dist_lo90,0.5238706244311654,0.012653110614441916,1.8865419862780703,1173,OOS
7,h_rvol_max,0.4687597106596755,0.00921036905555902,-3.391860755185385,1173,OOS
7,h_tshare_max,0.49337264887071547,0.009124813480533867,-0.7262999011895181,1173,OOS
7,ret1,0.48589516383827713,0.00852189326021833,-1.6551294097482632,1173,OOS
7,ret7,0.46429419698169866,0.01224985578733097,-2.9147937443662766,1173,OOS
7,ann14,0.5016018567555797,0.0009443318831810409,1.6962857911603202,1173,OOS
8,rvol1,0.46347974011016074,0.009870753805686165,-3.699845078579645,1169,OOS
8,rvol3,0.4616403528559811,0.008460254939224796,-4.53410061748491,1169,OOS
8,rvol7,0.4675068470495844,0.009036454095445517,-3.595785759238521,1169,OOS
8,tshare1,0.49270075309446304,0.009118875953355234,-0.8004546769661065,1169,OOS
8,tshare7,0.47477642413551024,0.010889864302323977,-2.316243358432562,1169,OOS
8,tshare_z,0.5038082273276661,0.008647516862315702,0.44038391463121823,1169,OOS
8,fund1,0.5895493884588571,0.013708934158709562,6.532191884659723,1169,OOS
8,fund7,0.6049082095028405,0.011500330593831971,9.122190761986134,1169,OOS
8,vcomp,0.4729645922154652,0.008587580771815593,-3.148198369587962,1169,OOS
8,rcomp,0.4523093415754887,0.010576705363580281,-4.509027791275044,1169,OOS
8,rs1,0.4848032571638327,0.0088739888984515,-1.7125041523118312,1169,OOS
8,rs3,0.4686758286362779,0.011665056727238946,-2.685299531426829,1169,OOS
8,rs7,0.46525641192155726,0.013268576087715832,-2.6184865541532125,1169,OOS
8,rs14,0.44880753369065446,0.012696920870223689,-4.031880393095941,1169,OOS
8,rs30,0.45590357562729233,0.01221118888847977,-3.6111491498021895,1169,OOS
8,age,0.37098373508392474,0.013861893589902335,-9.307261239550769,1169,OOS
8,size,0.5079740176354954,0.010835740461329789,0.7358996520775695,1169,OOS
8,dist_hi90,0.40091864498198726,0.014024162590053048,-7.0650460861234174,1169,OOS
8,dist_lo90,0.5271877735851321,0.012608603770706557,2.1562874113228316,1169,OOS
8,h_rvol_max,0.4735731591002298,0.008698923123129119,-3.0379439530285355,1169,OOS
8,h_tshare_max,0.4823865899523005,0.00776350180640865,-2.268745533511683,1169,OOS
8,ret1,0.4848032571638327,0.008896425230698042,-1.708185303882434,1169,OOS
8,ret7,0.46525641192155726,0.013877929912848272,-2.5035137298306225,1169,OOS
8,ann14,0.5008486281034632,0.0010042201679367154,0.8450618007471443,1169,OOS
9,rvol1,0.4619284842130638,0.009202000487393053,-4.137308603612335,1162,OOS
9,rvol3,0.46730091725355316,0.008594361912702924,-3.804713261855526,1162,OOS
9,rvol7,0.46900136272919946,0.009623049253991703,-3.2212905132894454,1162,OOS
9,tshare1,0.4845083993193451,0.008936504452209277,-1.7335190469048658,1162,OOS
9,tshare7,0.4724855528814245,0.010623492209854073,-2.589962563633623,1162,OOS
9,tshare_z,0.4987808737476744,0.008089224128560085,-0.15070991147609963,1162,OOS
9,fund1,0.5936486076102825,0.012866921306469645,7.2782451512464625,1162,OOS
9,fund7,0.5997005837710474,0.010676391642550558,9.338415740922485,1162,OOS
9,vcomp,0.467069926351291,0.009101277724004578,-3.618181385879047,1162,OOS
9,rcomp,0.4594058425240335,0.010095209225519299,-4.021130871993229,1162,OOS
9,rs1,0.47037295055718253,0.009750039765512364,-3.038659344509921,1162,OOS
9,rs3,0.4711201591445443,0.013142619254295357,-2.1974189692832344,1162,OOS
9,rs7,0.46717363012252855,0.012542884268997575,-2.617130890588607,1162,OOS
9,rs14,0.45425857721245666,0.011777286803198245,-3.8838676133047705,1162,OOS
9,rs30,0.45684239796718673,0.012284753627869828,-3.513102772765723,1162,OOS
9,age,0.3713565536682283,0.013891223820544913,-9.260771260593323,1162,OOS
9,size,0.5101284091134182,0.01052207937447444,0.9625862676904645,1162,OOS
9,dist_hi90,0.4009177837324287,0.013836083449835303,-7.161146189007028,1162,OOS
9,dist_lo90,0.5274976376942672,0.013559429131508227,2.027934762413451,1162,OOS
9,h_rvol_max,0.477435378998123,0.009641134869092268,-2.3404527898696963,1162,OOS
9,h_tshare_max,0.495110099195402,0.008222398977174906,-0.5947048809200571,1162,OOS
9,ret1,0.47037295055718253,0.009441757784723297,-3.1378743363607398,1162,OOS
9,ret7,0.46717363012252855,0.013110862517895984,-2.503753649514997,1162,OOS
9,ann14,0.5008680487567589,0.0010067011285643406,0.8622705708067202,1162,OOS
10,rvol1,0.4652071291272554,0.008263406237912115,-4.210475664758746,1154,OOS
10,rvol3,0.465717659657904,0.008934881240604257,-3.836910577647197,1154,OOS
10,rvol7,0.4667770619921284,0.009146854324800195,-3.6321708893726536,1154,OOS
10,tshare1,0.4865483033897283,0.00816939482337497,-1.646596461684351,1154,OOS
10,tshare7,0.46838617871218685,0.009986439152698012,-3.1656750523806196,1154,OOS
10,tshare_z,0.4945862670668331,0.008374404420529571,-0.6464618450830123,1154,OOS
10,fund1,0.5957220698049537,0.011210720509815133,8.538440479463183,1154,OOS
10,fund7,0.6020658563536937,0.011314636166521227,9.02069274270572,1154,OOS
10,vcomp,0.4653667363461919,0.01051776661012576,-3.292834395133434,1154,OOS
10,rcomp,0.45534989574863954,0.009577142344651436,-4.662153139688509,1154,OOS
10,rs1,0.49445482283914455,0.012759562711212646,-0.4345899061244904,1154,OOS
10,rs3,0.4894076169015332,0.013919320440450004,-0.7609842121088727,1154,OOS
10,rs7,0.4730932077689989,0.01231292610358376,-2.1852476011506083,1154,OOS
10,rs14,0.4568505114387438,0.012287385422620254,-3.511690003783954,1154,OOS
10,rs30,0.45527724761308885,0.01187458858654833,-3.7662570000592352,1154,OOS
10,age,0.3707414345802531,0.014123322015966855,-9.152136110301532,1154,OOS
10,size,0.5130780696850262,0.009988276657368645,1.309341954938558,1154,OOS
10,dist_hi90,0.4010195031119503,0.013421522375506697,-7.374759294719199,1154,OOS
10,dist_lo90,0.5240191099734758,0.014181587862925569,1.6936826965806915,1154,OOS
10,h_rvol_max,0.4718809541344565,0.008825113551930082,-3.186253151314268,1154,OOS
10,h_tshare_max,0.4818810871118712,0.00886726893279451,-2.0433476220754057,1154,OOS
10,ret1,0.49445482283914455,0.012842932229107203,-0.4317687784949819,1154,OOS
10,ret7,0.4730932077689989,0.013263633578441297,-2.028613959506195,1154,OOS
10,ann14,0.501261234448653,0.0010705156023755613,1.178156064100534,1154,OOS
11,rvol1,0.46812426549135444,0.007894232534486073,-4.037850971503048,1148,OOS
11,rvol3,0.46297174377078465,0.00815607585707338,-4.539959764732018,1148,OOS
11,rvol7,0.47251490592046036,0.009337756768410546,-2.9434364977808367,1148,OOS
11,tshare1,0.49553130551201685,0.009428297762986404,-0.47396620262952904,1148,OOS
11,tshare7,0.4739698714315371,0.009505427830617223,-2.738448919113264,1148,OOS
11,tshare_z,0.5071397614206631,0.008940143444953372,0.7986182173277556,1148,OOS
11,fund1,0.5978708851908284,0.010884549882491901,8.99172554193136,1148,OOS
11,fund7,0.6019484345170095,0.010912463404275555,9.342385008784143,1148,OOS
11,vcomp,0.47112818107788507,0.010338445753248009,-2.7926653204176586,1148,OOS
11,rcomp,0.4587298366396221,0.009929644674415318,-4.15625782327483,1148,OOS
11,rs1,0.49366690720201367,0.01161356230633288,-0.545318708501085,1148,OOS
11,rs3,0.47971828406765643,0.011329956466762488,-1.7900965455464832,1148,OOS
11,rs7,0.46811198688545497,0.011265214537078669,-2.830661858199669,1148,OOS
11,rs14,0.456423123110845,0.011407643201865846,-3.8199719361863926,1148,OOS
11,rs30,0.45657963174458727,0.01168925823459613,-3.714552915505244,1148,OOS
11,age,0.37083098794734204,0.014188794272927342,-9.10359327001565,1148,OOS
11,size,0.515556921137485,0.011021584081934797,1.4114959357778643,1148,OOS
11,dist_hi90,0.40141266977118634,0.014431136824448266,-6.831570612080513,1148,OOS
11,dist_lo90,0.5256928353460169,0.014150523466527933,1.8156809115077224,1148,OOS
11,h_rvol_max,0.4776202723662113,0.00892790231672997,-2.506717349701665,1148,OOS
11,h_tshare_max,0.48782686971158873,0.009388102316416255,-1.2966550510559574,1148,OOS
11,ret1,0.49366690720201367,0.012258576521617857,-0.5166254651849661,1148,OOS
11,ret7,0.46811198688545497,0.011148642738535339,-2.860259662310638,1148,OOS
11,ann14,0.5012190489850387,0.0011153528940623953,1.0929715532440856,1148,OOS
12,rvol1,0.4658591563577228,0.008147938364830565,-4.190120508230815,1146,OOS
12,rvol3,0.47158770684304896,0.008952335723965602,-3.1737296313509225,1146,OOS
12,rvol7,0.4771245385403581,0.008609704343144349,-2.6569392569045616,1146,OOS
12,tshare1,0.48795694270725326,0.010554987001626881,-1.140982673961654,1146,OOS
12,tshare7,0.4721309462301977,0.009937802200570906,-2.8043478031995135,1146,OOS
12,tshare_z,0.4992542598083626,0.008491050640365162,-0.08782660982991758,1146,OOS
12,fund1,0.5972332125125362,0.011759916871146267,8.26818876169987,1146,OOS
12,fund7,0.6011270672864047,0.01210564220255633,8.353713548963961,1146,OOS
12,vcomp,0.4701830916916366,0.010022292357862565,-2.9750587234637824,1146,OOS
12,rcomp,0.4574018652106407,0.009815993035297888,-4.339666362453422,1146,OOS
12,rs1,0.4957463753478895,0.007867523050416249,-0.5406561410564207,1146,OOS
12,rs3,0.48818732785164426,0.011015075537177375,-1.0724095453078255,1146,OOS
12,rs7,0.46833877867696616,0.010696294346877624,-2.9600177684224,1146,OOS
12,rs14,0.45824424062937524,0.00970602966279011,-4.302043247477731,1146,OOS
12,rs30,0.4608872098408503,0.01278782516997497,-3.0585959410036456,1146,OOS
12,age,0.3709884090735429,0.014137985107804951,-9.1251751888772,1146,OOS
12,size,0.5145749533883208,0.010443412508427443,1.395612150392353,1146,OOS
12,dist_hi90,0.4003101314898639,0.014071911643086151,-7.084315979138201,1146,OOS
12,dist_lo90,0.5290966406074401,0.013991342243211604,2.0796175307310043,1146,OOS
12,h_rvol_max,0.47050562043102195,0.010999806094476844,-2.681354499856828,1146,OOS
12,h_tshare_max,0.48509497345006597,0.007873082895311911,-1.893162659167395,1146,OOS
12,ret1,0.4957463753478895,0.008043606235072805,-0.5288205971052221,1146,OOS
12,ret7,0.46833877867696616,0.010471537345628773,-3.0235504375344147,1146,OOS
12,ann14,0.5006810844090149,0.001044973435123577,0.6517719839781262,1146,OOS
13,rvol1,0.46425580396540517,0.008745072518954941,-4.087352730022456,1142,OOS
13,rvol3,0.46990672498101105,0.00851003177869905,-3.536211826413343,1142,OOS
13,rvol7,0.47895713908908955,0.008316657317800341,-2.530206560978762,1142,OOS
13,tshare1,0.46353503457268447,0.008468591460100067,-4.305906784985546,1142,OOS
13,tshare7,0.4737640421746652,0.008913752833139634,-2.9433122408100085,1142,OOS
13,tshare_z,0.4742615418939741,0.007865116657834854,-3.2724826885290312,1142,OOS
13,fund1,0.5944637059944597,0.010891555156706562,8.673114595236932,1142,OOS
13,fund7,0.6023890048287629,0.012622399522419258,8.111691017773982,1142,OOS
13,vcomp,0.4708521651706707,0.009321251579854094,-3.127030161091904,1142,OOS
13,rcomp,0.456237755519608,0.009648006266896646,-4.53588474859775,1142,OOS
13,rs1,0.494486851477153,0.009696922619232766,-0.5685462016487886,1142,OOS
13,rs3,0.48441126092026515,0.010663719573488151,-1.4618481827383332,1142,OOS
13,rs7,0.4570377364323665,0.010623000686494893,-4.044268172010171,1142,OOS
13,rs14,0.45946317241364976,0.01038103513459363,-3.904892629759612,1142,OOS
13,rs30,0.4639772777930731,0.013161336826901203,-2.7370108888405653,1142,OOS
13,age,0.37128818358298954,0.013848727291245548,-9.29412600234936,1142,OOS
13,size,0.5166780291128362,0.011711392706034373,1.4240858906765852,1142,OOS
13,dist_hi90,0.40022649417683587,0.014117340223710823,-7.067443600713768,1142,OOS
13,dist_lo90,0.527146625869476,0.01453285530251973,1.86794854172733,1142,OOS
13,h_rvol_max,0.4766705591641868,0.008578575948586574,-2.7195004130792815,1142,OOS
13,h_tshare_max,0.4877620561679636,0.009665131498645453,-1.2661952746066139,1142,OOS
13,ret1,0.494486851477153,0.009182172594729076,-0.6004187425110886,1142,OOS
13,ret7,0.4570377364323665,0.010759430240778061,-3.99298685954645,1142,OOS
13,ann14,0.5005678532256453,0.0010180581610729315,0.5577807313551538,1142,OOS
14,rvol1,0.481963808533827,0.009144182547379856,-1.9724225071754562,1132,OOS
14,rvol3,0.47486483083899234,0.009340658128369098,-2.690941988837817,1132,OOS
14,rvol7,0.48086152589444625,0.008632441212079978,-2.2170407692753176,1132,OOS
14,tshare1,0.48348883103661294,0.009335887415345422,-1.7685698454597478,1132,OOS
14,tshare7,0.4803865833626137,0.009165606389513853,-2.139892965491682,1132,OOS
14,tshare_z,0.49508928153775866,0.008353512908218176,-0.5878626771989754,1132,OOS
14,fund1,0.5909293628057275,0.011885628668363858,7.650362075314993,1132,OOS
14,fund7,0.6010031415538154,0.012980105504440297,7.781380630478216,1132,OOS
14,vcomp,0.47448629280317683,0.00994081164663119,-2.566561776217682,1132,OOS
14,rcomp,0.4566381838405731,0.009422212715924833,-4.602084188371113,1132,OOS
14,rs1,0.48744876584757435,0.009538842989511008,-1.3158025733547656,1132,OOS
14,rs3,0.47318143166801513,0.010800989793300454,-2.482973213123455,1132,OOS
14,rs7,0.45932885638555104,0.010026448022303387,-4.056386022645089,1132,OOS
14,rs14,0.458576531214523,0.01140670406492817,-3.631502014051579,1132,OOS
14,rs30,0.46016353965948603,0.012605800898582136,-3.1601689302418428,1132,OOS
14,age,0.37277417631724125,0.013287911592540778,-9.574553743582813,1132,OOS
14,size,0.5176243961909874,0.011328053376485814,1.5558186040658355,1132,OOS
14,dist_hi90,0.40046446967655336,0.014116776313886999,-7.0508682797170374,1132,OOS
14,dist_lo90,0.5283806425869213,0.01351933194197336,2.099263684680169,1132,OOS
14,h_rvol_max,0.4926375235196119,0.010152612879792357,-0.7251804601988039,1132,OOS
14,h_tshare_max,0.48538002412939846,0.007885863718640787,-1.8539473153768184,1132,OOS
14,ret1,0.48744876584757435,0.009504532247955586,-1.3205525348315175,1132,OOS
14,ret7,0.45932885638555104,0.009714869075089711,-4.1864839659790665,1132,OOS
14,ann14,0.5009007647397402,0.0012595068563912295,0.7151725575524897,1132,OOS
