cat,period,n,react_pub_to_entry_mean_pct,pre7d_abn_mean_pct,abn24h_mean_pct,abn24h_median_pct,abn24h_t_dayclust,abn24h_hit_pct,abn72h_mean_pct,abn72h_median_pct,abn72h_t_dayclust,abn72h_hit_pct,abn168h_mean_pct,abn168h_median_pct,abn168h_t_dayclust,abn168h_hit_pct
add_margin_earn,OOS,49,-2.37,9.57,-3.88,-6.97,-1.18,30.6,-8.43,-11.38,-2.1,32.7,-17.31,-16.86,-3.41,22.4
add_margin_earn,all,50,-2.45,9.84,-3.81,-6.58,-1.18,30.0,-8.14,-9.36,-2.06,34.0,-16.45,-16.75,-3.25,24.0
delist,IS,83,-3.56,-1.18,-1.66,-0.88,-0.86,28.9,-1.72,-0.21,-1.46,43.4,-2.62,-0.44,-1.78,39.8
delist,OOS,82,-8.5,-8.3,-2.44,-2.07,-1.22,36.6,-4.81,-3.21,-0.82,32.9,-20.06,-17.44,-1.49,23.2
delist,all,165,-6.01,-4.72,-2.05,-1.4,-1.49,32.7,-3.25,-1.36,-1.21,38.2,-11.29,-4.32,-1.81,31.5
futures_launch,OOS,6,-6.09,-22.4,-36.04,-0.81,-0.9,50.0,-34.04,-5.41,-0.89,50.0,-36.0,-9.28,-1.0,33.3
futures_launch,all,7,-5.06,-13.24,-32.28,-1.63,-0.95,42.9,-33.56,-11.99,-1.04,42.9,-35.48,-14.68,-1.16,28.6
hodler,OOS,26,12.53,-4.44,-7.23,-9.26,-1.17,38.5,-13.02,-13.36,-1.43,26.9,-23.91,-19.01,-3.06,23.1
hodler,all,26,12.53,-4.44,-7.23,-9.26,-1.17,38.5,-13.02,-13.36,-1.43,26.9,-23.91,-19.01,-3.06,23.1
launchpool,all,3,-3.03,-1.73,-14.13,0.5,-0.76,66.7,-32.59,-28.1,-1.48,33.3,-45.3,-54.55,-1.75,33.3
other,IS,15,-0.24,5.97,1.62,0.0,0.6,20.0,1.85,0.0,0.63,20.0,1.42,0.0,0.71,26.7
other,OOS,9,-2.05,2.67,-5.16,0.15,-0.79,55.6,0.4,5.18,0.82,55.6,-22.45,-8.9,-0.83,33.3
other,all,24,-0.92,5.02,-0.93,0.0,0.34,33.3,1.3,0.0,1.05,33.3,-7.53,-0.09,-0.34,29.2
spot_list,IS,14,5.23,15.47,-0.29,0.0,-0.18,35.7,-1.38,0.0,-0.45,21.4,-1.75,0.0,-0.49,35.7
spot_list,OOS,28,28.76,-8.09,-7.99,-7.21,-0.98,32.1,-13.09,-12.13,-1.71,28.6,-21.64,-18.2,-1.84,25.0
spot_list,all,42,20.92,0.82,-5.42,-2.46,-1.0,33.3,-9.19,-4.18,-1.75,26.2,-15.01,-8.11,-1.88,28.6
