period,rule,n_signals,signals_per_day,precision,base_rate,lift,recall_at_s,recall_s-3..s,fwd7_mean_signal,fwd7_median_signal,fwd7_mean_all,placebo_p_OOS
IS,rvol7>=p90,16159,22.727144866385373,0.04789900365121604,0.02538499845559359,1.8869019722418572,0.08145363408521303,0.11904761904761904,0.007218894139090169,-0.014023732470334394,0.011497182991432755,
IS,rvol1>=p90,16251,22.856540084388186,0.05058150267675835,0.02538499845559359,1.9925745816073788,0.08020050125313283,0.18170426065162906,0.006683878397897305,-0.015554440541896697,0.011497182991432755,
IS,h_rvol_max>=p90,16251,22.856540084388186,0.047012491538982216,0.02538499845559359,1.8519792948272962,0.07518796992481203,0.20426065162907267,0.008514794205234832,-0.011235955056179803,0.011497182991432755,
IS,tshare1>=p90,16182,22.759493670886076,0.03133110863922877,0.02538499845559359,1.2342371694068375,0.08020050125313283,0.23809523809523808,0.01292493081031861,-0.00036420947909265866,0.011497182991432755,
IS,tshare_z>=p90,16182,22.759493670886076,0.03182548510690891,0.02538499845559359,1.2537123121193714,0.07644110275689223,0.2656641604010025,0.011963742126397217,-0.002814533060488955,0.011497182991432755,
IS,fund_neg,17449,24.541490857946552,0.024700555905782566,0.02538499845559359,0.9730375185561532,0.12406015037593984,0.21929824561403508,0.024544016235521587,0.009555661729574672,0.011497182991432755,
IS,fund1<=p10,14142,19.890295358649787,0.03125441945976524,0.02538499845559359,1.2312161261084624,0.08020050125313283,0.16666666666666666,0.008145283128203243,-0.007691940779558204,0.011497182991432755,
IS,vcomp<=p10,15399,21.658227848101266,0.024741866354958113,0.02538499845559359,0.974664875329399,0.11528822055137844,0.18421052631578946,0.005016664693066848,-0.002072538860103612,0.011497182991432755,
IS,rcomp<=p10,15413,21.67791842475387,0.02381106857847272,0.02538499845559359,0.9379976374678859,0.10401002506265664,0.17042606516290726,0.00934510917466774,-0.0008310610193987822,0.011497182991432755,
IS,rs7>=p90,16253,22.859353023909986,0.0524210914908017,0.02538499845559359,2.065042138273233,0.07393483709273183,0.15664160401002505,0.006562943503071732,-0.015759520703780117,0.011497182991432755,
IS,rs30>=p90,16099,22.642756680731363,0.051245418970122365,0.02538499845559359,2.0187284651510558,0.07393483709273183,0.12155388471177944,0.009108479276507892,-0.013919400394099946,0.011497182991432755,
IS,rs7<=p10,15539,21.855133614627285,0.030310830812793618,0.02538499845559359,1.1940450130740354,0.15413533834586465,0.2581453634085213,0.012677404788099323,-0.002007548381916191,0.011497182991432755,
IS,age<90,11118,15.637130801687764,0.042543622953768664,0.02538499845559359,1.6759356132398806,0.13533834586466165,0.14035087719298245,0.0099167611581986,-0.010326132590104009,0.011497182991432755,
IS,size<=p20,31429,44.20393811533052,0.020840624900569538,0.02538499845559359,0.8209819250935311,0.18295739348370926,0.20175438596491227,0.01396871057267941,0.0036400169330845777,0.011497182991432755,
IS,ann14>0,1340,1.8846694796061885,0.011940298507462687,0.02538499845559359,0.4703682975734686,0.0012531328320802004,0.0037593984962406013,-0.004800593741346446,0.0,0.011497182991432755,
IS,ret1>=+15%,2101,2.9549929676511955,0.09662065683008092,0.02538499845559359,3.8062108610761225,0.005012531328320802,0.018796992481203006,0.0186091691667135,-0.02141065638955164,0.011497182991432755,
IS,rvol7>=p90&fund_neg,3116,4.382559774964839,0.0558408215661104,0.02538499845559359,2.1997567446692465,0.023809523809523808,0.03884711779448621,0.019001373357948992,-0.00869456810886493,0.011497182991432755,
IS,rvol7>=p80&vcomp<=p30,4486,6.309423347398031,0.034551939366919304,0.02538499845559359,1.3611164651974117,0.02631578947368421,0.07268170426065163,0.005277124968000642,-0.007849607545295345,0.011497182991432755,
IS,rvol1>=p90&tshare1>=p80,6138,8.632911392405063,0.06125773867709352,0.02538499845559359,2.4131472288348856,0.02756892230576441,0.08646616541353383,0.0038094724905873645,-0.02182373256631337,0.011497182991432755,
IS,fund_neg&rs7>=p70,6366,8.953586497890296,0.03722902921771913,0.02538499845559359,1.4665759890765606,0.03759398496240601,0.08771929824561403,0.018798778847482243,0.0013235491133407606,0.011497182991432755,
IS,POSTHOC_vol30>=p90,16251,22.856540084388186,0.053104424343117344,0.02538499845559359,2.0919609050208856,0.13659147869674185,0.16541353383458646,0.009666684205985512,-0.015053763440860402,0.011497182991432755,
OOS,rvol7>=p90,22639,37.29654036243822,0.08118733159591855,0.035570130050488084,2.2824581040519565,0.1056283731688512,0.14109483423284502,-0.010756331800364342,-0.049987312250145244,-0.01069967989673923,0.009900990099009901
OOS,rvol1>=p90,22638,37.29489291598023,0.0834437671172365,0.035570130050488084,2.34589435008522,0.09791827293754819,0.220508866615266,-0.015339559467416322,-0.05277587388622351,-0.01069967989673923,0.009900990099009901
OOS,h_rvol_max>=p90,22637,37.29324546952224,0.07858815214030128,0.035570130050488084,2.2093861346234496,0.10331534309946029,0.2536622976098689,-0.014467057307714555,-0.047503252609279234,-0.01069967989673923,0.009900990099009901
OOS,tshare1>=p90,22577,37.19439868204283,0.041059485316915445,0.035570130050488084,1.1543248579253378,0.07555898226676946,0.28218966846569005,-0.00899256662001004,-0.023483365949119372,-0.01069967989673923,0.009900990099009901
OOS,tshare_z>=p90,22576,37.19275123558484,0.039112331679659815,0.035570130050488084,1.099583600738708,0.08095605242868158,0.3161141094834233,-0.00895957824318116,-0.026882620542227564,-0.01069967989673923,0.297029702970297
OOS,fund_neg,56149,92.50247116968698,0.03138079039697947,0.035570130050488084,0.8822230998997674,0.2228218966846569,0.4163454124903624,-0.007183410263616213,-0.02164502164502169,-0.01069967989673923,0.009900990099009901
OOS,fund1<=p10,21940,36.14497528830313,0.04462169553327256,0.035570130050488084,1.2544709696010874,0.08866615265998458,0.15034695451040864,-0.024581786392015297,-0.04372223460303504,-0.01069967989673923,0.009900990099009901
OOS,vcomp<=p10,22032,36.29654036243822,0.03998729121278141,0.035570130050488084,1.1241817546358033,0.12413261372397841,0.19892058596761758,-0.001961944740771852,-0.022165387894288124,-0.01069967989673923,1.0
OOS,rcomp<=p10,22032,36.29654036243822,0.048021060275962237,0.035570130050488084,1.3500389289496935,0.15805705474171164,0.2328450269853508,-0.009858677212192867,-0.027925678404876586,-0.01069967989673923,1.0
OOS,rs7>=p90,22639,37.29654036243822,0.09041918812668404,0.035570130050488084,2.5419976817161882,0.09560524286815729,0.20431765612952968,-0.0012831335114250747,-0.04419774733013415,-0.01069967989673923,0.009900990099009901
OOS,rs30>=p90,22639,37.29654036243822,0.0879014090728389,0.035570130050488084,2.471214160535034,0.12336160370084812,0.18118735543562067,-0.0029544275882748315,-0.037529790654160955,-0.01069967989673923,0.009900990099009901
OOS,rs7<=p10,22031,36.29489291598023,0.059597839408106756,0.035570130050488084,1.6755024320550373,0.2166538164996145,0.3091750192752506,-0.013812211297939882,-0.03676183026984747,-0.01069967989673923,0.18811881188118812
OOS,age<90,18633,30.69686985172982,0.069983362850856,0.035570130050488084,1.967475596842686,0.17501927525057825,0.18195836545875096,-0.006073455028173888,-0.04152643241303744,-0.01069967989673923,0.009900990099009901
OOS,size<=p20,44404,73.15321252059309,0.030920637780380147,0.035570130050488084,0.8692866103242111,0.2135697764070933,0.23207401696222052,-0.009127267377470553,-0.02354802257073091,-0.01069967989673923,1.0
OOS,ann14>0,1105,1.8204283360790774,0.05339366515837104,0.035570130050488084,1.5010815277477003,0.007710100231303007,0.009252120277563608,0.005523257240641543,0.0,-0.01069967989673923,0.06930693069306931
OOS,ret1>=+15%,4677,7.70510708401977,0.14774428052170194,0.035570130050488084,4.153605295004386,0.004626060138781804,0.059367771781033155,-0.0021977169312257096,-0.0792645040141729,-0.01069967989673923,0.009900990099009901
OOS,rvol7>=p90&fund_neg,7950,13.097199341021417,0.06641509433962264,0.035570130050488084,1.8671591654389048,0.030069390902081727,0.05088666152659985,-0.018355906424098598,-0.056859051207398426,-0.01069967989673923,0.009900990099009901
OOS,rvol7>=p80&vcomp<=p30,6095,10.041186161449753,0.05217391304347826,0.035570130050488084,1.466790055853685,0.026214340786430222,0.06013878180416345,-0.013152277474321645,-0.03929618768328447,-0.01069967989673923,0.009900990099009901
OOS,rvol1>=p90&tshare1>=p80,5945,9.794069192751236,0.11219512195121951,0.035570130050488084,3.154194876205689,0.018504240555127217,0.059367771781033155,-0.015370822061211101,-0.05369635091699776,-0.01069967989673923,0.009900990099009901
OOS,fund_neg&rs7>=p70,17048,28.085667215815487,0.04628108869075551,0.035570130050488084,1.301122279425584,0.040863531225905934,0.1295296838858905,-0.007913125379232326,-0.029278971131481812,-0.01069967989673923,0.009900990099009901
OOS,POSTHOC_vol30>=p90,22639,37.29654036243822,0.1029197402712134,0.035570130050488084,2.893431655299814,0.18966846569005397,0.2135697764070933,-0.0009418872311981713,-0.04922670462770834,-0.01069967989673923,0.009900990099009901
