period,feature,n_case,n_ctrl,case_median,ctrl_median,case_pct_in_ctrl,se,z
IS(2024),oi_chg7,557,1119,-0.0005,-0.005,0.492,0.017,-0.43
IS(2024),oi_chg3,557,1119,-0.0107,-0.0021,0.479,0.019,-1.1
IS(2024),px_chg7,557,1127,-0.0445,-0.0052,0.415,0.05,-1.68
IS(2024),oi_minus_px7,557,1119,0.0508,0.0028,0.567,0.036,1.88
IS(2024),oiv_to_vol,557,1119,0.383,0.3939,0.478,0.028,-0.8
OOS,oi_chg7,1297,2572,0.0032,-0.0031,0.511,0.012,0.97
OOS,oi_chg3,1297,2572,-0.0039,-0.0053,0.506,0.013,0.43
OOS,px_chg7,1297,2581,-0.0785,-0.0284,0.396,0.021,-4.93
OOS,oi_minus_px7,1297,2572,0.0742,0.0243,0.581,0.014,5.73
OOS,oiv_to_vol,1297,2572,0.5018,0.5399,0.46,0.022,-1.79
all,oi_chg7,1854,3691,0.0017,-0.0035,0.506,0.01,0.57
all,oi_chg3,1854,3691,-0.0055,-0.0043,0.497,0.011,-0.25
all,px_chg7,1854,3708,-0.0704,-0.0236,0.403,0.022,-4.48
all,oi_minus_px7,1854,3691,0.0667,0.015,0.577,0.014,5.5
all,oiv_to_vol,1854,3691,0.4506,0.489,0.464,0.016,-2.22
