period,h,group,n,mean_abn_log_pct,median_pct,se_pct,t_block,hit_pct
IS,1,self,718,-1.22,-2.361,0.389,-3.14,37.0
IS,1,peer,718,0.101,-0.112,0.094,1.08,46.5
IS,1,low,718,-0.507,-0.592,0.171,-2.96,39.4
IS,1,rnd,718,-0.015,-0.228,0.065,-0.22,43.7
IS,1,peer_minus_rnd,718,0.116,,0.117,0.99,
IS,3,self,718,-2.114,-4.411,0.624,-3.39,36.2
IS,3,peer,718,0.444,-0.165,0.226,1.97,46.4
IS,3,low,718,-0.967,-1.049,0.323,-2.99,38.3
IS,3,rnd,718,-0.011,-0.102,0.108,-0.1,48.2
IS,3,peer_minus_rnd,718,0.455,,0.257,1.77,
IS,7,self,718,-2.245,-5.443,1.05,-2.14,37.7
IS,7,peer,718,0.441,-0.085,0.345,1.28,49.0
IS,7,low,718,-1.67,-1.709,0.701,-2.38,41.2
IS,7,rnd,718,0.126,-0.35,0.192,0.66,45.7
IS,7,peer_minus_rnd,718,0.314,,0.429,0.73,
OOS,1,self,1649,-2.128,-3.242,0.471,-4.51,37.1
OOS,1,peer,1649,0.108,-0.098,0.098,1.1,47.3
OOS,1,low,1649,-0.433,-0.438,0.228,-1.9,45.1
OOS,1,rnd,1649,0.012,-0.101,0.072,0.17,47.9
OOS,1,peer_minus_rnd,1649,0.096,,0.112,0.86,
OOS,3,self,1647,-2.442,-4.453,0.823,-2.97,39.1
OOS,3,peer,1647,0.171,-0.196,0.197,0.87,47.5
OOS,3,low,1647,-1.226,-0.949,0.616,-1.99,43.2
OOS,3,rnd,1647,-0.003,-0.189,0.109,-0.03,47.1
OOS,3,peer_minus_rnd,1647,0.174,,0.263,0.66,
OOS,7,self,1635,-4.472,-6.702,1.076,-4.16,37.0
OOS,7,peer,1635,0.202,-0.239,0.286,0.71,48.0
OOS,7,low,1635,-2.121,-1.758,0.75,-2.83,41.9
OOS,7,rnd,1635,0.043,-0.163,0.165,0.26,48.2
OOS,7,peer_minus_rnd,1635,0.159,,0.362,0.44,
all,1,self,2367,-1.853,-2.949,0.341,-5.44,37.1
all,1,peer,2367,0.106,-0.099,0.072,1.47,47.1
all,1,low,2367,-0.455,-0.49,0.167,-2.73,43.4
all,1,rnd,2367,0.004,-0.146,0.054,0.08,46.6
all,1,peer_minus_rnd,2367,0.102,,0.086,1.19,
all,3,self,2365,-2.343,-4.428,0.604,-3.88,38.2
all,3,peer,2365,0.254,-0.186,0.157,1.61,47.1
all,3,low,2365,-1.147,-1.007,0.423,-2.71,41.7
all,3,rnd,2365,-0.005,-0.168,0.085,-0.06,47.4
all,3,peer_minus_rnd,2365,0.259,,0.202,1.29,
all,7,self,2353,-3.793,-6.142,0.813,-4.66,37.2
all,7,peer,2353,0.275,-0.177,0.229,1.2,48.3
all,7,low,2353,-1.984,-1.729,0.582,-3.41,41.7
all,7,rnd,2353,0.068,-0.22,0.124,0.55,47.4
all,7,peer_minus_rnd,2353,0.206,,0.291,0.71,
