onset,symbol,peak_gain_pct,peak_date,med30_qv_musd,age_days,ret_peak_to_30d_pct,binance_ann
2026-08-04,TUTUSDT,836,2026-08-09,2.1,502,,
2025-09-05,HIFIUSDT,629,2025-09-12,6.1,720,-80.0,"2025-09-03 02:59 UTC: Binance Will Delist BAKE, HIFI, SLF on 2025-09-17 (https://www.binance.com/en/support/announcement/detail/b601f1d986ad403b8c667dd0ca17e2e7)"
2026-06-15,SYNUSDT,467,2026-06-22,2.1,668,-36.0,
2025-07-17,SPKUSDT,430,2025-07-23,50.2,30,-56.0,
2026-07-09,AKEUSDT,428,2026-07-16,2.0,286,890.0,
2025-07-03,HYPERUSDT,418,2025-07-10,6.5,72,-29.0,
2025-10-12,XPINUSDT,417,2025-10-19,38.1,30,-35.0,
2026-04-02,RAVEUSDT,294,2026-04-09,5.4,109,-20.0,
2026-06-24,NFPUSDT,251,2026-07-01,3.3,910,-69.0,"2026-06-26 09:00 UTC: Binance Will Delist ALCX, ARDR, NFP, POND on 2026-07-10 (https://www.binance.com/en/support/announcement/detail/a9c1a7bb97064c69a660316bff39f2bd)"
2026-01-22,BULLAUSDT,211,2026-01-29,2.4,202,-74.0,
2026-08-05,APRUSDT,211,2026-08-12,3.1,286,,
2025-12-06,FOLKSUSDT,210,2025-12-13,34.0,30,-90.0,
2026-07-23,DEXEUSDT,204,2026-07-25,44.0,576,-59.0,
2026-06-13,ESPORTSUSDT,201,2026-06-17,54.4,319,-83.0,
2025-08-31,MYXUSDT,189,2025-09-07,372.7,74,58.0,
2025-07-30,MEMEFIUSDT,187,2025-08-06,2.8,96,-38.0,2025-08-06 07:30 UTC: Binance Futures Will Delist USDⓈ-M DEFIUSDT and MEMEFI Perpetual Contracts (2025-08-11) (https://www.binance.com/en/support/announcement/detail/21e399dcea734230a3c181daf5407b64)
2026-04-12,PIEVERSEUSDT,184,2026-04-19,2.2,149,-39.0,
2025-10-06,HUSDT,172,2025-10-13,42.0,103,-8.0,
2025-04-15,ZEREBROUSDT,170,2025-04-22,23.7,103,-14.0,
2025-12-09,LIGHTUSDT,170,2025-12-16,20.3,73,-63.0,
2026-01-17,ENSOUSDT,166,2026-01-24,3.9,95,12.0,
2025-08-22,TAUSDT,165,2025-08-29,17.6,32,-46.0,
2024-01-12,UMAUSDT,162,2024-01-19,9.5,247,-18.0,
2025-10-06,BASUSDT,158,2025-10-13,15.8,41,-85.0,
2025-07-11,EPICUSDT,154,2025-07-18,2.9,120,24.0,
2025-04-13,NKNUSDT,147,2025-04-20,2.3,1833,-17.0,
2025-08-03,BULLAUSDT,145,2025-08-09,12.4,30,-49.0,
2026-04-30,TSTUSDT,144,2026-05-04,2.1,445,-39.0,
2026-04-01,AIOTUSDT,143,2026-04-03,2.1,336,185.0,
2025-11-17,PIPPINUSDT,141,2025-11-24,28.5,297,662.0,
