,etf_bn,treas_bn,close,ret%,next_ret%,next2_ret%
2024-01-31 00:00:00+00:00,,0.0,2282.0,-0.081,46.501,59.894
2024-02-29 00:00:00+00:00,,0.0,3343.15,46.501,9.142,-9.888
2024-03-31 00:00:00+00:00,,0.0,3648.79,9.142,-17.436,3.167
2024-04-30 00:00:00+00:00,,0.0,3012.58,-17.436,24.954,14.079
2024-05-31 00:00:00+00:00,,0.0,3764.35,24.954,-8.703,-14.156
2024-06-30 00:00:00+00:00,,0.0,3436.73,-8.703,-5.972,-26.91
2024-07-31 00:00:00+00:00,-0.494,0.0,3231.48,-5.972,-22.268,-19.495
2024-08-31 00:00:00+00:00,0.006,0.0,2511.91,-22.268,3.566,0.257
2024-09-30 00:00:00+00:00,-0.049,0.0,2601.49,3.566,-3.195,42.446
2024-10-31 00:00:00+00:00,0.042,0.0,2518.37,-3.195,47.148,32.489
2024-11-30 00:00:00+00:00,1.059,0.0,3705.73,47.148,-9.962,-10.962
2024-12-31 00:00:00+00:00,2.094,0.0,3336.57,-9.962,-1.111,-32.967
2025-01-31 00:00:00+00:00,0.1,0.0,3299.5,-1.111,-32.214,-44.792
2025-02-28 00:00:00+00:00,0.055,0.0,2236.59,-32.214,-18.555,-19.846
2025-03-31 00:00:00+00:00,-0.384,0.0,1821.59,-18.555,-1.585,38.729
2025-04-30 00:00:00+00:00,0.058,0.0,1792.71,-1.585,40.964,38.578
2025-05-31 00:00:00+00:00,0.564,0.0,2527.08,40.964,-1.693,46.279
2025-06-30 00:00:00+00:00,1.165,0.479,2484.3,-1.693,48.798,76.693
2025-07-31 00:00:00+00:00,5.428,2.993,3696.58,48.798,18.747,12.07
2025-08-31 00:00:00+00:00,3.864,6.51,4389.58,18.747,-5.623,-12.374
2025-09-30 00:00:00+00:00,0.294,3.923,4142.75,-5.623,-7.153,-27.825
2025-10-31 00:00:00+00:00,0.578,2.861,3846.42,-7.153,-22.265,-22.775
2025-11-30 00:00:00+00:00,-1.425,1.09,2990.02,-22.265,-0.656,-18.048
2025-12-31 00:00:00+00:00,-0.62,1.467,2970.4,-0.656,-17.507,-33.898
2026-01-31 00:00:00+00:00,-0.349,0.409,2450.38,-17.507,-19.87,-14.116
2026-02-28 00:00:00+00:00,-0.375,0.375,1963.48,-19.87,7.182,14.923
2026-03-31 00:00:00+00:00,-0.345,0.632,2104.49,7.182,7.223,-4.665
2026-04-30 00:00:00+00:00,0.168,0.784,2256.49,7.223,-11.087,-30.358
2026-05-31 00:00:00+00:00,-0.578,0.697,2006.31,-11.087,-21.674,-7.209
2026-06-30 00:00:00+00:00,-0.519,0.541,1571.47,-21.674,18.467,56.957
2026-07-31 00:00:00+00:00,0.323,0.16,1861.68,18.467,32.489,44.523
2026-08-31 00:00:00+00:00,1.682,0.266,2466.53,32.489,9.083,
2026-09-30 00:00:00+00:00,0.614,0.212,2690.56,9.083,,
