key,per,n,avg_R,t,win%,avg_ret%,t_ret,sum_ret%,days
BTC|flow_all|N7|p70|base,IS,17,0.259,1.68,52.9,2.7,1.71,45.9,136
BTC|flow_all|N7|p70|base,OOS,29,-0.13,-1.47,41.4,-1.332,-1.58,-38.6,223
BTC|flow_all|N7|p80|base,IS,12,0.222,1.21,58.3,2.223,1.2,26.7,96
BTC|flow_all|N7|p80|base,OOS,22,-0.074,-0.83,54.5,-0.715,-0.92,-15.7,172
BTC|flow_all|N7|p90|base,IS,8,0.048,0.48,50.0,0.39,0.37,3.1,64
BTC|flow_all|N7|p90|base,OOS,8,-0.147,-0.93,50.0,-1.128,-0.89,-9.0,62
BTC|flow_etf|N7|p80|base,IS,11,0.081,0.38,45.5,0.886,0.41,9.7,88
BTC|flow_etf|N7|p80|base,OOS,18,-0.144,-1.3,33.3,-1.177,-1.25,-21.2,139
BTC|flow_treasury|N7|p80|base,IS,30,0.107,0.86,53.3,1.197,0.88,35.9,224
BTC|flow_treasury|N7|p80|base,OOS,19,-0.089,-1.01,42.1,-1.121,-1.09,-21.3,148
BTC|ctl_mom14|N7|base,IS,66,0.208,2.55,57.6,2.045,2.43,135.0,517
BTC|ctl_mom14|N7|base,OOS,53,-0.019,-0.18,45.3,-0.451,-0.55,-23.9,404
BTC|ctl_always|N7|base,IS,39,0.07,0.71,51.3,0.729,0.63,28.4,295
BTC|ctl_always|N7|base,OOS,80,-0.028,-0.34,47.5,-0.376,-0.55,-30.1,604
BTC|flow_all|N14|p70|base,IS,12,0.297,1.0,75.0,3.366,1.12,40.4,165
BTC|flow_all|N14|p70|base,OOS,21,-0.165,-1.08,42.9,-1.468,-1.0,-30.8,275
BTC|flow_all|N14|p80|base,IS,10,0.292,0.74,70.0,3.001,0.75,30.0,133
BTC|flow_all|N14|p80|base,OOS,17,-0.078,-0.45,47.1,-0.556,-0.39,-9.5,225
BTC|flow_all|N14|p90|base,IS,6,0.748,1.43,83.3,7.481,1.57,44.9,90
BTC|flow_all|N14|p90|base,OOS,8,-0.214,-0.92,25.0,-1.635,-0.76,-13.1,107
BTC|flow_etf|N14|p80|base,IS,9,0.166,0.38,55.6,1.777,0.42,16.0,125
BTC|flow_etf|N14|p80|base,OOS,14,-0.046,-0.23,50.0,0.309,0.17,4.3,186
BTC|flow_treasury|N14|p80|base,IS,17,0.199,0.75,52.9,2.04,0.73,34.7,230
BTC|flow_treasury|N14|p80|base,OOS,14,-0.128,-0.83,50.0,-1.504,-0.91,-21.1,197
BTC|ctl_mom14|N14|base,IS,39,0.348,2.24,56.4,3.274,2.11,127.7,558
BTC|ctl_mom14|N14|base,OOS,32,0.034,0.23,50.0,0.258,0.2,8.3,435
BTC|ctl_always|N14|base,IS,21,0.171,0.78,52.4,1.611,0.68,33.8,293
BTC|ctl_always|N14|base,OOS,45,0.012,0.09,46.7,0.022,0.02,1.0,606
BTC|flow_all|N30|p70|base,IS,8,0.382,0.71,50.0,3.41,0.61,27.3,212
BTC|flow_all|N30|p70|base,OOS,14,-0.279,-1.06,28.6,-2.716,-1.05,-38.0,311
BTC|flow_all|N30|p80|base,IS,7,0.55,0.88,57.1,5.425,0.86,38.0,179
BTC|flow_all|N30|p80|base,OOS,12,-0.08,-0.3,50.0,-0.423,-0.16,-5.1,278
BTC|flow_all|N30|p90|base,IS,4,1.103,1.35,75.0,10.486,1.33,41.9,124
BTC|flow_all|N30|p90|base,OOS,7,-0.276,-0.8,42.9,-2.394,-0.7,-16.8,166
BTC|flow_etf|N30|p80|base,IS,7,0.286,0.43,42.9,2.661,0.4,18.6,159
BTC|flow_etf|N30|p80|base,OOS,10,-0.23,-0.75,40.0,-2.074,-0.72,-20.7,234
BTC|flow_treasury|N30|p80|base,IS,9,0.406,0.99,66.7,4.884,1.16,44.0,235
BTC|flow_treasury|N30|p80|base,OOS,14,-0.075,-0.31,42.9,-0.467,-0.19,-6.5,324
BTC|ctl_mom14|N30|base,IS,23,0.672,2.2,65.2,6.443,2.14,148.2,630
BTC|ctl_mom14|N30|base,OOS,18,0.162,0.57,44.4,0.907,0.37,16.3,465
BTC|ctl_always|N30|base,IS,11,0.334,0.98,72.7,4.045,1.15,44.5,298
BTC|ctl_always|N30|base,OOS,26,-0.03,-0.14,50.0,-0.296,-0.15,-7.7,601
BTC|flow_all|N7|p70|harsh,IS,17,0.251,1.63,52.9,2.618,1.66,44.5,136
BTC|flow_all|N7|p70|harsh,OOS,29,-0.138,-1.56,37.9,-1.411,-1.68,-40.9,223
BTC|flow_all|N7|p80|harsh,IS,12,0.214,1.17,58.3,2.142,1.16,25.7,96
BTC|flow_all|N7|p80|harsh,OOS,22,-0.083,-0.94,50.0,-0.794,-1.03,-17.5,172
BTC|flow_all|N7|p90|harsh,IS,8,0.041,0.41,50.0,0.309,0.3,2.5,64
BTC|flow_all|N7|p90|harsh,OOS,8,-0.155,-0.99,50.0,-1.207,-0.96,-9.7,62
BTC|flow_etf|N7|p80|harsh,IS,11,0.073,0.34,45.5,0.805,0.38,8.9,88
BTC|flow_etf|N7|p80|harsh,OOS,18,-0.152,-1.38,27.8,-1.256,-1.34,-22.6,139
BTC|flow_treasury|N7|p80|harsh,IS,30,0.099,0.81,53.3,1.117,0.82,33.5,224
BTC|flow_treasury|N7|p80|harsh,OOS,19,-0.096,-1.1,42.1,-1.2,-1.17,-22.8,148
BTC|ctl_mom14|N7|harsh,IS,66,0.199,2.46,57.6,1.964,2.33,129.6,517
BTC|ctl_mom14|N7|harsh,OOS,53,-0.028,-0.27,43.4,-0.531,-0.65,-28.1,404
BTC|ctl_always|N7|harsh,IS,39,0.064,0.65,51.3,0.648,0.56,25.3,295
BTC|ctl_always|N7|harsh,OOS,80,-0.036,-0.45,47.5,-0.456,-0.67,-36.5,604
BTC|flow_all|N14|p70|harsh,IS,12,0.289,0.97,75.0,3.283,1.09,39.4,165
BTC|flow_all|N14|p70|harsh,OOS,21,-0.173,-1.13,42.9,-1.546,-1.05,-32.5,275
BTC|flow_all|N14|p80|harsh,IS,10,0.284,0.72,70.0,2.918,0.73,29.2,133
BTC|flow_all|N14|p80|harsh,OOS,17,-0.086,-0.51,47.1,-0.634,-0.44,-10.8,225
BTC|flow_all|N14|p90|harsh,IS,6,0.738,1.42,83.3,7.396,1.55,44.4,90
BTC|flow_all|N14|p90|harsh,OOS,8,-0.222,-0.96,25.0,-1.714,-0.8,-13.7,107
BTC|flow_etf|N14|p80|harsh,IS,9,0.158,0.36,55.6,1.696,0.4,15.3,125
BTC|flow_etf|N14|p80|harsh,OOS,14,-0.054,-0.27,50.0,0.231,0.13,3.2,186
BTC|flow_treasury|N14|p80|harsh,IS,17,0.192,0.72,52.9,1.959,0.7,33.3,230
BTC|flow_treasury|N14|p80|harsh,OOS,14,-0.135,-0.89,50.0,-1.583,-0.96,-22.2,197
BTC|ctl_mom14|N14|harsh,IS,39,0.339,2.2,56.4,3.192,2.06,124.5,558
BTC|ctl_mom14|N14|harsh,OOS,32,0.026,0.17,50.0,0.179,0.14,5.7,435
BTC|ctl_always|N14|harsh,IS,21,0.164,0.75,52.4,1.53,0.65,32.1,293
BTC|ctl_always|N14|harsh,OOS,45,0.004,0.03,44.4,-0.057,-0.05,-2.6,606
BTC|flow_all|N30|p70|harsh,IS,8,0.374,0.7,50.0,3.327,0.6,26.6,212
BTC|flow_all|N30|p70|harsh,OOS,14,-0.286,-1.09,28.6,-2.792,-1.08,-39.1,311
BTC|flow_all|N30|p80|harsh,IS,7,0.541,0.87,57.1,5.342,0.85,37.4,179
BTC|flow_all|N30|p80|harsh,OOS,12,-0.088,-0.33,50.0,-0.5,-0.2,-6.0,278
BTC|flow_all|N30|p90|harsh,IS,4,1.093,1.35,75.0,10.398,1.32,41.6,124
BTC|flow_all|N30|p90|harsh,OOS,7,-0.283,-0.83,42.9,-2.472,-0.72,-17.3,166
BTC|flow_etf|N30|p80|harsh,IS,7,0.278,0.42,42.9,2.579,0.39,18.1,159
BTC|flow_etf|N30|p80|harsh,OOS,10,-0.237,-0.78,40.0,-2.149,-0.75,-21.5,234
BTC|flow_treasury|N30|p80|harsh,IS,9,0.398,0.97,66.7,4.8,1.14,43.2,235
BTC|flow_treasury|N30|p80|harsh,OOS,14,-0.082,-0.34,42.9,-0.547,-0.22,-7.7,324
BTC|ctl_mom14|N30|harsh,IS,23,0.661,2.17,65.2,6.358,2.11,146.2,630
BTC|ctl_mom14|N30|harsh,OOS,18,0.153,0.54,44.4,0.829,0.34,14.9,465
BTC|ctl_always|N30|harsh,IS,11,0.326,0.96,72.7,3.962,1.13,43.6,298
BTC|ctl_always|N30|harsh,OOS,26,-0.037,-0.18,46.2,-0.374,-0.19,-9.7,601
ETH|flow_all|N7|p70|base,IS,12,0.075,0.32,58.3,0.99,0.31,11.9,93
ETH|flow_all|N7|p70|base,OOS,37,0.101,0.94,48.6,1.46,0.93,54.0,287
ETH|flow_all|N7|p80|base,IS,8,-0.063,-0.28,62.5,-0.594,-0.18,-4.7,61
ETH|flow_all|N7|p80|base,OOS,25,0.133,1.02,60.0,2.131,1.1,53.3,190
ETH|flow_all|N7|p90|base,IS,7,-0.27,-1.11,42.9,-3.493,-0.99,-24.5,51
ETH|flow_all|N7|p90|base,OOS,13,-0.017,-0.09,53.8,-0.04,-0.02,-0.5,103
ETH|flow_etf|N7|p80|base,IS,8,-0.063,-0.28,62.5,-0.594,-0.18,-4.7,61
ETH|flow_etf|N7|p80|base,OOS,25,0.025,0.21,60.0,0.389,0.24,9.7,184
ETH|flow_treasury|N7|p80|base,IS,0,,,,,,,0
ETH|flow_treasury|N7|p80|base,OOS,1,0.461,,100.0,6.736,,6.7,8
ETH|ctl_mom14|N7|base,IS,60,0.039,0.52,53.3,0.311,0.32,18.6,465
ETH|ctl_mom14|N7|base,OOS,49,0.069,0.5,40.8,0.527,0.31,25.8,371
ETH|ctl_always|N7|base,IS,13,0.207,0.73,46.2,2.916,0.73,37.9,102
ETH|ctl_always|N7|base,OOS,80,-0.005,-0.06,45.0,-0.326,-0.29,-26.1,603
ETH|flow_all|N14|p70|base,IS,8,0.3,0.78,62.5,4.442,0.84,35.5,99
ETH|flow_all|N14|p70|base,OOS,25,-0.035,-0.19,40.0,-0.319,-0.11,-8.0,329
ETH|flow_all|N14|p80|base,IS,6,-0.195,-0.63,33.3,-3.183,-0.71,-19.1,74
ETH|flow_all|N14|p80|base,OOS,16,0.347,1.33,50.0,5.535,1.35,88.6,218
ETH|flow_all|N14|p90|base,IS,5,-0.254,-0.7,40.0,-3.539,-0.68,-17.7,57
ETH|flow_all|N14|p90|base,OOS,10,0.035,0.11,50.0,0.397,0.09,4.0,120
ETH|flow_etf|N14|p80|base,IS,6,-0.195,-0.63,33.3,-3.183,-0.71,-19.1,74
ETH|flow_etf|N14|p80|base,OOS,17,0.3,1.16,52.9,4.516,1.15,76.8,233
ETH|flow_treasury|N14|p80|base,IS,0,,,,,,,0
ETH|flow_treasury|N14|p80|base,OOS,1,-0.134,,0.0,-1.952,,-2.0,15
ETH|ctl_mom14|N14|base,IS,36,0.138,0.85,44.4,1.212,0.6,43.6,499
ETH|ctl_mom14|N14|base,OOS,31,0.043,0.24,54.8,0.439,0.17,13.6,399
ETH|ctl_always|N14|base,IS,7,0.396,1.23,57.1,5.035,1.1,35.2,105
ETH|ctl_always|N14|base,OOS,46,-0.018,-0.14,52.2,-0.585,-0.3,-26.9,600
ETH|flow_all|N30|p70|base,IS,5,0.332,0.38,40.0,3.514,0.31,17.6,115
ETH|flow_all|N30|p70|base,OOS,15,0.096,0.29,40.0,1.543,0.27,23.1,364
ETH|flow_all|N30|p80|base,IS,4,0.353,0.45,50.0,3.915,0.35,15.7,94
ETH|flow_all|N30|p80|base,OOS,11,0.194,0.41,27.3,2.083,0.26,22.9,273
ETH|flow_all|N30|p90|base,IS,3,0.428,0.58,66.7,5.403,0.58,16.2,67
ETH|flow_all|N30|p90|base,OOS,6,-0.128,-0.19,33.3,-2.711,-0.28,-16.3,132
ETH|flow_etf|N30|p80|base,IS,4,0.353,0.45,50.0,3.915,0.35,15.7,94
ETH|flow_etf|N30|p80|base,OOS,12,0.158,0.36,33.3,1.653,0.23,19.8,290
ETH|flow_treasury|N30|p80|base,IS,0,,,,,,,0
ETH|flow_treasury|N30|p80|base,OOS,1,0.034,,100.0,0.503,,0.5,31
ETH|ctl_mom14|N30|base,IS,23,0.084,0.25,34.8,0.541,0.14,12.4,552
ETH|ctl_mom14|N30|base,OOS,19,0.032,0.11,42.1,0.856,0.18,16.3,437
ETH|ctl_always|N30|base,IS,4,0.604,0.76,50.0,7.207,0.71,28.8,124
ETH|ctl_always|N30|base,OOS,25,-0.005,-0.02,52.0,-1.015,-0.29,-25.4,581
ETH|flow_all|N7|p70|harsh,IS,12,0.069,0.3,58.3,0.91,0.29,10.9,93
ETH|flow_all|N7|p70|harsh,OOS,37,0.096,0.89,48.6,1.38,0.88,51.0,287
ETH|flow_all|N7|p80|harsh,IS,8,-0.068,-0.31,62.5,-0.673,-0.2,-5.4,61
ETH|flow_all|N7|p80|harsh,OOS,25,0.127,0.98,56.0,2.05,1.06,51.3,190
ETH|flow_all|N7|p90|harsh,IS,7,-0.275,-1.13,42.9,-3.571,-1.02,-25.0,51
ETH|flow_all|N7|p90|harsh,OOS,13,-0.022,-0.12,53.8,-0.12,-0.05,-1.6,103
ETH|flow_etf|N7|p80|harsh,IS,8,-0.068,-0.31,62.5,-0.673,-0.2,-5.4,61
ETH|flow_etf|N7|p80|harsh,OOS,25,0.02,0.16,56.0,0.31,0.19,7.8,184
ETH|flow_treasury|N7|p80|harsh,IS,0,,,,,,,0
ETH|flow_treasury|N7|p80|harsh,OOS,1,0.455,,100.0,6.651,,6.7,8
ETH|ctl_mom14|N7|harsh,IS,60,0.033,0.44,53.3,0.23,0.24,13.8,465
ETH|ctl_mom14|N7|harsh,OOS,49,0.063,0.46,40.8,0.447,0.26,21.9,371
ETH|ctl_always|N7|harsh,IS,13,0.201,0.71,46.2,2.834,0.71,36.8,102
ETH|ctl_always|N7|harsh,OOS,80,-0.01,-0.12,45.0,-0.405,-0.36,-32.4,603
ETH|flow_all|N14|p70|harsh,IS,8,0.293,0.77,62.5,4.359,0.82,34.9,99
ETH|flow_all|N14|p70|harsh,OOS,25,-0.04,-0.21,40.0,-0.397,-0.14,-9.9,329
ETH|flow_all|N14|p80|harsh,IS,6,-0.2,-0.65,33.3,-3.261,-0.73,-19.6,74
ETH|flow_all|N14|p80|harsh,OOS,16,0.342,1.31,50.0,5.453,1.34,87.2,218
ETH|flow_all|N14|p90|harsh,IS,5,-0.259,-0.72,40.0,-3.616,-0.7,-18.1,57
ETH|flow_all|N14|p90|harsh,OOS,10,0.029,0.09,50.0,0.317,0.07,3.2,120
ETH|flow_etf|N14|p80|harsh,IS,6,-0.2,-0.65,33.3,-3.261,-0.73,-19.6,74
ETH|flow_etf|N14|p80|harsh,OOS,17,0.294,1.14,47.1,4.435,1.13,75.4,233
ETH|flow_treasury|N14|p80|harsh,IS,0,,,,,,,0
ETH|flow_treasury|N14|p80|harsh,OOS,1,-0.139,,0.0,-2.031,,-2.0,15
ETH|ctl_mom14|N14|harsh,IS,36,0.131,0.81,44.4,1.131,0.56,40.7,499
ETH|ctl_mom14|N14|harsh,OOS,31,0.038,0.21,51.6,0.36,0.14,11.1,399
ETH|ctl_always|N14|harsh,IS,7,0.39,1.22,57.1,4.952,1.08,34.7,105
ETH|ctl_always|N14|harsh,OOS,46,-0.023,-0.18,52.2,-0.664,-0.34,-30.5,600
ETH|flow_all|N30|p70|harsh,IS,5,0.326,0.38,40.0,3.431,0.3,17.2,115
ETH|flow_all|N30|p70|harsh,OOS,15,0.091,0.27,40.0,1.464,0.26,22.0,364
ETH|flow_all|N30|p80|harsh,IS,4,0.347,0.44,50.0,3.832,0.34,15.3,94
ETH|flow_all|N30|p80|harsh,OOS,11,0.189,0.4,27.3,2.004,0.25,22.0,273
ETH|flow_all|N30|p90|harsh,IS,3,0.42,0.57,66.7,5.32,0.58,16.0,67
ETH|flow_all|N30|p90|harsh,OOS,6,-0.133,-0.19,33.3,-2.789,-0.28,-16.7,132
ETH|flow_etf|N30|p80|harsh,IS,4,0.347,0.44,50.0,3.832,0.34,15.3,94
ETH|flow_etf|N30|p80|harsh,OOS,12,0.153,0.34,33.3,1.575,0.21,18.9,290
ETH|flow_treasury|N30|p80|harsh,IS,0,,,,,,,0
ETH|flow_treasury|N30|p80|harsh,OOS,1,0.029,,100.0,0.422,,0.4,31
ETH|ctl_mom14|N30|harsh,IS,23,0.077,0.23,34.8,0.46,0.12,10.6,552
ETH|ctl_mom14|N30|harsh,OOS,19,0.027,0.1,42.1,0.777,0.16,14.8,437
ETH|ctl_always|N30|harsh,IS,4,0.597,0.75,25.0,7.122,0.7,28.5,124
ETH|ctl_always|N30|harsh,OOS,25,-0.01,-0.04,52.0,-1.093,-0.32,-27.3,581
