event_id,category,t_publish_utc,t_publish_et,scheduled,time_precision,direction_exante,description,value_name,value,core_actual,core_nowcast,core_surprise_nowcast,head_actual,head_nowcast,dgs2_change_bp,source_url,source_level,accessed
E0000,FOMC_MINUTES,2023-01-04 19:00:00,2023-01-04 14:00 EST,1,scheduled,0,FOMC minutes of 2022-12-14 meeting,,,,,,,,-4.0,https://www.federalreserve.gov/monetarypolicy/fomcminutes20221214.htm,[офиц.],2026-09-27
E0001,NFP,2023-01-06 13:30:00,2023-01-06 08:30 EST,1,scheduled,0,December 2022 Employment Situation,,,,,,,,-21.0,https://www.bls.gov/news.release/archives/empsit_01062023.htm,[офиц.],2026-09-27
E0002,CPI,2023-01-12 13:30:00,2023-01-12 08:30 EST,1,scheduled,0,December 2022 Consumer Price Index,,,0.303,0.484,-0.181,-0.079,0.121,-8.0,https://www.bls.gov/news.release/archives/cpi_01122023.htm,[офиц.],2026-09-27
E0003,PPI,2023-01-18 13:30:00,2023-01-18 08:30 EST,1,scheduled,0,December 2022 Producer Price Index,,,,,,,,-12.0,https://www.bls.gov/news.release/archives/ppi_01182023.htm,[офиц.],2026-09-27
E0004,PCE,2023-01-27 13:30:00,2023-01-27 08:30 EST,1,scheduled,0,Personal Income and Outlays (PCE) ,,,,,,,,2.0,https://alfred.stlouisfed.org/release/downloaddates?rid=54,[офиц.],2026-09-27
E0005,FOMC_STATEMENT,2023-02-01 19:00:00,2023-02-01 14:00 EST,1,scheduled,0,FOMC statement: hike +25 bp,rate_change_bp,25.0,,,,,,-12.0,https://www.federalreserve.gov/newsevents/pressreleases/monetary20230201a.htm,[офиц.],2026-09-27
E0006,FOMC_PRESSER,2023-02-01 19:30:00,2023-02-01 14:30 EST,1,scheduled,0,FOMC press conference start (2:30 p.m. ET),rate_change_bp,25.0,,,,,,-12.0,https://www.federalreserve.gov/monetarypolicy/fomcpresconf20230201.htm,[офиц.],2026-09-27
E0007,NFP,2023-02-03 13:30:00,2023-02-03 08:30 EST,1,scheduled,0,January 2023 Employment Situation,,,,,,,,21.0,https://www.bls.gov/news.release/archives/empsit_02032023.htm,[офиц.],2026-09-27
E0008,CPI,2023-02-14 13:30:00,2023-02-14 08:30 EST,1,scheduled,0,January 2023 Consumer Price Index,,,0.412,0.463,-0.051,0.517,0.647,8.0,https://www.bls.gov/news.release/archives/cpi_02142023.htm,[офиц.],2026-09-27
E0009,PPI,2023-02-16 13:30:00,2023-02-16 08:30 EST,1,scheduled,0,January 2023 Producer Price Index,,,,,,,,0.0,https://www.bls.gov/news.release/archives/ppi_02162023.htm,[офиц.],2026-09-27
E0010,FOMC_MINUTES,2023-02-22 19:00:00,2023-02-22 14:00 EST,1,scheduled,0,FOMC minutes of 2023-02-01 meeting,,,,,,,,-1.0,https://www.federalreserve.gov/monetarypolicy/fomcminutes20230201.htm,[офиц.],2026-09-27
E0011,PCE,2023-02-24 13:30:00,2023-02-24 08:30 EST,1,scheduled,0,Personal Income and Outlays (PCE) ,,,,,,,,12.0,https://alfred.stlouisfed.org/release/downloaddates?rid=54,[офиц.],2026-09-27
E0012,NFP,2023-03-10 13:30:00,2023-03-10 08:30 EST,1,scheduled,0,February 2023 Employment Situation,,,,,,,,-30.0,https://www.bls.gov/news.release/archives/empsit_03102023.htm,[офиц.],2026-09-27
E0013,CPI,2023-03-14 12:30:00,2023-03-14 08:30 EDT,1,scheduled,0,February 2023 Consumer Price Index,,,0.452,0.451,0.001,0.37,0.537,17.0,https://www.bls.gov/news.release/archives/cpi_03142023.htm,[офиц.],2026-09-27
E0014,PPI,2023-03-15 12:30:00,2023-03-15 08:30 EDT,1,scheduled,0,February 2023 Producer Price Index,,,,,,,,-27.0,https://www.bls.gov/news.release/archives/ppi_03152023.htm,[офиц.],2026-09-27
E0015,FOMC_STATEMENT,2023-03-22 18:00:00,2023-03-22 14:00 EDT,1,scheduled,0,FOMC statement: hike +25 bp,rate_change_bp,25.0,,,,,,-21.0,https://www.federalreserve.gov/newsevents/pressreleases/monetary20230322a.htm,[офиц.],2026-09-27
E0016,FOMC_PRESSER,2023-03-22 18:30:00,2023-03-22 14:30 EDT,1,scheduled,0,FOMC press conference start (2:30 p.m. ET),rate_change_bp,25.0,,,,,,-21.0,https://www.federalreserve.gov/monetarypolicy/fomcpresconf20230322.htm,[офиц.],2026-09-27
E0017,PCE,2023-03-31 12:30:00,2023-03-31 08:30 EDT,1,scheduled,0,Personal Income and Outlays (PCE) ,,,,,,,,-4.0,https://alfred.stlouisfed.org/release/downloaddates?rid=54,[офиц.],2026-09-27
E0018,NFP,2023-04-07 12:30:00,2023-04-07 08:30 EDT,1,scheduled,0,March 2023 Employment Situation,,,,,,,,15.0,https://www.bls.gov/news.release/archives/empsit_04072023.htm,[офиц.],2026-09-27
E0019,CPI,2023-04-12 12:30:00,2023-04-12 08:30 EDT,1,scheduled,0,March 2023 Consumer Price Index,,,0.385,0.449,-0.065,0.053,0.301,-8.0,https://www.bls.gov/news.release/archives/cpi_04122023.htm,[офиц.],2026-09-27
E0020,FOMC_MINUTES,2023-04-12 18:00:00,2023-04-12 14:00 EDT,1,scheduled,0,FOMC minutes of 2023-03-22 meeting,,,,,,,,-8.0,https://www.federalreserve.gov/monetarypolicy/fomcminutes20230322.htm,[офиц.],2026-09-27
E0021,PPI,2023-04-13 12:30:00,2023-04-13 08:30 EDT,1,scheduled,0,March 2023 Producer Price Index,,,,,,,,1.0,https://www.bls.gov/news.release/archives/ppi_04132023.htm,[офиц.],2026-09-27
E0022,PCE,2023-04-28 12:30:00,2023-04-28 08:30 EDT,1,scheduled,0,Personal Income and Outlays (PCE) ,,,,,,,,-3.0,https://alfred.stlouisfed.org/release/downloaddates?rid=54,[офиц.],2026-09-27
E0023,FOMC_STATEMENT,2023-05-03 18:00:00,2023-05-03 14:00 EDT,1,scheduled,0,FOMC statement: hike +25 bp,rate_change_bp,25.0,,,,,,-8.0,https://www.federalreserve.gov/newsevents/pressreleases/monetary20230503a.htm,[офиц.],2026-09-27
E0024,FOMC_PRESSER,2023-05-03 18:30:00,2023-05-03 14:30 EDT,1,scheduled,0,FOMC press conference start (2:30 p.m. ET),rate_change_bp,25.0,,,,,,-8.0,https://www.federalreserve.gov/monetarypolicy/fomcpresconf20230503.htm,[офиц.],2026-09-27
E0025,NFP,2023-05-05 12:30:00,2023-05-05 08:30 EDT,1,scheduled,0,April 2023 Employment Situation,,,,,,,,17.0,https://www.bls.gov/news.release/archives/empsit_05052023.htm,[офиц.],2026-09-27
E0026,CPI,2023-05-10 12:30:00,2023-05-10 08:30 EDT,1,scheduled,0,April 2023 Consumer Price Index,,,0.409,0.455,-0.046,0.368,0.609,-11.0,https://www.bls.gov/news.release/archives/cpi_05102023.htm,[офиц.],2026-09-27
E0027,PPI,2023-05-11 12:30:00,2023-05-11 08:30 EDT,1,scheduled,0,April 2023 Producer Price Index,,,,,,,,-1.0,https://www.bls.gov/news.release/archives/ppi_05112023.htm,[офиц.],2026-09-27
E0028,FOMC_MINUTES,2023-05-24 18:00:00,2023-05-24 14:00 EDT,1,scheduled,0,FOMC minutes of 2023-05-03 meeting,,,,,,,,5.0,https://www.federalreserve.gov/monetarypolicy/fomcminutes20230503.htm,[офиц.],2026-09-27
E0029,PCE,2023-05-26 12:30:00,2023-05-26 08:30 EDT,1,scheduled,0,Personal Income and Outlays (PCE) ,,,,,,,,4.0,https://alfred.stlouisfed.org/release/downloaddates?rid=54,[офиц.],2026-09-27
E0030,NFP,2023-06-02 12:30:00,2023-06-02 08:30 EDT,1,scheduled,0,May 2023 Employment Situation,,,,,,,,17.0,https://www.bls.gov/news.release/archives/empsit_06022023.htm,[офиц.],2026-09-27
E0031,REGULATORY,2023-06-05 15:00:00,2023-06-05 11:00 EDT,0,date,-1,SEC sues Binance and CZ (13 charges),,,,,,,,-4.0,https://www.sec.gov/newsroom/press-releases/2023-101-sec-files-13-charges-against-binance-entities-founder-changpeng-zhao,[офиц.] дата; время проверить,2026-09-27
E0032,REGULATORY,2023-06-06 15:00:00,2023-06-06 11:00 EDT,0,date,-1,SEC sues Coinbase,,,,,,,,5.0,https://www.sec.gov/newsroom/press-releases/2023-102,[офиц.] дата; время проверить,2026-09-27
E0033,CPI,2023-06-13 12:30:00,2023-06-13 08:30 EDT,1,scheduled,0,May 2023 Consumer Price Index,,,0.436,0.45,-0.015,0.124,0.191,12.0,https://www.bls.gov/news.release/archives/cpi_06132023.htm,[офиц.],2026-09-27
E0034,PPI,2023-06-14 12:30:00,2023-06-14 08:30 EDT,1,scheduled,0,May 2023 Producer Price Index,,,,,,,,7.0,https://www.bls.gov/news.release/archives/ppi_06142023.htm,[офиц.],2026-09-27
E0035,FOMC_STATEMENT,2023-06-14 18:00:00,2023-06-14 14:00 EDT,1,scheduled,0,FOMC statement: hold +0 bp,rate_change_bp,0.0,,,,,,7.0,https://www.federalreserve.gov/newsevents/pressreleases/monetary20230614a.htm,[офиц.],2026-09-27
E0036,FOMC_PRESSER,2023-06-14 18:30:00,2023-06-14 14:30 EDT,1,scheduled,0,FOMC press conference start (2:30 p.m. ET),rate_change_bp,0.0,,,,,,7.0,https://www.federalreserve.gov/monetarypolicy/fomcpresconf20230614.htm,[офиц.],2026-09-27
E0037,ETF,2023-06-15 20:43:42,2023-06-15 16:43 EDT,0,exact,1,BlackRock iShares Bitcoin Trust S-1 accepted by EDGAR (16:43:42 ET),,,,,,,,-12.0,https://www.sec.gov/Archives/edgar/data/1980994/000143774923017574/0001437749-23-017574-index.htm,[офиц.] EDGAR acceptance time,2026-09-27
E0038,PCE,2023-06-30 12:30:00,2023-06-30 08:30 EDT,1,scheduled,0,Personal Income and Outlays (PCE) ,,,,,,,,0.0,https://alfred.stlouisfed.org/release/downloaddates?rid=54,[офиц.],2026-09-27
E0039,FOMC_MINUTES,2023-07-05 18:00:00,2023-07-05 14:00 EDT,1,scheduled,0,FOMC minutes of 2023-06-14 meeting,,,,,,,,0.0,https://www.federalreserve.gov/monetarypolicy/fomcminutes20230614.htm,[офиц.],2026-09-27
E0040,NFP,2023-07-07 12:30:00,2023-07-07 08:30 EDT,1,scheduled,0,June 2023 Employment Situation,,,,,,,,-5.0,https://www.bls.gov/news.release/archives/empsit_07072023.htm,[офиц.],2026-09-27
E0041,CPI,2023-07-12 12:30:00,2023-07-12 08:30 EDT,1,scheduled,0,June 2023 Consumer Price Index,,,0.158,0.434,-0.276,0.18,0.424,-16.0,https://www.bls.gov/news.release/archives/cpi_07122023.htm,[офиц.],2026-09-27
E0042,PPI,2023-07-13 12:30:00,2023-07-13 08:30 EDT,1,scheduled,0,June 2023 Producer Price Index,,,,,,,,-13.0,https://www.bls.gov/news.release/archives/ppi_07132023.htm,[офиц.],2026-09-27
E0043,REGULATORY,2023-07-13 16:00:00,2023-07-13 12:00 EDT,0,date,1,SEC v. Ripple: programmatic XRP sales not securities (Torres),,,,,,,,-13.0,https://www.coindesk.com/policy/2023/07/13/sale-of-xrp-on-exchanges-not-investment-contracts-court-rules-in-sec-case-against-ripple,[пресса] дата; время проверить,2026-09-27
E0044,FOMC_STATEMENT,2023-07-26 18:00:00,2023-07-26 14:00 EDT,1,scheduled,0,FOMC statement: hike +25 bp,rate_change_bp,25.0,,,,,,-3.0,https://www.federalreserve.gov/newsevents/pressreleases/monetary20230726a.htm,[офиц.],2026-09-27
E0045,FOMC_PRESSER,2023-07-26 18:30:00,2023-07-26 14:30 EDT,1,scheduled,0,FOMC press conference start (2:30 p.m. ET),rate_change_bp,25.0,,,,,,-3.0,https://www.federalreserve.gov/monetarypolicy/fomcpresconf20230726.htm,[офиц.],2026-09-27
E0046,PCE,2023-07-28 12:30:00,2023-07-28 08:30 EDT,1,scheduled,0,Personal Income and Outlays (PCE) ,,,,,,,,-4.0,https://alfred.stlouisfed.org/release/downloaddates?rid=54,[офиц.],2026-09-27
E0047,NFP,2023-08-04 12:30:00,2023-08-04 08:30 EDT,1,scheduled,0,July 2023 Employment Situation,,,,,,,,-12.0,https://www.bls.gov/news.release/archives/empsit_08042023.htm,[офиц.],2026-09-27
E0048,CPI,2023-08-10 12:30:00,2023-08-10 08:30 EDT,1,scheduled,0,July 2023 Consumer Price Index,,,0.16,0.396,-0.237,0.167,0.406,3.0,https://www.bls.gov/news.release/archives/cpi_08102023.htm,[офиц.],2026-09-27
E0049,PPI,2023-08-11 12:30:00,2023-08-11 08:30 EDT,1,scheduled,0,July 2023 Producer Price Index,,,,,,,,7.0,https://www.bls.gov/news.release/archives/ppi_08112023.htm,[офиц.],2026-09-27
E0050,FOMC_MINUTES,2023-08-16 18:00:00,2023-08-16 14:00 EDT,1,scheduled,0,FOMC minutes of 2023-07-26 meeting,,,,,,,,5.0,https://www.federalreserve.gov/monetarypolicy/fomcminutes20230726.htm,[офиц.],2026-09-27
E0051,FED_SPEECH,2023-08-25 14:05:00,2023-08-25 10:05 EDT,1,scheduled,0,"Powell, Jackson Hole 2023",,,,,,,,5.0,https://www.federalreserve.gov/newsevents/speech/powell20230825a.htm,[офиц.] дата; время по программе KC Fed проверить,2026-09-27
E0052,ETF,2023-08-29 14:00:00,2023-08-29 10:00 EDT,0,date,1,DC Circuit: Grayscale wins vs SEC (GBTC conversion),,,,,,,,-11.0,https://law.justia.com/cases/federal/appellate-courts/cadc/22-1142/22-1142-2023-08-29.html,[офиц.] дата; время проверить,2026-09-27
E0053,PCE,2023-08-31 12:30:00,2023-08-31 08:30 EDT,1,scheduled,0,Personal Income and Outlays (PCE) ,,,,,,,,-5.0,https://alfred.stlouisfed.org/release/downloaddates?rid=54,[офиц.],2026-09-27
E0054,NFP,2023-09-01 12:30:00,2023-09-01 08:30 EDT,1,scheduled,0,August 2023 Employment Situation,,,,,,,,2.0,https://www.bls.gov/news.release/archives/empsit_09012023.htm,[офиц.],2026-09-27
E0055,CPI,2023-09-13 12:30:00,2023-09-13 08:30 EDT,1,scheduled,0,August 2023 Consumer Price Index,,,0.278,0.384,-0.105,0.631,0.789,-2.0,https://www.bls.gov/news.release/archives/cpi_09132023.htm,[офиц.],2026-09-27
E0056,PPI,2023-09-14 12:30:00,2023-09-14 08:30 EDT,1,scheduled,0,August 2023 Producer Price Index,,,,,,,,4.0,https://www.bls.gov/news.release/archives/ppi_09142023.htm,[офиц.],2026-09-27
E0057,FOMC_STATEMENT,2023-09-20 18:00:00,2023-09-20 14:00 EDT,1,scheduled,0,FOMC statement: hold +0 bp,rate_change_bp,0.0,,,,,,4.0,https://www.federalreserve.gov/newsevents/pressreleases/monetary20230920a.htm,[офиц.],2026-09-27
E0058,FOMC_PRESSER,2023-09-20 18:30:00,2023-09-20 14:30 EDT,1,scheduled,0,FOMC press conference start (2:30 p.m. ET),rate_change_bp,0.0,,,,,,4.0,https://www.federalreserve.gov/monetarypolicy/fomcpresconf20230920.htm,[офиц.],2026-09-27
E0059,PCE,2023-09-29 12:30:00,2023-09-29 08:30 EDT,1,scheduled,0,Personal Income and Outlays (PCE) ,,,,,,,,-1.0,https://alfred.stlouisfed.org/release/downloaddates?rid=54,[офиц.],2026-09-27
E0060,NFP,2023-10-06 12:30:00,2023-10-06 08:30 EDT,1,scheduled,0,September 2023 Employment Situation,,,,,,,,5.0,https://www.bls.gov/news.release/archives/empsit_10062023.htm,[офиц.],2026-09-27
E0061,PPI,2023-10-11 12:30:00,2023-10-11 08:30 EDT,1,scheduled,0,September 2023 Producer Price Index,,,,,,,,3.0,https://www.bls.gov/news.release/archives/ppi_10112023.htm,[офиц.],2026-09-27
E0062,FOMC_MINUTES,2023-10-11 18:00:00,2023-10-11 14:00 EDT,1,scheduled,0,FOMC minutes of 2023-09-20 meeting,,,,,,,,3.0,https://www.federalreserve.gov/monetarypolicy/fomcminutes20230920.htm,[офиц.],2026-09-27
E0063,CPI,2023-10-12 12:30:00,2023-10-12 08:30 EDT,1,scheduled,0,September 2023 Consumer Price Index,,,0.323,0.359,-0.036,0.396,0.391,7.0,https://www.bls.gov/news.release/archives/cpi_10122023.htm,[офиц.],2026-09-27
E0064,PCE,2023-10-27 12:30:00,2023-10-27 08:30 EDT,1,scheduled,0,Personal Income and Outlays (PCE) ,,,,,,,,-3.0,https://alfred.stlouisfed.org/release/downloaddates?rid=54,[офиц.],2026-09-27
E0065,FOMC_STATEMENT,2023-11-01 18:00:00,2023-11-01 14:00 EDT,1,scheduled,0,FOMC statement: hold +0 bp,rate_change_bp,0.0,,,,,,-12.0,https://www.federalreserve.gov/newsevents/pressreleases/monetary20231101a.htm,[офиц.],2026-09-27
E0066,FOMC_PRESSER,2023-11-01 18:30:00,2023-11-01 14:30 EDT,1,scheduled,0,FOMC press conference start (2:30 p.m. ET),rate_change_bp,0.0,,,,,,-12.0,https://www.federalreserve.gov/monetarypolicy/fomcpresconf20231101.htm,[офиц.],2026-09-27
E0067,NFP,2023-11-03 12:30:00,2023-11-03 08:30 EDT,1,scheduled,0,October 2023 Employment Situation,,,,,,,,-15.0,https://www.bls.gov/news.release/archives/empsit_11032023.htm,[офиц.],2026-09-27
E0068,CPI,2023-11-14 13:30:00,2023-11-14 08:30 EST,1,scheduled,0,October 2023 Consumer Price Index,,,0.227,0.338,-0.111,0.045,0.071,-22.0,https://www.bls.gov/news.release/archives/cpi_11142023.htm,[офиц.],2026-09-27
E0069,PPI,2023-11-15 13:30:00,2023-11-15 08:30 EST,1,scheduled,0,October 2023 Producer Price Index,,,,,,,,10.0,https://www.bls.gov/news.release/archives/ppi_11152023.htm,[офиц.],2026-09-27
E0070,FOMC_MINUTES,2023-11-21 19:00:00,2023-11-21 14:00 EST,1,scheduled,0,FOMC minutes of 2023-11-01 meeting,,,,,,,,-3.0,https://www.federalreserve.gov/monetarypolicy/fomcminutes20231101.htm,[офиц.],2026-09-27
E0071,PCE,2023-11-30 13:30:00,2023-11-30 08:30 EST,1,scheduled,0,Personal Income and Outlays (PCE) ,,,,,,,,9.0,https://alfred.stlouisfed.org/release/downloaddates?rid=54,[офиц.],2026-09-27
E0072,NFP,2023-12-08 13:30:00,2023-12-08 08:30 EST,1,scheduled,0,November 2023 Employment Situation,,,,,,,,13.0,https://www.bls.gov/news.release/archives/empsit_12082023.htm,[офиц.],2026-09-27
E0073,CPI,2023-12-12 13:30:00,2023-12-12 08:30 EST,1,scheduled,0,November 2023 Consumer Price Index,,,0.285,0.329,-0.044,0.097,-0.009,2.0,https://www.bls.gov/news.release/archives/cpi_12122023.htm,[офиц.],2026-09-27
E0074,PPI,2023-12-13 13:30:00,2023-12-13 08:30 EST,1,scheduled,0,November 2023 Producer Price Index,,,,,,,,-27.0,https://www.bls.gov/news.release/archives/ppi_12132023.htm,[офиц.],2026-09-27
E0075,FOMC_STATEMENT,2023-12-13 19:00:00,2023-12-13 14:00 EST,1,scheduled,0,FOMC statement: hold +0 bp,rate_change_bp,0.0,,,,,,-27.0,https://www.federalreserve.gov/newsevents/pressreleases/monetary20231213a.htm,[офиц.],2026-09-27
E0076,FOMC_PRESSER,2023-12-13 19:30:00,2023-12-13 14:30 EST,1,scheduled,0,FOMC press conference start (2:30 p.m. ET),rate_change_bp,0.0,,,,,,-27.0,https://www.federalreserve.gov/monetarypolicy/fomcpresconf20231213.htm,[офиц.],2026-09-27
E0077,PCE,2023-12-22 13:30:00,2023-12-22 08:30 EST,1,scheduled,0,Personal Income and Outlays (PCE) ,,,,,,,,-2.0,https://alfred.stlouisfed.org/release/downloaddates?rid=54,[офиц.],2026-09-27
E0078,FOMC_MINUTES,2024-01-03 19:00:00,2024-01-03 14:00 EST,1,scheduled,0,FOMC minutes of 2023-12-13 meeting,,,,,,,,0.0,https://www.federalreserve.gov/monetarypolicy/fomcminutes20231213.htm,[офиц.],2026-09-27
E0079,NFP,2024-01-05 13:30:00,2024-01-05 08:30 EST,1,scheduled,0,December 2023 Employment Situation,,,,,,,,2.0,https://www.bls.gov/news.release/archives/empsit_01052024.htm,[офиц.],2026-09-27
E0080,ETF,2024-01-09 21:11:00,2024-01-09 16:11 EST,0,exact,1,Hacked @SECGov post: fake spot BTC ETF approval (4:11 p.m. ET),,,,,,,,0.0,https://www.coindesk.com/business/2024/01/13/sec-statement-on-the-hack-of-its-x-account-and-the-resulting-fake-bitcoin-etf-approval-announcement,[офиц.] SEC statement via [пресса],2026-09-27
E0081,ETF,2024-01-10 21:00:00,2024-01-10 16:00 EST,0,approx,1,SEC approves 11 spot BTC ETFs (after 4 p.m. ET),,,,,,,,1.0,https://www.sec.gov/newsroom/speeches-statements/gensler-statement-spot-bitcoin-011023,[офиц.] дата; время ±30 мин проверить,2026-09-27
E0082,CPI,2024-01-11 13:30:00,2024-01-11 08:30 EST,1,scheduled,0,December 2023 Consumer Price Index,,,0.309,0.327,-0.018,0.303,0.301,-11.0,https://www.bls.gov/news.release/archives/cpi_01112024.htm,[офиц.],2026-09-27
E0083,PPI,2024-01-12 13:30:00,2024-01-12 08:30 EST,1,scheduled,0,December 2023 Producer Price Index,,,,,,,,-12.0,https://www.bls.gov/news.release/archives/ppi_01122024.htm,[офиц.],2026-09-27
E0084,PCE,2024-01-26 13:30:00,2024-01-26 08:30 EST,1,scheduled,0,Personal Income and Outlays (PCE) ,,,,,,,,6.0,https://alfred.stlouisfed.org/release/downloaddates?rid=54,[офиц.],2026-09-27
E0085,FOMC_STATEMENT,2024-01-31 19:00:00,2024-01-31 14:00 EST,1,scheduled,0,FOMC statement: hold +0 bp,rate_change_bp,0.0,,,,,,-9.0,https://www.federalreserve.gov/newsevents/pressreleases/monetary20240131a.htm,[офиц.],2026-09-27
E0086,FOMC_PRESSER,2024-01-31 19:30:00,2024-01-31 14:30 EST,1,scheduled,0,FOMC press conference start (2:30 p.m. ET),rate_change_bp,0.0,,,,,,-9.0,https://www.federalreserve.gov/monetarypolicy/fomcpresconf20240131.htm,[офиц.],2026-09-27
E0087,NFP,2024-02-02 13:30:00,2024-02-02 08:30 EST,1,scheduled,0,January 2024 Employment Situation,,,,,,,,16.0,https://www.bls.gov/news.release/archives/empsit_02022024.htm,[офиц.],2026-09-27
E0088,CPI,2024-02-13 13:30:00,2024-02-13 08:30 EST,1,scheduled,0,January 2024 Consumer Price Index,,,0.392,0.32,0.072,0.305,0.131,18.0,https://www.bls.gov/news.release/archives/cpi_02132024.htm,[офиц.],2026-09-27
E0089,PPI,2024-02-16 13:30:00,2024-02-16 08:30 EST,1,scheduled,0,January 2024 Producer Price Index,,,,,,,,8.0,https://www.bls.gov/news.release/archives/ppi_02162024.htm,[офиц.],2026-09-27
E0090,FOMC_MINUTES,2024-02-21 19:00:00,2024-02-21 14:00 EST,1,scheduled,0,FOMC minutes of 2024-01-31 meeting,,,,,,,,5.0,https://www.federalreserve.gov/monetarypolicy/fomcminutes20240131.htm,[офиц.],2026-09-27
E0091,PCE,2024-02-29 13:30:00,2024-02-29 08:30 EST,1,scheduled,0,Personal Income and Outlays (PCE) ,,,,,,,,0.0,https://alfred.stlouisfed.org/release/downloaddates?rid=54,[офиц.],2026-09-27
E0092,NFP,2024-03-08 13:30:00,2024-03-08 08:30 EST,1,scheduled,0,February 2024 Employment Situation,,,,,,,,-2.0,https://www.bls.gov/news.release/archives/empsit_03082024.htm,[офиц.],2026-09-27
E0093,CPI,2024-03-12 12:30:00,2024-03-12 08:30 EDT,1,scheduled,0,February 2024 Consumer Price Index,,,0.358,0.317,0.041,0.442,0.434,7.0,https://www.bls.gov/news.release/archives/cpi_03122024.htm,[офиц.],2026-09-27
E0094,PPI,2024-03-14 12:30:00,2024-03-14 08:30 EDT,1,scheduled,0,February 2024 Producer Price Index,,,,,,,,7.0,https://www.bls.gov/news.release/archives/ppi_03142024.htm,[офиц.],2026-09-27
E0095,FOMC_STATEMENT,2024-03-20 18:00:00,2024-03-20 14:00 EDT,1,scheduled,0,FOMC statement: hold +0 bp,rate_change_bp,0.0,,,,,,-9.0,https://www.federalreserve.gov/newsevents/pressreleases/monetary20240320a.htm,[офиц.],2026-09-27
E0096,FOMC_PRESSER,2024-03-20 18:30:00,2024-03-20 14:30 EDT,1,scheduled,0,FOMC press conference start (2:30 p.m. ET),rate_change_bp,0.0,,,,,,-9.0,https://www.federalreserve.gov/monetarypolicy/fomcpresconf20240320.htm,[офиц.],2026-09-27
E0097,PCE,2024-03-29 12:30:00,2024-03-29 08:30 EDT,1,scheduled,0,Personal Income and Outlays (PCE) ,,,,,,,,,https://alfred.stlouisfed.org/release/downloaddates?rid=54,[офиц.],2026-09-27
E0098,NFP,2024-04-05 12:30:00,2024-04-05 08:30 EDT,1,scheduled,0,March 2024 Employment Situation,,,,,,,,8.0,https://www.bls.gov/news.release/archives/empsit_04052024.htm,[офиц.],2026-09-27
E0099,CPI,2024-04-10 12:30:00,2024-04-10 08:30 EDT,1,scheduled,0,March 2024 Consumer Price Index,,,0.359,0.308,0.051,0.378,0.341,23.0,https://www.bls.gov/news.release/archives/cpi_04102024.htm,[офиц.],2026-09-27
E0100,FOMC_MINUTES,2024-04-10 18:00:00,2024-04-10 14:00 EDT,1,scheduled,0,FOMC minutes of 2024-03-20 meeting,,,,,,,,23.0,https://www.federalreserve.gov/monetarypolicy/fomcminutes20240320.htm,[офиц.],2026-09-27
E0101,PPI,2024-04-11 12:30:00,2024-04-11 08:30 EDT,1,scheduled,0,March 2024 Producer Price Index,,,,,,,,-4.0,https://www.bls.gov/news.release/archives/ppi_04112024.htm,[офиц.],2026-09-27
E0102,PCE,2024-04-26 12:30:00,2024-04-26 08:30 EDT,1,scheduled,0,Personal Income and Outlays (PCE) ,,,,,,,,0.0,https://alfred.stlouisfed.org/release/downloaddates?rid=54,[офиц.],2026-09-27
E0103,FOMC_STATEMENT,2024-05-01 18:00:00,2024-05-01 14:00 EDT,1,scheduled,0,FOMC statement: hold +0 bp,rate_change_bp,0.0,,,,,,-8.0,https://www.federalreserve.gov/newsevents/pressreleases/monetary20240501a.htm,[офиц.],2026-09-27
E0104,FOMC_PRESSER,2024-05-01 18:30:00,2024-05-01 14:30 EDT,1,scheduled,0,FOMC press conference start (2:30 p.m. ET),rate_change_bp,0.0,,,,,,-8.0,https://www.federalreserve.gov/monetarypolicy/fomcpresconf20240501.htm,[офиц.],2026-09-27
E0105,NFP,2024-05-03 12:30:00,2024-05-03 08:30 EDT,1,scheduled,0,April 2024 Employment Situation,,,,,,,,-6.0,https://www.bls.gov/news.release/archives/empsit_05032024.htm,[офиц.],2026-09-27
E0106,PPI,2024-05-14 12:30:00,2024-05-14 08:30 EDT,1,scheduled,0,April 2024 Producer Price Index,,,,,,,,-4.0,https://www.bls.gov/news.release/archives/ppi_05142024.htm,[офиц.],2026-09-27
E0107,CPI,2024-05-15 12:30:00,2024-05-15 08:30 EDT,1,scheduled,0,April 2024 Consumer Price Index,,,0.292,0.311,-0.019,0.313,0.412,-8.0,https://www.bls.gov/news.release/archives/cpi_05152024.htm,[офиц.],2026-09-27
E0108,ETF,2024-05-20 19:20:27,2024-05-20 15:20 EDT,0,exact,1,Bloomberg analysts raise spot ETH ETF approval odds 25%->75% (X post),,,,,,,,-1.0,https://x.com/EricBalchunas/status/1792636523050906102,[пресса] время из snowflake ID,2026-09-27
E0109,FOMC_MINUTES,2024-05-22 18:00:00,2024-05-22 14:00 EDT,1,scheduled,0,FOMC minutes of 2024-05-01 meeting,,,,,,,,4.0,https://www.federalreserve.gov/monetarypolicy/fomcminutes20240501.htm,[офиц.],2026-09-27
E0110,ETF,2024-05-23 20:30:00,2024-05-23 16:30 EDT,0,approx,1,SEC approves spot ETH ETF 19b-4 filings (afternoon ET),,,,,,,,5.0,https://www.coindesk.com/markets/2024/05/23/sec-approves-spot-ether-etf-listing-still-needs-to-approve-products,[пресса] время ±60 мин проверить,2026-09-27
E0111,PCE,2024-05-31 12:30:00,2024-05-31 08:30 EDT,1,scheduled,0,Personal Income and Outlays (PCE) ,,,,,,,,-3.0,https://alfred.stlouisfed.org/release/downloaddates?rid=54,[офиц.],2026-09-27
E0112,NFP,2024-06-07 12:30:00,2024-06-07 08:30 EDT,1,scheduled,0,May 2024 Employment Situation,,,,,,,,15.0,https://www.bls.gov/news.release/archives/empsit_06072024.htm,[офиц.],2026-09-27
E0113,CPI,2024-06-12 12:30:00,2024-06-12 08:30 EDT,1,scheduled,0,May 2024 Consumer Price Index,,,0.163,0.296,-0.133,0.006,0.085,-6.0,https://www.bls.gov/news.release/archives/cpi_06122024.htm,[офиц.],2026-09-27
E0114,FOMC_STATEMENT,2024-06-12 18:00:00,2024-06-12 14:00 EDT,1,scheduled,0,FOMC statement: hold +0 bp,rate_change_bp,0.0,,,,,,-6.0,https://www.federalreserve.gov/newsevents/pressreleases/monetary20240612a.htm,[офиц.],2026-09-27
E0115,FOMC_PRESSER,2024-06-12 18:30:00,2024-06-12 14:30 EDT,1,scheduled,0,FOMC press conference start (2:30 p.m. ET),rate_change_bp,0.0,,,,,,-6.0,https://www.federalreserve.gov/monetarypolicy/fomcpresconf20240612.htm,[офиц.],2026-09-27
E0116,PPI,2024-06-13 12:30:00,2024-06-13 08:30 EDT,1,scheduled,0,May 2024 Producer Price Index,,,,,,,,-7.0,https://www.bls.gov/news.release/archives/ppi_06132024.htm,[офиц.],2026-09-27
E0117,PCE,2024-06-28 12:30:00,2024-06-28 08:30 EDT,1,scheduled,0,Personal Income and Outlays (PCE) ,,,,,,,,1.0,https://alfred.stlouisfed.org/release/downloaddates?rid=54,[офиц.],2026-09-27
E0118,FOMC_MINUTES,2024-07-03 18:00:00,2024-07-03 14:00 EDT,1,scheduled,0,FOMC minutes of 2024-06-12 meeting,,,,,,,,-3.0,https://www.federalreserve.gov/monetarypolicy/fomcminutes20240612.htm,[офиц.],2026-09-27
E0119,NFP,2024-07-05 12:30:00,2024-07-05 08:30 EDT,1,scheduled,0,June 2024 Employment Situation,,,,,,,,-11.0,https://www.bls.gov/news.release/archives/empsit_07052024.htm,[офиц.],2026-09-27
E0120,CPI,2024-07-11 12:30:00,2024-07-11 08:30 EDT,1,scheduled,0,June 2024 Consumer Price Index,,,0.065,0.28,-0.215,-0.056,0.068,-12.0,https://www.bls.gov/news.release/archives/cpi_07112024.htm,[офиц.],2026-09-27
E0121,PPI,2024-07-12 12:30:00,2024-07-12 08:30 EDT,1,scheduled,0,June 2024 Producer Price Index,,,,,,,,-5.0,https://www.bls.gov/news.release/archives/ppi_07122024.htm,[офиц.],2026-09-27
E0122,POLITICAL,2024-07-13 22:11:00,2024-07-13 18:11 EDT,0,approx,1,"Assassination attempt on Trump in Butler, PA (6:11 p.m. ET), Trump odds up",,,,,,,,,https://en.wikipedia.org/wiki/Attempted_assassination_of_Donald_Trump_in_Pennsylvania,[пресса] проверить,2026-09-27
E0123,PCE,2024-07-26 12:30:00,2024-07-26 08:30 EDT,1,scheduled,0,Personal Income and Outlays (PCE) ,,,,,,,,-5.0,https://alfred.stlouisfed.org/release/downloaddates?rid=54,[офиц.],2026-09-27
E0124,POLITICAL,2024-07-27 21:00:00,2024-07-27 17:00 EDT,0,approx,1,Trump speech at Bitcoin 2024 Nashville (strategic stockpile promise),,,,,,,,,https://truthsocial.com/@realDonaldTrump/112860519444352847,[3P архив] RT 21:14 UTC,2026-09-27
E0125,FOMC_STATEMENT,2024-07-31 18:00:00,2024-07-31 14:00 EDT,1,scheduled,0,FOMC statement: hold +0 bp,rate_change_bp,0.0,,,,,,-6.0,https://www.federalreserve.gov/newsevents/pressreleases/monetary20240731a.htm,[офиц.],2026-09-27
E0126,FOMC_PRESSER,2024-07-31 18:30:00,2024-07-31 14:30 EDT,1,scheduled,0,FOMC press conference start (2:30 p.m. ET),rate_change_bp,0.0,,,,,,-6.0,https://www.federalreserve.gov/monetarypolicy/fomcpresconf20240731.htm,[офиц.],2026-09-27
E0127,NFP,2024-08-02 12:30:00,2024-08-02 08:30 EDT,1,scheduled,0,July 2024 Employment Situation,,,,,,,,-28.0,https://www.bls.gov/news.release/archives/empsit_08022024.htm,[офиц.],2026-09-27
E0128,PPI,2024-08-13 12:30:00,2024-08-13 08:30 EDT,1,scheduled,0,July 2024 Producer Price Index,,,,,,,,-8.0,https://www.bls.gov/news.release/archives/ppi_08132024.htm,[офиц.],2026-09-27
E0129,CPI,2024-08-14 12:30:00,2024-08-14 08:30 EDT,1,scheduled,0,July 2024 Consumer Price Index,,,0.165,0.269,-0.104,0.155,0.237,1.0,https://www.bls.gov/news.release/archives/cpi_08142024.htm,[офиц.],2026-09-27
E0130,FOMC_MINUTES,2024-08-21 18:00:00,2024-08-21 14:00 EDT,1,scheduled,0,FOMC minutes of 2024-07-31 meeting,,,,,,,,-7.0,https://www.federalreserve.gov/monetarypolicy/fomcminutes20240731.htm,[офиц.],2026-09-27
E0131,FED_SPEECH,2024-08-23 14:00:00,2024-08-23 10:00 EDT,1,scheduled,0,"Powell, Jackson Hole 2024 ('time has come')",,,,,,,,-9.0,https://www.federalreserve.gov/newsevents/speech/powell20240823a.htm,[офиц.] дата; время по программе KC Fed проверить,2026-09-27
E0132,PCE,2024-08-30 12:30:00,2024-08-30 08:30 EDT,1,scheduled,0,Personal Income and Outlays (PCE) ,,,,,,,,4.0,https://alfred.stlouisfed.org/release/downloaddates?rid=54,[офиц.],2026-09-27
E0133,NFP,2024-09-06 12:30:00,2024-09-06 08:30 EDT,1,scheduled,0,August 2024 Employment Situation,,,,,,,,-9.0,https://www.bls.gov/news.release/archives/empsit_09062024.htm,[офиц.],2026-09-27
E0134,CPI,2024-09-11 12:30:00,2024-09-11 08:30 EDT,1,scheduled,0,August 2024 Consumer Price Index,,,0.281,0.264,0.017,0.187,0.205,3.0,https://www.bls.gov/news.release/archives/cpi_09112024.htm,[офиц.],2026-09-27
E0135,PPI,2024-09-12 12:30:00,2024-09-12 08:30 EDT,1,scheduled,0,August 2024 Producer Price Index,,,,,,,,2.0,https://www.bls.gov/news.release/archives/ppi_09122024.htm,[офиц.],2026-09-27
E0136,FOMC_STATEMENT,2024-09-18 18:00:00,2024-09-18 14:00 EDT,1,scheduled,0,FOMC statement: cut -50 bp,rate_change_bp,-50.0,,,,,,2.0,https://www.federalreserve.gov/newsevents/pressreleases/monetary20240918a.htm,[офиц.],2026-09-27
E0137,FOMC_PRESSER,2024-09-18 18:30:00,2024-09-18 14:30 EDT,1,scheduled,0,FOMC press conference start (2:30 p.m. ET),rate_change_bp,-50.0,,,,,,2.0,https://www.federalreserve.gov/monetarypolicy/fomcpresconf20240918.htm,[офиц.],2026-09-27
E0138,PCE,2024-09-27 12:30:00,2024-09-27 08:30 EDT,1,scheduled,0,Personal Income and Outlays (PCE) ,,,,,,,,-5.0,https://alfred.stlouisfed.org/release/downloaddates?rid=54,[офиц.],2026-09-27
E0139,NFP,2024-10-04 12:30:00,2024-10-04 08:30 EDT,1,scheduled,0,September 2024 Employment Situation,,,,,,,,23.0,https://www.bls.gov/news.release/archives/empsit_10042024.htm,[офиц.],2026-09-27
E0140,FOMC_MINUTES,2024-10-09 18:00:00,2024-10-09 14:00 EDT,1,scheduled,0,FOMC minutes of 2024-09-18 meeting,,,,,,,,1.0,https://www.federalreserve.gov/monetarypolicy/fomcminutes20240918.htm,[офиц.],2026-09-27
E0141,CPI,2024-10-10 12:30:00,2024-10-10 08:30 EDT,1,scheduled,0,September 2024 Consumer Price Index,,,0.312,0.268,0.044,0.18,0.106,-1.0,https://www.bls.gov/news.release/archives/cpi_10102024.htm,[офиц.],2026-09-27
E0142,PPI,2024-10-11 12:30:00,2024-10-11 08:30 EDT,1,scheduled,0,September 2024 Producer Price Index,,,,,,,,-3.0,https://www.bls.gov/news.release/archives/ppi_10112024.htm,[офиц.],2026-09-27
E0143,PCE,2024-10-31 12:30:00,2024-10-31 08:30 EDT,1,scheduled,0,Personal Income and Outlays (PCE) ,,,,,,,,1.0,https://alfred.stlouisfed.org/release/downloaddates?rid=54,[офиц.],2026-09-27
E0144,NFP,2024-11-01 12:30:00,2024-11-01 08:30 EDT,1,scheduled,0,October 2024 Employment Situation,,,,,,,,5.0,https://www.bls.gov/news.release/archives/empsit_11012024.htm,[офиц.],2026-09-27
E0145,POLITICAL,2024-11-06 10:34:00,2024-11-06 05:34 EST,0,approx,1,AP calls presidential race for Trump (5:34 a.m. EST),,,,,,,,8.0,https://www.forbes.com/sites/saradorn/2024/11/06/election-2024-live-updates-donald-trump-wins-presidency-ap-projects/,[пресса]; результат закладывался в цену всю ночь,2026-09-27
E0146,FOMC_STATEMENT,2024-11-07 19:00:00,2024-11-07 14:00 EST,1,scheduled,0,FOMC statement: cut -25 bp,rate_change_bp,-25.0,,,,,,-6.0,https://www.federalreserve.gov/newsevents/pressreleases/monetary20241107a.htm,[офиц.],2026-09-27
E0147,FOMC_PRESSER,2024-11-07 19:30:00,2024-11-07 14:30 EST,1,scheduled,0,FOMC press conference start (2:30 p.m. ET),rate_change_bp,-25.0,,,,,,-6.0,https://www.federalreserve.gov/monetarypolicy/fomcpresconf20241107.htm,[офиц.],2026-09-27
E0148,CPI,2024-11-13 13:30:00,2024-11-13 08:30 EST,1,scheduled,0,October 2024 Consumer Price Index,,,0.28,0.268,0.013,0.244,0.182,-7.0,https://www.bls.gov/news.release/archives/cpi_11132024.htm,[офиц.],2026-09-27
E0149,PPI,2024-11-14 13:30:00,2024-11-14 08:30 EST,1,scheduled,0,October 2024 Producer Price Index,,,,,,,,7.0,https://www.bls.gov/news.release/archives/ppi_11142024.htm,[офиц.],2026-09-27
E0150,FOMC_MINUTES,2024-11-26 19:00:00,2024-11-26 14:00 EST,1,scheduled,0,FOMC minutes of 2024-11-07 meeting,,,,,,,,0.0,https://www.federalreserve.gov/monetarypolicy/fomcminutes20241107.htm,[офиц.],2026-09-27
E0151,PCE,2024-11-27 13:30:00,2024-11-27 08:30 EST,1,scheduled,0,Personal Income and Outlays (PCE) ,,,,,,,,-2.0,https://alfred.stlouisfed.org/release/downloaddates?rid=54,[офиц.],2026-09-27
E0152,NFP,2024-12-06 13:30:00,2024-12-06 08:30 EST,1,scheduled,0,November 2024 Employment Situation,,,,,,,,-5.0,https://www.bls.gov/news.release/archives/empsit_12062024.htm,[офиц.],2026-09-27
E0153,CPI,2024-12-11 13:30:00,2024-12-11 08:30 EST,1,scheduled,0,November 2024 Consumer Price Index,,,0.308,0.271,0.037,0.313,0.263,0.0,https://www.bls.gov/news.release/archives/cpi_12112024.htm,[офиц.],2026-09-27
E0154,PPI,2024-12-12 13:30:00,2024-12-12 08:30 EST,1,scheduled,0,November 2024 Producer Price Index,,,,,,,,3.0,https://www.bls.gov/news.release/archives/ppi_12122024.htm,[офиц.],2026-09-27
E0155,FOMC_STATEMENT,2024-12-18 19:00:00,2024-12-18 14:00 EST,1,scheduled,0,FOMC statement: cut -25 bp,rate_change_bp,-25.0,,,,,,10.0,https://www.federalreserve.gov/newsevents/pressreleases/monetary20241218a.htm,[офиц.],2026-09-27
E0156,FOMC_PRESSER,2024-12-18 19:30:00,2024-12-18 14:30 EST,1,scheduled,0,FOMC press conference start (2:30 p.m. ET),rate_change_bp,-25.0,,,,,,10.0,https://www.federalreserve.gov/monetarypolicy/fomcpresconf20241218.htm,[офиц.],2026-09-27
E0157,PCE,2024-12-20 13:30:00,2024-12-20 08:30 EST,1,scheduled,0,Personal Income and Outlays (PCE) ,,,,,,,,-2.0,https://alfred.stlouisfed.org/release/downloaddates?rid=54,[офиц.],2026-09-27
E0158,FOMC_MINUTES,2025-01-08 19:00:00,2025-01-08 14:00 EST,1,scheduled,0,FOMC minutes of 2024-12-18 meeting,,,,,,,,-2.0,https://www.federalreserve.gov/monetarypolicy/fomcminutes20241218.htm,[офиц.],2026-09-27
E0159,NFP,2025-01-10 13:30:00,2025-01-10 08:30 EST,1,scheduled,0,December 2024 Employment Situation,,,,,,,,13.0,https://www.bls.gov/news.release/archives/empsit_01102025.htm,[офиц.],2026-09-27
E0160,PPI,2025-01-14 13:30:00,2025-01-14 08:30 EST,1,scheduled,0,December 2024 Producer Price Index,,,,,,,,-3.0,https://www.bls.gov/news.release/archives/ppi_01142025.htm,[офиц.],2026-09-27
E0161,CPI,2025-01-15 13:30:00,2025-01-15 08:30 EST,1,scheduled,0,December 2024 Consumer Price Index,,,0.225,0.271,-0.046,0.393,0.377,-10.0,https://www.bls.gov/news.release/archives/cpi_01152025.htm,[офиц.],2026-09-27
E0162,POLITICAL,2025-01-18 02:00:51,2025-01-17 21:00 EST,0,exact,0,Trump launches $TRUMP memecoin (Truth Social),,,,,,,,4.0,https://truthsocial.com/@realDonaldTrump/113846888132979151,[3P архив Truth Social],2026-09-27
E0163,POLITICAL,2025-01-20 17:00:00,2025-01-20 12:00 EST,0,exact,0,Inauguration oath (noon ET); no crypto in speech,,,,,,,,,https://www.whitehouse.gov/,[офиц.] расписание,2026-09-27
E0164,POLITICAL,2025-01-23 21:00:00,2025-01-23 16:00 EST,0,date,1,EO 14178 Strengthening American Leadership in Digital Financial Technology,,,,,,,,0.0,https://www.govinfo.gov/app/details/DCPD-202500169,[офиц.] дата; время проверить,2026-09-27
E0165,FOMC_STATEMENT,2025-01-29 19:00:00,2025-01-29 14:00 EST,1,scheduled,0,FOMC statement: hold +0 bp,rate_change_bp,0.0,,,,,,2.0,https://www.federalreserve.gov/newsevents/pressreleases/monetary20250129a.htm,[офиц.],2026-09-27
E0166,FOMC_PRESSER,2025-01-29 19:30:00,2025-01-29 14:30 EST,1,scheduled,0,FOMC press conference start (2:30 p.m. ET),rate_change_bp,0.0,,,,,,2.0,https://www.federalreserve.gov/monetarypolicy/fomcpresconf20250129.htm,[офиц.],2026-09-27
E0167,PCE,2025-01-31 13:30:00,2025-01-31 08:30 EST,1,scheduled,0,Personal Income and Outlays (PCE) ,,,,,,,,4.0,https://alfred.stlouisfed.org/release/downloaddates?rid=54,[офиц.],2026-09-27
E0168,TARIFF,2025-02-01 22:42:54,2025-02-01 17:42 EST,0,exact,-1,"Trump: 25% tariffs on Mexico/Canada, 10% on China implemented (IEEPA)",,,,,,,,,https://truthsocial.com/@realDonaldTrump/113931044424714413,[3P архив Truth Social]; EO подписан раньше в тот же день,2026-09-27
E0169,TARIFF,2025-02-03 15:41:28,2025-02-03 10:41 EST,0,exact,1,Trump: Mexico tariffs paused one month after call with Sheinbaum,,,,,,,,4.0,https://truthsocial.com/@realDonaldTrump/113940711907400754,[3P архив Truth Social],2026-09-27
E0170,TARIFF,2025-02-03 21:57:10,2025-02-03 16:57 EST,0,exact,1,Trump: Canada tariffs paused (border deal),,,,,,,,4.0,https://truthsocial.com/@realDonaldTrump/113942189236610107,[3P архив Truth Social],2026-09-27
E0171,NFP,2025-02-07 13:30:00,2025-02-07 08:30 EST,1,scheduled,0,January 2025 Employment Situation,,,,,,,,8.0,https://www.bls.gov/news.release/archives/empsit_02072025.htm,[офиц.],2026-09-27
E0172,CPI,2025-02-12 13:30:00,2025-02-12 08:30 EST,1,scheduled,0,January 2025 Consumer Price Index,,,0.446,0.267,0.18,0.467,0.242,7.0,https://www.bls.gov/news.release/archives/cpi_02122025.htm,[офиц.],2026-09-27
E0173,PPI,2025-02-13 13:30:00,2025-02-13 08:30 EST,1,scheduled,0,January 2025 Producer Price Index,,,,,,,,-5.0,https://www.bls.gov/news.release/archives/ppi_02132025.htm,[офиц.],2026-09-27
E0174,FOMC_MINUTES,2025-02-19 19:00:00,2025-02-19 14:00 EST,1,scheduled,0,FOMC minutes of 2025-01-29 meeting,,,,,,,,-1.0,https://www.federalreserve.gov/monetarypolicy/fomcminutes20250129.htm,[офиц.],2026-09-27
E0175,PCE,2025-02-28 13:30:00,2025-02-28 08:30 EST,1,scheduled,0,Personal Income and Outlays (PCE) ,,,,,,,,-8.0,https://alfred.stlouisfed.org/release/downloaddates?rid=54,[офиц.],2026-09-27
E0176,POLITICAL,2025-03-02 15:24:20,2025-03-02 10:24 EST,0,exact,1,"Trump: US Crypto Reserve incl. XRP, SOL, ADA (Sunday)",,,,,,,,,https://truthsocial.com/@realDonaldTrump/114093526901586124,[3P архив Truth Social],2026-09-27
E0177,POLITICAL,2025-03-02 17:11:00,2025-03-02 12:11 EST,0,exact,1,Trump: BTC and ETH will be the heart of the Reserve,,,,,,,,,https://truthsocial.com/@realDonaldTrump/114093946326587357,[3P архив Truth Social],2026-09-27
E0178,POLITICAL,2025-03-07 00:11:37,2025-03-06 19:11 EST,0,exact,1,"Sacks: Trump signed EO on Strategic Bitcoin Reserve (forfeited BTC only, no purchases)",,,,,,,,-3.0,https://x.com/davidsacks47/status/1897802280738734236,[офиц. лицо] время из snowflake ID,2026-09-27
E0179,NFP,2025-03-07 13:30:00,2025-03-07 08:30 EST,1,scheduled,0,February 2025 Employment Situation,,,,,,,,3.0,https://www.bls.gov/news.release/archives/empsit_03072025.htm,[офиц.],2026-09-27
E0180,CPI,2025-03-12 12:30:00,2025-03-12 08:30 EDT,1,scheduled,0,February 2025 Consumer Price Index,,,0.227,0.27,-0.044,0.216,0.23,7.0,https://www.bls.gov/news.release/archives/cpi_03122025.htm,[офиц.],2026-09-27
E0181,PPI,2025-03-13 12:30:00,2025-03-13 08:30 EDT,1,scheduled,0,February 2025 Producer Price Index,,,,,,,,-7.0,https://www.bls.gov/news.release/archives/ppi_03132025.htm,[офиц.],2026-09-27
E0182,FOMC_STATEMENT,2025-03-19 18:00:00,2025-03-19 14:00 EDT,1,scheduled,0,FOMC statement: hold +0 bp,rate_change_bp,0.0,,,,,,-5.0,https://www.federalreserve.gov/newsevents/pressreleases/monetary20250319a.htm,[офиц.],2026-09-27
E0183,FOMC_PRESSER,2025-03-19 18:30:00,2025-03-19 14:30 EDT,1,scheduled,0,FOMC press conference start (2:30 p.m. ET),rate_change_bp,0.0,,,,,,-5.0,https://www.federalreserve.gov/monetarypolicy/fomcpresconf20250319.htm,[офиц.],2026-09-27
E0184,PCE,2025-03-28 12:30:00,2025-03-28 08:30 EDT,1,scheduled,0,Personal Income and Outlays (PCE) ,,,,,,,,-8.0,https://alfred.stlouisfed.org/release/downloaddates?rid=54,[офиц.],2026-09-27
E0185,TARIFF,2025-04-02 20:00:00,2025-04-02 16:00 EDT,0,approx,-1,"'Liberation Day' reciprocal tariffs, Rose Garden (4 p.m. ET)",,,,,,,,4.0,https://www.whitehouse.gov/presidential-actions/2025/04/regulating-imports-with-a-reciprocal-tariff-to-rectify-trade-practices-that-contribute-to-large-and-persistent-annual-united-states-goods-trade-deficits/,[офиц.] дата; время [пресса] проверить,2026-09-27
E0186,NFP,2025-04-04 12:30:00,2025-04-04 08:30 EDT,1,scheduled,0,March 2025 Employment Situation,,,,,,,,-3.0,https://www.bls.gov/news.release/archives/empsit_04042025.htm,[офиц.],2026-09-27
E0187,TARIFF,2025-04-09 13:37:01,2025-04-09 09:37 EDT,0,exact,1,Trump: 'THIS IS A GREAT TIME TO BUY!!!',,,,,,,,20.0,https://truthsocial.com/@realDonaldTrump/114308272725981913,[3P архив Truth Social],2026-09-27
E0188,TARIFF,2025-04-09 17:18:40,2025-04-09 13:18 EDT,0,exact,1,Trump: 90-day pause of reciprocal tariffs (China raised to 125%),,,,,,,,20.0,https://truthsocial.com/@realDonaldTrump/114309144289505174,[3P архив Truth Social],2026-09-27
E0189,FOMC_MINUTES,2025-04-09 18:00:00,2025-04-09 14:00 EDT,1,scheduled,0,FOMC minutes of 2025-03-19 meeting,,,,,,,,20.0,https://www.federalreserve.gov/monetarypolicy/fomcminutes20250319.htm,[офиц.],2026-09-27
E0190,CPI,2025-04-10 12:30:00,2025-04-10 08:30 EDT,1,scheduled,0,March 2025 Consumer Price Index,,,0.057,0.258,-0.202,-0.05,0.028,-7.0,https://www.bls.gov/news.release/archives/cpi_04102025.htm,[офиц.],2026-09-27
E0191,PPI,2025-04-11 12:30:00,2025-04-11 08:30 EDT,1,scheduled,0,March 2025 Producer Price Index,,,,,,,,12.0,https://www.bls.gov/news.release/archives/ppi_04112025.htm,[офиц.],2026-09-27
E0192,PCE,2025-04-30 12:30:00,2025-04-30 08:30 EDT,1,scheduled,0,Personal Income and Outlays (PCE) ,,,,,,,,-5.0,https://alfred.stlouisfed.org/release/downloaddates?rid=54,[офиц.],2026-09-27
E0193,NFP,2025-05-02 12:30:00,2025-05-02 08:30 EDT,1,scheduled,0,April 2025 Employment Situation,,,,,,,,13.0,https://www.bls.gov/news.release/archives/empsit_05022025.htm,[офиц.],2026-09-27
E0194,FOMC_STATEMENT,2025-05-07 18:00:00,2025-05-07 14:00 EDT,1,scheduled,0,FOMC statement: hold +0 bp,rate_change_bp,0.0,,,,,,0.0,https://www.federalreserve.gov/newsevents/pressreleases/monetary20250507a.htm,[офиц.],2026-09-27
E0195,FOMC_PRESSER,2025-05-07 18:30:00,2025-05-07 14:30 EDT,1,scheduled,0,FOMC press conference start (2:30 p.m. ET),rate_change_bp,0.0,,,,,,0.0,https://www.federalreserve.gov/monetarypolicy/fomcpresconf20250507.htm,[офиц.],2026-09-27
E0196,TARIFF,2025-05-12 07:00:00,2025-05-12 03:00 EDT,0,approx,1,US-China Geneva joint statement: tariffs cut by 115 pp for 90 days (9:00 Geneva),,,,,,,,10.0,https://www.whitehouse.gov/briefings-statements/2025/05/joint-statement-on-u-s-china-economic-and-trade-meeting-in-geneva/,[офиц.] текст; время [пресса] проверить,2026-09-27
E0197,CPI,2025-05-13 12:30:00,2025-05-13 08:30 EDT,1,scheduled,0,April 2025 Consumer Price Index,,,0.237,0.231,0.006,0.221,0.218,4.0,https://www.bls.gov/news.release/archives/cpi_05132025.htm,[офиц.],2026-09-27
E0198,PPI,2025-05-15 12:30:00,2025-05-15 08:30 EDT,1,scheduled,0,April 2025 Producer Price Index,,,,,,,,-9.0,https://www.bls.gov/news.release/archives/ppi_05152025.htm,[офиц.],2026-09-27
E0199,FOMC_MINUTES,2025-05-28 18:00:00,2025-05-28 14:00 EDT,1,scheduled,0,FOMC minutes of 2025-05-07 meeting,,,,,,,,4.0,https://www.federalreserve.gov/monetarypolicy/fomcminutes20250507.htm,[офиц.],2026-09-27
E0200,PCE,2025-05-30 12:30:00,2025-05-30 08:30 EDT,1,scheduled,0,Personal Income and Outlays (PCE) ,,,,,,,,-3.0,https://alfred.stlouisfed.org/release/downloaddates?rid=54,[офиц.],2026-09-27
E0201,NFP,2025-06-06 12:30:00,2025-06-06 08:30 EDT,1,scheduled,0,May 2025 Employment Situation,,,,,,,,12.0,https://www.bls.gov/news.release/archives/empsit_06062025.htm,[офиц.],2026-09-27
E0202,CPI,2025-06-11 12:30:00,2025-06-11 08:30 EDT,1,scheduled,0,May 2025 Consumer Price Index,,,0.13,0.229,-0.099,0.081,0.125,-7.0,https://www.bls.gov/news.release/archives/cpi_06112025.htm,[офиц.],2026-09-27
E0203,PPI,2025-06-12 12:30:00,2025-06-12 08:30 EDT,1,scheduled,0,May 2025 Producer Price Index,,,,,,,,-4.0,https://www.bls.gov/news.release/archives/ppi_06122025.htm,[офиц.],2026-09-27
E0204,FOMC_STATEMENT,2025-06-18 18:00:00,2025-06-18 14:00 EDT,1,scheduled,0,FOMC statement: hold +0 bp,rate_change_bp,0.0,,,,,,0.0,https://www.federalreserve.gov/newsevents/pressreleases/monetary20250618a.htm,[офиц.],2026-09-27
E0205,FOMC_PRESSER,2025-06-18 18:30:00,2025-06-18 14:30 EDT,1,scheduled,0,FOMC press conference start (2:30 p.m. ET),rate_change_bp,0.0,,,,,,0.0,https://www.federalreserve.gov/monetarypolicy/fomcpresconf20250618.htm,[офиц.],2026-09-27
E0206,PCE,2025-06-27 12:30:00,2025-06-27 08:30 EDT,1,scheduled,0,Personal Income and Outlays (PCE) ,,,,,,,,3.0,https://alfred.stlouisfed.org/release/downloaddates?rid=54,[офиц.],2026-09-27
E0207,NFP,2025-07-03 12:30:00,2025-07-03 08:30 EDT,1,scheduled,0,June 2025 Employment Situation,,,,,,,,10.0,https://www.bls.gov/news.release/archives/empsit_07032025.htm,[офиц.],2026-09-27
E0208,FOMC_MINUTES,2025-07-09 18:00:00,2025-07-09 14:00 EDT,1,scheduled,0,FOMC minutes of 2025-06-18 meeting,,,,,,,,-4.0,https://www.federalreserve.gov/monetarypolicy/fomcminutes20250618.htm,[офиц.],2026-09-27
E0209,CPI,2025-07-15 12:30:00,2025-07-15 08:30 EDT,1,scheduled,0,June 2025 Consumer Price Index,,,0.228,0.228,0.0,0.287,0.254,5.0,https://www.bls.gov/news.release/archives/cpi_07152025.htm,[офиц.],2026-09-27
E0210,PPI,2025-07-16 12:30:00,2025-07-16 08:30 EDT,1,scheduled,0,June 2025 Producer Price Index,,,,,,,,-7.0,https://www.bls.gov/news.release/archives/ppi_07162025.htm,[офиц.],2026-09-27
E0211,POLITICAL,2025-07-18 20:00:00,2025-07-18 16:00 EDT,0,date,1,GENIUS Act signed into law (expected),,,,,,,,-3.0,https://truthsocial.com/@realDonaldTrump/114876927258467384,[3P архив Truth Social] пост 23:53 UTC,2026-09-27
E0212,FOMC_STATEMENT,2025-07-30 18:00:00,2025-07-30 14:00 EDT,1,scheduled,0,FOMC statement: hold +0 bp,rate_change_bp,0.0,,,,,,8.0,https://www.federalreserve.gov/newsevents/pressreleases/monetary20250730a.htm,[офиц.],2026-09-27
E0213,FOMC_PRESSER,2025-07-30 18:30:00,2025-07-30 14:30 EDT,1,scheduled,0,FOMC press conference start (2:30 p.m. ET),rate_change_bp,0.0,,,,,,8.0,https://www.federalreserve.gov/monetarypolicy/fomcpresconf20250730.htm,[офиц.],2026-09-27
E0214,PCE,2025-07-31 12:30:00,2025-07-31 08:30 EDT,1,scheduled,0,Personal Income and Outlays (PCE) ,,,,,,,,0.0,https://alfred.stlouisfed.org/release/downloaddates?rid=54,[офиц.],2026-09-27
E0215,NFP,2025-08-01 12:30:00,2025-08-01 08:30 EDT,1,scheduled,0,July 2025 Employment Situation,,,,,,,,-25.0,https://www.bls.gov/news.release/archives/empsit_08012025.htm,[офиц.],2026-09-27
E0216,POLITICAL,2025-08-07 20:00:00,2025-08-07 16:00 EDT,0,date,1,EO: alternative assets incl. crypto in 401(k) plans,,,,,,,,3.0,https://www.ballardspahr.com/insights/alerts-and-articles/2025/08/eo-seeks-to-expand-access-to-crypto-and-private-investments-in-defined-contribution-plans,[пресса] дата; время проверить,2026-09-27
E0217,CPI,2025-08-12 12:30:00,2025-08-12 08:30 EDT,1,scheduled,0,July 2025 Consumer Price Index,,,0.322,0.239,0.083,0.197,0.16,-4.0,https://www.bls.gov/news.release/archives/cpi_08122025.htm,[офиц.],2026-09-27
E0218,PPI,2025-08-14 12:30:00,2025-08-14 08:30 EDT,1,scheduled,0,July 2025 Producer Price Index,,,,,,,,7.0,https://www.bls.gov/news.release/archives/ppi_08142025.htm,[офиц.],2026-09-27
E0219,FOMC_MINUTES,2025-08-20 18:00:00,2025-08-20 14:00 EDT,1,scheduled,0,FOMC minutes of 2025-07-30 meeting,,,,,,,,-1.0,https://www.federalreserve.gov/monetarypolicy/fomcminutes20250730.htm,[офиц.],2026-09-27
E0220,FED_SPEECH,2025-08-22 14:00:00,2025-08-22 10:00 EDT,1,scheduled,0,"Powell, Jackson Hole 2025 (opens door to Sept cut)",,,,,,,,-11.0,https://www.federalreserve.gov/newsevents/speech/powell20250822a.htm,[офиц.] дата; время по программе KC Fed проверить,2026-09-27
E0221,PCE,2025-08-29 12:30:00,2025-08-29 08:30 EDT,1,scheduled,0,Personal Income and Outlays (PCE) ,,,,,,,,-3.0,https://alfred.stlouisfed.org/release/downloaddates?rid=54,[офиц.],2026-09-27
E0222,NFP,2025-09-05 12:30:00,2025-09-05 08:30 EDT,1,scheduled,0,August 2025 Employment Situation,,,,,,,,-8.0,https://www.bls.gov/news.release/archives/empsit_09052025.htm,[офиц.],2026-09-27
E0223,PPI,2025-09-10 12:30:00,2025-09-10 08:30 EDT,1,scheduled,0,August 2025 Producer Price Index,,,,,,,,0.0,https://www.bls.gov/news.release/archives/ppi_09102025.htm,[офиц.],2026-09-27
E0224,CPI,2025-09-11 12:30:00,2025-09-11 08:30 EDT,1,scheduled,0,August 2025 Consumer Price Index,,,0.346,0.251,0.095,0.382,0.305,-2.0,https://www.bls.gov/news.release/archives/cpi_09112025.htm,[офиц.],2026-09-27
E0225,FOMC_STATEMENT,2025-09-17 18:00:00,2025-09-17 14:00 EDT,1,scheduled,0,FOMC statement: cut -25 bp,rate_change_bp,-25.0,,,,,,1.0,https://www.federalreserve.gov/newsevents/pressreleases/monetary20250917a.htm,[офиц.],2026-09-27
E0226,FOMC_PRESSER,2025-09-17 18:30:00,2025-09-17 14:30 EDT,1,scheduled,0,FOMC press conference start (2:30 p.m. ET),rate_change_bp,-25.0,,,,,,1.0,https://www.federalreserve.gov/monetarypolicy/fomcpresconf20250917.htm,[офиц.],2026-09-27
E0227,ETF,2025-09-17 20:00:00,2025-09-17 16:00 EDT,0,date,1,SEC approves generic listing standards for commodity/crypto ETPs,,,,,,,,1.0,https://www.dechert.com/knowledge/onpoint/2025/10/generic-listing-standards-for-crypto-and-commodity-etps--what-it.html,[пресса] дата; время проверить,2026-09-27
E0228,PCE,2025-09-26 12:30:00,2025-09-26 08:30 EDT,1,scheduled,0,Personal Income and Outlays (PCE) ,,,,,,,,-1.0,https://alfred.stlouisfed.org/release/downloaddates?rid=54,[офиц.],2026-09-27
E0229,FOMC_MINUTES,2025-10-08 18:00:00,2025-10-08 14:00 EDT,1,scheduled,0,FOMC minutes of 2025-09-17 meeting,,,,,,,,1.0,https://www.federalreserve.gov/monetarypolicy/fomcminutes20250917.htm,[офиц.],2026-09-27
E0230,TARIFF,2025-10-10 14:57:52,2025-10-10 10:57 EDT,0,exact,-1,"Trump: China 'very hostile', threatens massive tariff increase",,,,,,,,-8.0,https://truthsocial.com/@realDonaldTrump/115350455734003647,[3P архив Truth Social],2026-09-27
E0231,TARIFF,2025-10-10 20:50:01,2025-10-10 16:50 EDT,0,exact,-1,Trump: additional 100% tariff on China from Nov 1 + software export controls,,,,,,,,-8.0,https://truthsocial.com/@realDonaldTrump/115351840469973590,[3P архив Truth Social],2026-09-27
E0232,TARIFF,2025-10-12 16:43:35,2025-10-12 12:43 EDT,0,exact,1,"Trump: 'Don't worry about China, it will all be fine!' (Sunday)",,,,,,,,,https://truthsocial.com/@realDonaldTrump/115362196088273474,[3P архив Truth Social],2026-09-27
E0233,CPI,2025-10-24 12:30:00,2025-10-24 08:30 EDT,1,scheduled,0,September 2025 Consumer Price Index,,,0.227,0.256,-0.029,0.31,0.376,0.0,https://www.bls.gov/news.release/archives/cpi_10242025.htm,[офиц.],2026-09-27
E0234,FOMC_STATEMENT,2025-10-29 18:00:00,2025-10-29 14:00 EDT,1,scheduled,0,FOMC statement: cut -25 bp,rate_change_bp,-25.0,,,,,,12.0,https://www.federalreserve.gov/newsevents/pressreleases/monetary20251029a.htm,[офиц.],2026-09-27
E0235,FOMC_PRESSER,2025-10-29 18:30:00,2025-10-29 14:30 EDT,1,scheduled,0,FOMC press conference start (2:30 p.m. ET),rate_change_bp,-25.0,,,,,,12.0,https://www.federalreserve.gov/monetarypolicy/fomcpresconf20251029.htm,[офиц.],2026-09-27
E0236,FOMC_MINUTES,2025-11-19 19:00:00,2025-11-19 14:00 EST,1,scheduled,0,FOMC minutes of 2025-10-29 meeting,,,,,,,,0.0,https://www.federalreserve.gov/monetarypolicy/fomcminutes20251029.htm,[офиц.],2026-09-27
E0237,NFP,2025-11-20 13:30:00,2025-11-20 08:30 EST,1,scheduled,0,September 2025 Employment Situation,,,,,,,,-3.0,https://www.bls.gov/news.release/archives/empsit_11202025.htm,[офиц.],2026-09-27
E0238,PPI,2025-11-25 13:30:00,2025-11-25 08:30 EST,1,scheduled,0,September 2025 Producer Price Index,,,,,,,,-3.0,https://www.bls.gov/news.release/archives/ppi_11252025.htm,[офиц.],2026-09-27
E0239,PCE,2025-12-05 15:00:00,2025-12-05 10:00 EST,1,scheduled,0,Personal Income and Outlays (PCE) BEA 10:00 a.m. ET (shutdown re-schedule),,,,,,,,4.0,https://alfred.stlouisfed.org/release/downloaddates?rid=54,[офиц.],2026-09-27
E0240,FOMC_STATEMENT,2025-12-10 19:00:00,2025-12-10 14:00 EST,1,scheduled,0,FOMC statement: cut -25 bp,rate_change_bp,-25.0,,,,,,-7.0,https://www.federalreserve.gov/newsevents/pressreleases/monetary20251210a.htm,[офиц.],2026-09-27
E0241,FOMC_PRESSER,2025-12-10 19:30:00,2025-12-10 14:30 EST,1,scheduled,0,FOMC press conference start (2:30 p.m. ET),rate_change_bp,-25.0,,,,,,-7.0,https://www.federalreserve.gov/monetarypolicy/fomcpresconf20251210.htm,[офиц.],2026-09-27
E0242,NFP,2025-12-16 13:30:00,2025-12-16 08:30 EST,1,scheduled,0,November 2025 Employment Situation,,,,,,,,-3.0,https://www.bls.gov/news.release/archives/empsit_12162025.htm,[офиц.],2026-09-27
E0243,CPI,2025-12-18 13:30:00,2025-12-18 08:30 EST,1,scheduled,0,November 2025 Consumer Price Index,,,-0.089,0.247,-0.337,0.021,0.322,-3.0,https://www.bls.gov/news.release/archives/cpi_12182025.htm,[офиц.],2026-09-27
E0244,PCE,2025-12-23 13:30:00,2025-12-23 08:30 EST,1,scheduled,0,Personal Income and Outlays (PCE) data update with GDP Q3 initial (not a regular monthly PCE release),,,,,,,,4.0,https://alfred.stlouisfed.org/release/downloaddates?rid=54,[офиц.],2026-09-27
E0245,FOMC_MINUTES,2025-12-30 19:00:00,2025-12-30 14:00 EST,1,scheduled,0,FOMC minutes of 2025-12-10 meeting,,,,,,,,0.0,https://www.federalreserve.gov/monetarypolicy/fomcminutes20251210.htm,[офиц.],2026-09-27
E0246,NFP,2026-01-09 13:30:00,2026-01-09 08:30 EST,1,scheduled,0,December 2025 Employment Situation,,,,,,,,5.0,https://www.bls.gov/news.release/archives/empsit_01092026.htm,[офиц.],2026-09-27
E0247,CPI,2026-01-13 13:30:00,2026-01-13 08:30 EST,1,scheduled,0,December 2025 Consumer Price Index,,,0.239,0.216,0.023,0.307,0.205,-1.0,https://www.bls.gov/news.release/archives/cpi_01132026.htm,[офиц.],2026-09-27
E0248,PPI,2026-01-14 13:30:00,2026-01-14 08:30 EST,1,scheduled,0,November 2025 Producer Price Index,,,,,,,,-2.0,https://www.bls.gov/news.release/archives/ppi_01142026.htm,[офиц.],2026-09-27
E0249,PCE,2026-01-22 15:00:00,2026-01-22 10:00 EST,1,scheduled,0,Personal Income and Outlays (PCE) BEA 10:00 a.m. ET (shutdown re-schedule),,,,,,,,1.0,https://alfred.stlouisfed.org/release/downloaddates?rid=54,[офиц.],2026-09-27
E0250,FOMC_STATEMENT,2026-01-28 19:00:00,2026-01-28 14:00 EST,1,scheduled,0,FOMC statement: hold +0 bp,rate_change_bp,0.0,,,,,,3.0,https://www.federalreserve.gov/newsevents/pressreleases/monetary20260128a.htm,[офиц.],2026-09-27
E0251,FOMC_PRESSER,2026-01-28 19:30:00,2026-01-28 14:30 EST,1,scheduled,0,FOMC press conference start (2:30 p.m. ET),rate_change_bp,0.0,,,,,,3.0,https://www.federalreserve.gov/monetarypolicy/fomcpresconf20260128.htm,[офиц.],2026-09-27
E0252,POLITICAL,2026-01-30 11:59:00,2026-01-30 06:59 EST,0,approx,-1,"Trump nominates Kevin Warsh as Fed chair (Truth Social, 6:59 a.m. EST); seen as hawkish on balance sheet",,,,,,,,-1.0,https://www.cnbc.com/2026/01/30/trump-nominates-kevin-warsh-for-federal-reserve-chair-to-succeed-jerome-powell.html,[пресса] время проверить,2026-09-27
E0253,PPI,2026-01-30 13:30:00,2026-01-30 08:30 EST,1,scheduled,0,December 2025 Producer Price Index,,,,,,,,-1.0,https://www.bls.gov/news.release/archives/ppi_01302026.htm,[офиц.],2026-09-27
E0254,NFP,2026-02-11 13:30:00,2026-02-11 08:30 EST,1,scheduled,0,January 2026 Employment Situation,,,,,,,,7.0,https://www.bls.gov/news.release/archives/empsit_02112026.htm,[офиц.],2026-09-27
E0255,CPI,2026-02-13 13:30:00,2026-02-13 08:30 EST,1,scheduled,0,January 2026 Consumer Price Index,,,0.295,0.218,0.077,0.171,0.135,-7.0,https://www.bls.gov/news.release/archives/cpi_02132026.htm,[офиц.],2026-09-27
E0256,FOMC_MINUTES,2026-02-18 19:00:00,2026-02-18 14:00 EST,1,scheduled,0,FOMC minutes of 2026-01-28 meeting,,,,,,,,4.0,https://www.federalreserve.gov/monetarypolicy/fomcminutes20260128.htm,[офиц.],2026-09-27
E0257,PCE,2026-02-20 13:30:00,2026-02-20 08:30 EST,1,scheduled,0,Personal Income and Outlays (PCE) ,,,,,,,,1.0,https://alfred.stlouisfed.org/release/downloaddates?rid=54,[офиц.],2026-09-27
E0258,TARIFF,2026-02-20 15:00:00,2026-02-20 10:00 EST,0,approx,1,"Supreme Court: IEEPA does not authorize tariffs (Learning Resources v. Trump), 10 a.m. ET opinion day",,,,,,,,1.0,https://www.congress.gov/crs-product/LSB11398,[офиц.] дата; время проверить,2026-09-27
E0259,PPI,2026-02-27 13:30:00,2026-02-27 08:30 EST,1,scheduled,0,January 2026 Producer Price Index,,,,,,,,-4.0,https://www.bls.gov/news.release/archives/ppi_02272026.htm,[офиц.],2026-09-27
E0260,NFP,2026-03-06 13:30:00,2026-03-06 08:30 EST,1,scheduled,0,February 2026 Employment Situation,,,,,,,,-1.0,https://www.bls.gov/news.release/archives/empsit_03062026.htm,[офиц.],2026-09-27
E0261,CPI,2026-03-11 12:30:00,2026-03-11 08:30 EDT,1,scheduled,0,February 2026 Consumer Price Index,,,0.216,0.207,0.009,0.267,0.249,7.0,https://www.bls.gov/news.release/archives/cpi_03112026.htm,[офиц.],2026-09-27
E0262,PCE,2026-03-13 12:30:00,2026-03-13 08:30 EDT,1,scheduled,0,Personal Income and Outlays (PCE) ,,,,,,,,-3.0,https://alfred.stlouisfed.org/release/downloaddates?rid=54,[офиц.],2026-09-27
E0263,PPI,2026-03-18 12:30:00,2026-03-18 08:30 EDT,1,scheduled,0,February 2026 Producer Price Index,,,,,,,,8.0,https://www.bls.gov/news.release/archives/ppi_03182026.htm,[офиц.],2026-09-27
E0264,FOMC_STATEMENT,2026-03-18 18:00:00,2026-03-18 14:00 EDT,1,scheduled,0,FOMC statement: hold +0 bp,rate_change_bp,0.0,,,,,,8.0,https://www.federalreserve.gov/newsevents/pressreleases/monetary20260318a.htm,[офиц.],2026-09-27
E0265,FOMC_PRESSER,2026-03-18 18:30:00,2026-03-18 14:30 EDT,1,scheduled,0,FOMC press conference start (2:30 p.m. ET),rate_change_bp,0.0,,,,,,8.0,https://www.federalreserve.gov/monetarypolicy/fomcpresconf20260318.htm,[офиц.],2026-09-27
E0266,NFP,2026-04-03 12:30:00,2026-04-03 08:30 EDT,1,scheduled,0,March 2026 Employment Situation,,,,,,,,5.0,https://www.bls.gov/news.release/archives/empsit_04032026.htm,[офиц.],2026-09-27
E0267,FOMC_MINUTES,2026-04-08 18:00:00,2026-04-08 14:00 EDT,1,scheduled,0,FOMC minutes of 2026-03-18 meeting,,,,,,,,-2.0,https://www.federalreserve.gov/monetarypolicy/fomcminutes20260318.htm,[офиц.],2026-09-27
E0268,PCE,2026-04-09 12:30:00,2026-04-09 08:30 EDT,1,scheduled,0,Personal Income and Outlays (PCE) ,,,,,,,,-1.0,https://alfred.stlouisfed.org/release/downloaddates?rid=54,[офиц.],2026-09-27
E0269,CPI,2026-04-10 12:30:00,2026-04-10 08:30 EDT,1,scheduled,0,March 2026 Consumer Price Index,,,0.196,0.204,-0.008,0.865,0.844,3.0,https://www.bls.gov/news.release/archives/cpi_04102026.htm,[офиц.],2026-09-27
E0270,PPI,2026-04-14 12:30:00,2026-04-14 08:30 EDT,1,scheduled,0,March 2026 Producer Price Index,,,,,,,,-2.0,https://www.bls.gov/news.release/archives/ppi_04142026.htm,[офиц.],2026-09-27
E0271,FOMC_STATEMENT,2026-04-29 18:00:00,2026-04-29 14:00 EDT,1,scheduled,0,FOMC statement: hold +0 bp,rate_change_bp,0.0,,,,,,8.0,https://www.federalreserve.gov/newsevents/pressreleases/monetary20260429a.htm,[офиц.],2026-09-27
E0272,FOMC_PRESSER,2026-04-29 18:30:00,2026-04-29 14:30 EDT,1,scheduled,0,FOMC press conference start (2:30 p.m. ET),rate_change_bp,0.0,,,,,,8.0,https://www.federalreserve.gov/monetarypolicy/fomcpresconf20260429.htm,[офиц.],2026-09-27
E0273,PCE,2026-04-30 12:30:00,2026-04-30 08:30 EDT,1,scheduled,0,Personal Income and Outlays (PCE) ,,,,,,,,-4.0,https://alfred.stlouisfed.org/release/downloaddates?rid=54,[офиц.],2026-09-27
E0274,NFP,2026-05-08 12:30:00,2026-05-08 08:30 EDT,1,scheduled,0,April 2026 Employment Situation,,,,,,,,-2.0,https://www.bls.gov/news.release/archives/empsit_05082026.htm,[офиц.],2026-09-27
E0275,CPI,2026-05-12 12:30:00,2026-05-12 08:30 EDT,1,scheduled,0,April 2026 Consumer Price Index,,,0.376,0.214,0.162,0.64,0.448,5.0,https://www.bls.gov/news.release/archives/cpi_05122026.htm,[офиц.],2026-09-27
E0276,PPI,2026-05-13 12:30:00,2026-05-13 08:30 EDT,1,scheduled,0,April 2026 Producer Price Index,,,,,,,,-2.0,https://www.bls.gov/news.release/archives/ppi_05132026.htm,[офиц.],2026-09-27
E0277,FOMC_MINUTES,2026-05-20 18:00:00,2026-05-20 14:00 EDT,1,scheduled,0,FOMC minutes of 2026-04-29 meeting,,,,,,,,-9.0,https://www.federalreserve.gov/monetarypolicy/fomcminutes20260429.htm,[офиц.],2026-09-27
E0278,PCE,2026-05-28 12:30:00,2026-05-28 08:30 EDT,1,scheduled,0,Personal Income and Outlays (PCE) ,,,,,,,,-1.0,https://alfred.stlouisfed.org/release/downloaddates?rid=54,[офиц.],2026-09-27
E0279,NFP,2026-06-05 12:30:00,2026-06-05 08:30 EDT,1,scheduled,0,May 2026 Employment Situation,,,,,,,,12.0,https://www.bls.gov/news.release/archives/empsit_06052026.htm,[офиц.],2026-09-27
E0280,CPI,2026-06-10 12:30:00,2026-06-10 08:30 EDT,1,scheduled,0,May 2026 Consumer Price Index,,,0.208,0.226,-0.018,0.473,0.459,0.0,https://www.bls.gov/news.release/archives/cpi_06102026.htm,[офиц.],2026-09-27
E0281,PPI,2026-06-11 12:30:00,2026-06-11 08:30 EDT,1,scheduled,0,May 2026 Producer Price Index,,,,,,,,-8.0,https://www.bls.gov/news.release/archives/ppi_06112026.htm,[офиц.],2026-09-27
E0282,FOMC_STATEMENT,2026-06-17 18:00:00,2026-06-17 14:00 EDT,1,scheduled,0,FOMC statement: hold +0 bp,rate_change_bp,0.0,,,,,,15.0,https://www.federalreserve.gov/newsevents/pressreleases/monetary20260617a.htm,[офиц.],2026-09-27
E0283,FOMC_PRESSER,2026-06-17 18:30:00,2026-06-17 14:30 EDT,1,scheduled,0,FOMC press conference start (2:30 p.m. ET),rate_change_bp,0.0,,,,,,15.0,https://www.federalreserve.gov/monetarypolicy/fomcpresconf20260617.htm,[офиц.],2026-09-27
E0284,PCE,2026-06-25 12:30:00,2026-06-25 08:30 EDT,1,scheduled,0,Personal Income and Outlays (PCE) ,,,,,,,,-2.0,https://alfred.stlouisfed.org/release/downloaddates?rid=54,[офиц.],2026-09-27
E0285,NFP,2026-07-02 12:30:00,2026-07-02 08:30 EDT,1,scheduled,0,June 2026 Employment Situation,,,,,,,,-3.0,https://www.bls.gov/news.release/archives/empsit_07022026.htm,[офиц.],2026-09-27
E0286,FOMC_MINUTES,2026-07-08 18:00:00,2026-07-08 14:00 EDT,1,scheduled,0,FOMC minutes of 2026-06-17 meeting,,,,,,,,2.0,https://www.federalreserve.gov/monetarypolicy/fomcminutes20260617.htm,[офиц.],2026-09-27
E0287,CPI,2026-07-14 12:30:00,2026-07-14 08:30 EDT,1,scheduled,0,June 2026 Consumer Price Index,,,-0.017,0.232,-0.249,-0.422,-0.061,-8.0,https://www.bls.gov/news.release/archives/cpi_07142026.htm,[офиц.],2026-09-27
E0288,PPI,2026-07-15 12:30:00,2026-07-15 08:30 EDT,1,scheduled,0,June 2026 Producer Price Index,,,,,,,,-5.0,https://www.bls.gov/news.release/archives/ppi_07152026.htm,[офиц.],2026-09-27
E0289,FOMC_STATEMENT,2026-07-29 18:00:00,2026-07-29 14:00 EDT,1,scheduled,0,FOMC statement: hold +0 bp,rate_change_bp,0.0,,,,,,-4.0,https://www.federalreserve.gov/newsevents/pressreleases/monetary20260729a.htm,[офиц.],2026-09-27
E0290,FOMC_PRESSER,2026-07-29 18:30:00,2026-07-29 14:30 EDT,1,scheduled,0,FOMC press conference start (2:30 p.m. ET),rate_change_bp,0.0,,,,,,-4.0,https://www.federalreserve.gov/monetarypolicy/fomcpresconf20260729.htm,[офиц.],2026-09-27
E0291,PCE,2026-07-30 12:30:00,2026-07-30 08:30 EDT,1,scheduled,0,Personal Income and Outlays (PCE) ,,,,,,,,1.0,https://alfred.stlouisfed.org/release/downloaddates?rid=54,[офиц.],2026-09-27
E0292,NFP,2026-08-07 12:30:00,2026-08-07 08:30 EDT,1,scheduled,0,July 2026 Employment Situation,,,,,,,,-6.0,https://www.bls.gov/news.release/archives/empsit_08072026.htm,[офиц.],2026-09-27
E0293,CPI,2026-08-12 12:30:00,2026-08-12 08:30 EDT,1,scheduled,0,July 2026 Consumer Price Index,,,0.215,0.211,0.004,0.074,0.087,-2.0,https://www.bls.gov/news.release/archives/cpi_08122026.htm,[офиц.],2026-09-27
E0294,PPI,2026-08-13 12:30:00,2026-08-13 08:30 EDT,1,scheduled,0,July 2026 Producer Price Index,,,,,,,,-5.0,https://www.bls.gov/news.release/archives/ppi_08132026.htm,[офиц.],2026-09-27
E0295,FOMC_MINUTES,2026-08-19 18:00:00,2026-08-19 14:00 EDT,1,scheduled,0,FOMC minutes of 2026-07-29 meeting,,,,,,,,0.0,https://www.federalreserve.gov/monetarypolicy/fomcminutes20260729.htm,[офиц.],2026-09-27
E0296,PCE,2026-08-26 12:30:00,2026-08-26 08:30 EDT,1,scheduled,0,Personal Income and Outlays (PCE) ,,,,,,,,2.0,https://alfred.stlouisfed.org/release/downloaddates?rid=54,[офиц.],2026-09-27
