date,IBIT,GBTC,FBTC,ARKB,BITB,EZBC,BTCW,BTCO,BRRR,HODL,BTC,MSBT,total_usd
2024-01-11,111700000,-95100000,227000000,65300000,237900000,50100000,1000000,17400000,29400000,10600000,0,0,655300000
2024-01-12,386000000,-484100000,195300000,39800000,17400000,0,0,28400000,20200000,0,0,0,203000000
2024-01-16,212700000,-594400000,102000000,122300000,50200000,0,0,31900000,15300000,7300000,0,0,-52700000
2024-01-17,371400000,-460600000,358100000,50300000,68200000,1200000,1600000,57600000,1200000,4800000,0,0,453800000
2024-01-18,145500000,-582300000,177900000,41800000,20100000,0,0,58800000,9300000,2300000,0,0,-126600000
2024-01-19,201500000,-590400000,222300000,62600000,56700000,0,2900000,63400000,10400000,14200000,0,0,43600000
2024-01-22,260600000,-640500000,158700000,65000000,41600000,4700000,400000,5600000,9700000,6800000,0,0,-87400000
2024-01-23,160100000,-515300000,157700000,61800000,26300000,1100000,0,0,0,2200000,0,0,-106100000
2024-01-24,66200000,-429300000,125700000,24900000,19100000,1200000,400000,19900000,9100000,4500000,0,0,-158300000
2024-01-25,170700000,-394100000,101000000,16100000,20000000,0,0,0,6500000,0,0,0,-79800000
2024-01-26,87100000,-255100000,100100000,46400000,30900000,1200000,0,0,1800000,2400000,0,0,14800000
2024-01-29,198400000,-191700000,208200000,17200000,20000000,0,500000,3000000,0,0,0,0,255600000
2024-01-30,299200000,-220700000,119000000,16800000,21900000,2500000,2100000,6300000,0,0,0,0,247100000
2024-01-31,116200000,-187700000,232100000,14800000,17800000,0,0,1500000,600000,2400000,0,0,197700000
2024-02-01,163900000,-182000000,35800000,15900000,4200000,0,700000,0,0,0,0,0,38500000
2024-02-02,105800000,-144600000,78900000,22600000,11500000,2500000,900000,0,0,2400000,0,0,80000000
2024-02-05,137300000,-107900000,38000000,0,0,0,700000,0,0,0,0,0,68100000
2024-02-06,45200000,-72700000,37700000,8600000,11300000,0,1100000,0,0,2400000,0,0,33600000
2024-02-07,56200000,-80800000,130100000,3300000,21400000,5100000,900000,8600000,1200000,0,0,0,146000000
2024-02-08,204100000,-101600000,128300000,86400000,60500000,0,1700000,13400000,1900000,10300000,0,0,405000000
2024-02-09,250700000,-51800000,188400000,136500000,29100000,1400000,500000,-17400000,1400000,2700000,0,0,541500000
2024-02-12,374700000,-95000000,151900000,40000000,33000000,0,0,-20800000,1100000,8500000,0,0,493400000
2024-02-13,493100000,-72800000,163600000,35000000,10800000,0,1600000,0,0,0,0,0,631300000
2024-02-14,224300000,-131200000,118900000,101500000,47200000,9000000,3600000,-37500000,1000000,2900000,0,0,339700000
2024-02-15,330900000,-174600000,97400000,88900000,120200000,3000000,0,1300000,7400000,2900000,0,0,477400000
2024-02-16,191400000,-150400000,116700000,140000000,20900000,1500000,2800000,1000000,7900000,0,0,0,331800000
2024-02-20,154300000,-137000000,71400000,27400000,11100000,0,2200000,0,0,5900000,0,0,135300000
2024-02-21,96500000,-199300000,52500000,10700000,0,3000000,0,1000000,0,0,0,0,-35600000
2024-02-22,125100000,-55700000,158900000,6700000,7900000,0,4400000,0,1200000,2900000,0,0,251400000
2024-02-23,167500000,-44200000,52500000,34500000,12000000,1500000,0,0,0,8700000,0,0,232500000
2024-02-26,111800000,-22400000,243300000,130600000,37200000,7900000,900000,4400000,0,6200000,0,0,519900000
2024-02-27,520200000,-125600000,126000000,5400000,18400000,16600000,3600000,2600000,0,9700000,0,0,576900000
2024-02-28,612100000,-216400000,245200000,23800000,9900000,0,2200000,0,0,-3400000,0,0,673400000
2024-02-29,603900000,-598900000,44800000,9900000,21700000,5400000,0,-1500000,0,7000000,0,0,92300000
2024-03-01,202500000,-492400000,49300000,55100000,42300000,5400000,0,0,0,-1800000,0,0,-139600000
2024-03-04,420100000,-368000000,404600000,38200000,90900000,7800000,-3200000,-25700000,3700000,-5700000,0,0,562700000
2024-03-05,788300000,-332500000,125600000,63700000,3700000,3600000,6600000,-14200000,0,3500000,0,0,648300000
2024-03-06,281700000,-276200000,205700000,41300000,28600000,5800000,1400000,3000000,40700000,0,0,0,332000000
2024-03-07,244200000,-374800000,473400000,42100000,41400000,0,2500000,0,41800000,1900000,0,0,472500000
2024-03-08,336300000,-302900000,130300000,1700000,7900000,8000000,0,-7600000,41400000,7800000,0,0,222900000
2024-03-11,562900000,-494100000,215500000,13000000,49800000,0,5800000,-9700000,43400000,118800000,0,0,505400000
2024-03-12,849000000,-79000000,51600000,93000000,24600000,0,3000000,-19700000,39600000,82900000,0,0,1045000000
2024-03-13,586500000,-276500000,281500000,44600000,5600000,19100000,2300000,0,4100000,16500000,0,0,683700000
2024-03-14,345400000,-257100000,13700000,3500000,0,4000000,0,0,9400000,13800000,0,0,132700000
2024-03-15,139800000,-139400000,155600000,0,20500000,2000000,3300000,0,1200000,15800000,0,0,198800000
2024-03-18,451500000,-642500000,5900000,2700000,17600000,0,0,0,4800000,5700000,0,0,-154300000
2024-03-19,75200000,-443500000,39600000,0,2500000,0,0,0,0,0,0,0,-326200000
2024-03-20,49300000,-386600000,12900000,23300000,18600000,19000000,0,-10200000,2900000,9300000,0,0,-261500000
2024-03-21,233400000,-358800000,2900000,2000000,12100000,3800000,0,4200000,4700000,1800000,0,0,-93900000
2024-03-22,18900000,-169900000,18100000,5400000,16300000,29600000,0,4500000,25500000,0,0,0,-51600000
2024-03-25,35500000,-350100000,261800000,0,14300000,20500000,0,18500000,11200000,4000000,0,0,15700000
2024-03-26,162200000,-212300000,279100000,73600000,16700000,26300000,0,26700000,29900000,15800000,0,0,418000000
2024-03-27,323800000,-299800000,1500000,200700000,0,4000000,1500000,4800000,5100000,1900000,0,0,243500000
2024-03-28,95100000,-104900000,68100000,27600000,67000000,0,0,3900000,6000000,20000000,0,0,182800000
2024-04-01,165900000,-302600000,44000000,-300000,1100000,0,0,4200000,0,2000000,0,0,-85700000
2024-04-02,150500000,-81900000,44800000,-87500000,4300000,0,0,0,3700000,5600000,0,0,39500000
2024-04-03,42000000,-75100000,116700000,0,23000000,3800000,3100000,0,0,0,0,0,113500000
2024-04-04,144000000,-79300000,106600000,12000000,11200000,0,0,0,3400000,15500000,0,0,213400000
2024-04-05,308800000,-198900000,83000000,0,7400000,0,0,2700000,0,0,0,0,203000000
2024-04-08,21300000,-303300000,6300000,9300000,40300000,0,2300000,0,0,0,0,0,-223800000
2024-04-09,128700000,-154900000,3000000,0,3800000,0,0,0,0,0,0,0,-19400000
2024-04-10,33300000,-17500000,76300000,7300000,24300000,0,0,0,0,0,0,0,123700000
2024-04-11,192100000,-124900000,4600000,0,11100000,0,0,0,8400000,0,0,0,91300000
2024-04-12,111100000,-166200000,0,0,0,0,0,0,0,0,0,0,-55100000
2024-04-15,73400000,-110100000,0,0,0,0,0,0,0,0,0,0,-36700000
2024-04-16,25800000,-79400000,1400000,-12900000,0,1800000,0,0,1700000,3600000,0,0,-58000000
2024-04-17,18100000,-133100000,0,-42700000,-7300000,0,0,0,0,0,0,0,-165000000
2024-04-18,18800000,-90000000,37400000,9500000,12800000,0,0,0,0,7200000,0,0,-4300000
2024-04-19,29300000,-45800000,54800000,12500000,4900000,1900000,0,3900000,0,-1800000,0,0,59700000
2024-04-22,19700000,-35000000,34800000,22600000,2200000,7700000,0,2700000,0,7500000,0,0,62200000
2024-04-23,37900000,-66900000,4400000,33300000,23200000,1900000,0,-300000,0,-1900000,0,0,31600000
2024-04-24,0,-130400000,5600000,4200000,0,0,0,0,0,0,0,0,-120600000
2024-04-25,0,-139400000,-22600000,-31300000,-6000000,1900000,0,0,-20200000,0,0,0,-217600000
2024-04-26,0,-82400000,-2800000,5400000,-3800000,0,0,0,0,0,0,0,-83600000
2024-04-29,0,-24700000,-6900000,-31300000,6800000,1800000,0,0,2700000,0,0,0,-51600000
2024-04-30,0,-93200000,-35300000,3600000,-34300000,0,0,-2400000,0,0,0,0,-161600000
2024-05-01,-36900000,-167400000,-191100000,-98100000,-29000000,-13400000,-6200000,-5400000,-9700000,-6500000,0,0,-563700000
2024-05-02,0,-54900000,0,13300000,0,3400000,0,1500000,2300000,0,0,0,-34400000
2024-05-03,12700000,63000000,102600000,28100000,33500000,60900000,0,33200000,35600000,8700000,0,0,378300000
2024-05-06,21500000,3900000,99200000,75600000,2100000,1800000,0,11100000,0,1800000,0,0,217000000
2024-05-07,0,-28600000,4100000,2800000,0,0,0,6000000,0,0,0,0,-15700000
2024-05-08,0,0,0,0,11500000,0,0,0,0,0,0,0,11500000
2024-05-09,14200000,-43400000,2700000,4400000,6800000,1800000,0,2200000,0,0,0,0,-11300000
2024-05-10,12400000,-103000000,5300000,0,0,0,600000,0,0,0,0,0,-84700000
2024-05-13,0,0,38600000,0,20300000,0,0,0,0,7100000,0,0,66000000
2024-05-14,0,-50900000,8100000,133100000,0,1800000,0,5500000,1200000,1700000,0,0,100500000
2024-05-15,0,27000000,131300000,38600000,86300000,1900000,2100000,4600000,3700000,7500000,0,0,303000000
2024-05-16,93700000,4600000,67100000,62000000,1400000,3800000,0,6200000,18500000,0,0,0,257300000
2024-05-17,38100000,31600000,99400000,10000000,20800000,0,0,5700000,6400000,9500000,0,0,221500000
2024-05-20,66400000,9300000,64000000,68300000,24000000,0,5200000,0,0,0,0,0,237200000
2024-05-21,290000000,0,25800000,0,-4200000,0,0,0,0,-5900000,0,0,305700000
2024-05-22,92000000,-16100000,74600000,3500000,0,0,0,0,0,0,0,0,154000000
2024-05-23,89000000,-13700000,19100000,2000000,0,0,0,2000000,0,9500000,0,0,107900000
2024-05-24,182100000,0,43700000,4100000,6400000,0,0,0,0,15600000,0,0,251900000
2024-05-28,102500000,-105200000,34300000,4100000,3300000,0,1400000,3400000,1200000,0,0,0,45000000
2024-05-29,24600000,-31100000,17700000,4000000,11000000,0,1100000,1000000,0,0,0,0,28300000
2024-05-30,1600000,0,119100000,-99900000,25900000,0,0,2100000,0,0,0,0,48800000
2024-05-31,169100000,-124300000,5900000,0,0,0,0,0,0,-1900000,0,0,48800000
2024-06-03,0,0,77000000,10700000,14300000,0,1100000,0,0,2000000,0,0,105100000
2024-06-04,274400000,28200000,378700000,138700000,61000000,0,0,0,1600000,4000000,0,0,886600000
2024-06-05,155400000,14600000,220600000,71400000,18500000,0,0,3600000,0,4000000,0,0,488100000
2024-06-06,349900000,-37600000,3100000,-96600000,-3100000,0,0,0,0,2000000,0,0,217700000
2024-06-07,168300000,-36300000,0,6900000,-7900000,0,0,0,0,0,0,0,131000000
2024-06-10,6300000,-39500000,-3000000,0,7600000,0,0,-20500000,-15800000,0,0,0,-64900000
2024-06-11,0,-121000000,-7400000,-56500000,-11700000,0,0,0,0,-3800000,0,0,-200400000
2024-06-12,15600000,0,50600000,8500000,14500000,0,0,0,0,11600000,0,0,100800000
2024-06-13,18200000,-61500000,-106400000,-52700000,-9800000,0,0,-2700000,0,-11300000,0,0,-226200000
2024-06-14,1500000,-52300000,-80100000,-49000000,-7100000,0,0,-2900000,0,0,0,0,-189900000
2024-06-17,0,-3000000,-92000000,-50000000,2900000,0,0,0,0,-3800000,0,0,-145900000
2024-06-18,0,-62300000,-83100000,0,-7000000,0,0,0,0,0,0,0,-152400000
2024-06-20,1500000,-53100000,-51100000,0,-31500000,0,0,-2000000,0,-3700000,0,0,-139900000
2024-06-21,0,-34200000,-44800000,-28800000,0,1900000,0,0,0,0,0,0,-105900000
2024-06-24,0,-90400000,-35200000,-7200000,-8200000,-20900000,0,-2400000,0,-10200000,0,0,-174500000
2024-06-25,0,-30300000,48800000,-6200000,15200000,0,0,0,0,3500000,0,0,31000000
2024-06-26,0,4300000,18600000,-4900000,0,0,0,0,0,3400000,0,0,21400000
2024-06-27,0,-11400000,6700000,1800000,8000000,3600000,0,3100000,0,0,0,0,11800000
2024-06-28,82400000,-27200000,-25000000,42800000,0,0,0,0,0,0,0,0,73000000
2024-07-01,0,0,65000000,12700000,41400000,1800000,0,3200000,0,5400000,0,0,129500000
2024-07-02,14100000,-32400000,5400000,2500000,-6800000,0,0,0,0,3500000,0,0,-13700000
2024-07-03,0,-27000000,6500000,0,0,0,0,0,0,0,0,0,-20500000
2024-07-05,0,-28600000,117400000,11300000,30200000,0,0,0,0,12800000,0,0,143100000
2024-07-08,187200000,25100000,61500000,8400000,11000000,0,0,0,0,1600000,0,0,294800000
2024-07-09,121000000,-37500000,91000000,43300000,-4700000,0,0,0,0,3300000,0,0,216400000
2024-07-10,22200000,-8200000,57800000,5700000,4700000,31700000,0,9500000,20700000,3300000,0,0,147400000
2024-07-11,72100000,-37700000,32700000,4300000,7500000,0,0,0,0,0,0,0,78900000
2024-07-12,120000000,23000000,115100000,13000000,28400000,0,0,4000000,0,6600000,0,0,310100000
2024-07-15,117200000,0,36100000,117200000,15200000,3700000,0,7900000,0,3600000,0,0,300900000
2024-07-16,260200000,0,61100000,29800000,17300000,9400000,0,20500000,2200000,22000000,0,0,422500000
2024-07-17,110400000,-53900000,2800000,0,-6000000,0,0,0,0,0,0,0,53300000
2024-07-18,102700000,-22500000,2800000,-47600000,0,0,0,0,0,1800000,0,0,37200000
2024-07-19,116200000,20300000,141000000,43600000,44600000,3900000,1800000,6400000,7600000,41800000,0,0,427200000
2024-07-22,526700000,0,23700000,0,-47700000,7900000,0,13700000,0,-38400000,0,0,485900000
2024-07-23,71900000,-27300000,0,-52300000,-70300000,0,0,0,0,0,0,0,-78000000
2024-07-24,66000000,-26200000,1400000,3300000,0,0,0,0,0,0,0,0,44500000
2024-07-25,70700000,-39600000,0,0,0,0,0,0,0,0,0,0,31100000
2024-07-26,23200000,-26500000,4500000,0,31400000,0,0,0,0,19200000,0,0,51800000
2024-07-29,205600000,-54300000,-5900000,0,-21300000,0,0,0,0,0,0,0,124100000
2024-07-30,74900000,-73600000,-2900000,-7900000,-3200000,0,0,0,0,-5600000,0,0,-18300000
2024-07-31,21000000,0,-31600000,-4600000,-2500000,0,0,0,0,0,18000000,0,300000
2024-08-01,25900000,-71300000,-48400000,-22400000,-20700000,0,0,0,0,-3600000,191100000,0,50600000
2024-08-02,42800000,-45900000,-104100000,-87700000,-29400000,0,0,0,0,-23000000,9900000,0,-237400000
2024-08-05,0,-69100000,-58000000,-69000000,2900000,0,0,0,0,3000000,21800000,0,-168400000
2024-08-06,0,-32200000,-64500000,-28900000,0,-23000000,0,0,0,0,0,0,-148600000
2024-08-07,52500000,-30600000,0,0,3000000,0,10500000,0,0,0,9700000,0,45100000
2024-08-08,157600000,-182900000,65200000,32800000,0,0,118500000,0,0,3400000,0,0,194600000
2024-08-09,9600000,-77000000,-19800000,0,-18100000,0,0,0,0,0,15600000,0,-89700000
2024-08-12,13400000,-11800000,0,35400000,-17100000,0,0,0,0,0,7900000,0,27800000
2024-08-13,34600000,-28600000,22600000,-6100000,16500000,0,0,0,0,0,0,0,39000000
2024-08-14,2700000,-56900000,-18000000,-6800000,-5800000,3400000,0,0,0,0,0,0,-81400000
2024-08-15,0,-25000000,16200000,0,6200000,0,0,0,0,0,13700000,0,11100000
2024-08-16,20400000,-72900000,61300000,13400000,12000000,1700000,0,0,0,0,0,0,35900000
2024-08-19,92700000,0,3900000,0,-25700000,0,0,-8800000,0,0,0,0,62100000
2024-08-20,55400000,-12800000,0,51900000,-6500000,0,0,0,0,0,0,0,88000000
2024-08-21,8400000,-9800000,10700000,0,10000000,3500000,0,2500000,0,0,14200000,0,39500000
2024-08-22,75500000,-28400000,9200000,7800000,-11500000,0,4800000,0,0,3400000,4000000,0,64800000
2024-08-23,86800000,-35600000,64000000,23800000,42300000,0,0,3200000,2300000,14400000,50800000,0,252000000
2024-08-26,224100000,0,-8300000,0,-16600000,5500000,5100000,0,0,-7200000,0,0,202600000
2024-08-27,0,-18300000,0,-102000000,-6800000,0,0,0,0,0,0,0,-127100000
2024-08-28,0,-8000000,-10400000,-59300000,-8700000,0,0,0,0,-10100000,-8800000,0,-105300000
2024-08-29,-13500000,-22700000,-31100000,5300000,-8100000,0,0,0,-1700000,0,0,0,-71800000
2024-08-30,0,-70200000,-12900000,-65000000,-16400000,0,0,-11100000,0,0,0,0,-175600000
2024-09-03,0,-50400000,-162300000,-33600000,-25000000,-8400000,0,-2300000,-2500000,-3300000,0,0,-287800000
2024-09-04,0,-34200000,-7600000,0,9500000,0,0,0,0,-4900000,0,0,-37200000
2024-09-05,0,-23200000,-149500000,0,-30000000,0,0,0,0,0,-8400000,0,-211100000
2024-09-06,0,-52900000,-85500000,-7200000,-14300000,0,0,0,-4600000,0,-5500000,0,-170000000
2024-09-09,-9100000,-22800000,28600000,6800000,22000000,0,0,3100000,0,0,0,0,28600000
2024-09-10,0,0,63200000,12700000,0,0,0,0,0,0,41100000,0,117000000
2024-09-11,0,-4600000,12600000,-54000000,0,0,0,2600000,0,0,-500000,0,-43900000
2024-09-12,0,-6500000,11500000,18300000,2200000,3400000,0,0,0,4900000,5200000,0,39000000
2024-09-13,0,6700000,102100000,99300000,43100000,5200000,0,0,1700000,5100000,0,0,263200000
2024-09-16,15800000,-20800000,5100000,0,0,5000000,0,0,0,4900000,2800000,0,12800000
2024-09-17,0,0,56600000,42200000,45400000,8700000,3200000,10200000,0,20500000,0,0,186800000
2024-09-18,0,-8100000,0,-43400000,-3900000,0,0,0,0,0,2700000,0,-52700000
2024-09-19,0,0,49900000,81100000,10400000,7400000,0,0,0,0,9500000,0,158300000
2024-09-20,0,0,26100000,22000000,15100000,0,0,3100000,5200000,7100000,13400000,0,92000000
2024-09-23,11500000,-40300000,24900000,0,0,0,0,0,0,0,8400000,0,4500000
2024-09-24,98900000,0,16800000,0,17400000,0,0,0,0,0,2900000,0,136000000
2024-09-25,184400000,0,-33200000,-47400000,2100000,0,0,0,0,0,0,0,105900000
2024-09-26,93400000,-7700000,74000000,113800000,50400000,5700000,0,6500000,4600000,22100000,2900000,0,365700000
2024-09-27,110800000,26200000,123600000,203100000,12900000,0,0,3300000,3300000,11200000,0,0,494400000
2024-09-30,72200000,0,8300000,-9500000,-9700000,0,0,0,0,0,0,0,61300000
2024-10-01,40800000,-5900000,-144700000,-84300000,-32700000,0,0,0,0,-15800000,0,0,-242600000
2024-10-02,-13700000,-27300000,21100000,-60300000,-11500000,0,0,0,0,0,0,0,-91700000
2024-10-03,36000000,0,-37200000,-58000000,2600000,0,0,2400000,0,0,0,0,-54200000
2024-10-04,0,-13900000,13600000,5300000,15300000,0,0,0,0,5300000,0,0,25600000
2024-10-07,97900000,0,103700000,12600000,13100000,0,0,2500000,0,5400000,0,0,235200000
2024-10-08,39600000,-9400000,-48800000,0,0,0,0,0,0,0,0,0,-18600000
2024-10-09,13900000,0,0,-44500000,-10000000,0,0,0,0,0,0,0,-40600000
2024-10-10,-10800000,0,-33800000,-30300000,-6200000,0,0,0,0,0,0,0,-81100000
2024-10-11,0,-22100000,117100000,97600000,38800000,0,0,7900000,0,14300000,0,0,253600000
2024-10-14,79500000,37800000,239300000,69800000,100200000,5700000,0,4900000,2800000,11200000,4700000,0,555900000
2024-10-15,288800000,8000000,35000000,14700000,700000,0,2800000,0,0,7600000,13400000,0,371000000
2024-10-16,393400000,0,14800000,11500000,12900000,11800000,0,6400000,1900000,5800000,0,0,458500000
2024-10-17,309000000,45700000,11700000,100200000,0,3900000,0,0,0,0,0,0,470500000
2024-10-18,70400000,0,18000000,109900000,36000000,0,0,16100000,0,23300000,0,0,273700000
2024-10-21,329000000,-4800000,5900000,-6100000,-22100000,0,0,0,0,-7600000,0,0,294300000
2024-10-22,43000000,0,8800000,-134700000,0,0,0,0,0,3800000,0,0,-79100000
2024-10-23,317500000,0,0,-99000000,-25200000,0,0,0,0,-5600000,4700000,0,192400000
2024-10-24,165500000,-7100000,0,0,29600000,0,0,0,0,0,0,0,188000000
2024-10-25,292000000,0,56900000,33400000,2500000,0,0,0,0,11300000,5900000,0,402000000
2024-10-28,315200000,0,44100000,59800000,38700000,0,0,0,0,0,21600000,0,479400000
2024-10-29,642900000,-17300000,133900000,12400000,52500000,0,0,0,0,16500000,29200000,0,870100000
2024-10-30,872000000,0,12600000,7200000,-23900000,0,0,7200000,6100000,4100000,8000000,0,893300000
2024-10-31,318800000,-31100000,-75200000,-94200000,-74000000,0,0,0,1900000,-13900000,0,0,32300000
2024-11-01,0,-5500000,-25600000,-24100000,-5600000,0,0,0,-1700000,-5900000,13500000,0,-54900000
2024-11-04,38400000,-63700000,-169600000,-138300000,-79800000,-17600000,0,0,-5700000,-15300000,-89500000,0,-541100000
2024-11-05,-44200000,0,-68200000,-12500000,19300000,-6000000,0,0,-1300000,-3900000,0,0,-116800000
2024-11-06,-69100000,30900000,308800000,127000000,100900000,0,0,0,-2600000,17200000,108800000,0,621900000
2024-11-07,1119900000,7300000,190900000,17600000,13400000,0,0,0,0,4300000,20400000,0,1373800000
2024-11-08,206100000,0,33500000,0,23000000,17800000,0,0,0,13000000,0,0,293400000
2024-11-11,756500000,24200000,135100000,108600000,42700000,10100000,0,8700000,0,0,28200000,0,1114100000
2024-11-12,778300000,-17800000,37200000,-5400000,0,0,0,0,0,10100000,15100000,0,817500000
2024-11-13,230800000,0,186100000,14500000,12300000,0,0,0,0,5100000,61300000,0,510100000
2024-11-14,126500000,-69600000,-179200000,-161700000,-113900000,0,0,0,0,2500000,-5300000,0,-400700000
2024-11-15,130400000,-22500000,-175100000,-108600000,-7400000,0,0,0,-1700000,-7700000,-47000000,0,-239600000
2024-11-18,89300000,5800000,60000000,13200000,24400000,0,0,0,0,7700000,54400000,0,254800000
2024-11-19,216100000,16200000,256100000,267300000,52800000,0,0,0,0,7900000,13100000,0,829500000
2024-11-20,626500000,0,133900000,3800000,9200000,0,0,0,0,0,22600000,0,796000000
2024-11-21,608400000,-7800000,301000000,17200000,68000000,5700000,0,0,0,5600000,7000000,0,1005100000
2024-11-22,513200000,-67100000,21700000,0,0,0,0,5000000,6200000,5600000,5700000,0,490300000
2024-11-25,267800000,-158200000,-134700000,-110900000,-280700000,0,0,-10900000,0,-8100000,400000,0,-435300000
2024-11-26,0,-36100000,-95700000,0,6500000,0,0,-2300000,0,0,4800000,0,-122800000
2024-11-27,0,0,40200000,0,48000000,2800000,0,0,0,0,12000000,0,103000000
2024-11-29,137500000,0,106500000,7800000,26500000,0,0,0,0,33100000,8600000,0,320000000
2024-12-02,338300000,-28100000,25100000,17200000,0,5600000,0,0,0,-10900000,6400000,0,353600000
2024-12-03,693300000,0,52200000,-93500000,7800000,0,0,0,0,16200000,0,0,676000000
2024-12-04,571700000,-94300000,17300000,0,6400000,0,0,0,0,0,55700000,0,556800000
2024-12-05,770500000,-148800000,47500000,12300000,-10200000,0,0,0,0,0,95400000,0,766700000
2024-12-06,257000000,-32300000,120200000,24900000,0,0,0,0,0,0,6800000,0,376600000
2024-12-09,394100000,-24400000,175500000,-34300000,-39000000,0,0,0,0,0,7200000,0,479100000
2024-12-10,295600000,-62800000,210500000,5800000,0,0,0,-11600000,0,-5400000,6400000,0,438500000
2024-12-11,0,20100000,121900000,52700000,12200000,0,0,0,-2400000,2900000,15700000,0,223100000
2024-12-12,431600000,-48400000,30500000,9000000,61400000,0,2600000,0,0,0,110800000,0,597500000
2024-12-13,393000000,-105800000,60000000,28400000,33200000,0,7000000,0,0,8600000,4500000,0,428900000
2024-12-16,418200000,17600000,116100000,47700000,30700000,0,0,0,0,0,6600000,0,636900000
2024-12-17,741400000,-84700000,-128200000,-17000000,-24400000,0,0,0,0,3000000,3800000,0,493900000
2024-12-18,359600000,-35900000,0,-6600000,-16600000,0,0,-25200000,0,0,0,0,275300000
2024-12-19,0,-87900000,-208500000,-108400000,-43600000,0,2000000,-26000000,0,-10900000,-188600000,0,-671900000
2024-12-20,-72700000,-57400000,-71900000,-87000000,0,5600000,0,0,0,0,6400000,0,-277000000
2024-12-23,31700000,-38400000,-146000000,-15700000,-23700000,0,0,-25600000,0,-2600000,-6200000,0,-226500000
2024-12-24,-188700000,0,-83200000,-75000000,8500000,0,0,0,0,0,0,0,-338400000
2024-12-26,56500000,-24200000,254400000,186900000,-8300000,0,0,0,0,2700000,7200000,0,475200000
2024-12-27,79400000,3700000,-208200000,-112600000,-36000000,0,0,-14200000,0,0,0,0,-287900000
2024-12-30,-36500000,-134500000,-154600000,-26400000,-31400000,0,0,0,0,0,-31700000,0,-415100000
2024-12-31,-23500000,-9600000,36800000,-11200000,8700000,0,0,0,0,0,4100000,0,5300000
2025-01-02,-332600000,-23100000,36200000,16500000,48300000,0,0,0,0,5500000,6900000,0,-242300000
2025-01-03,253100000,0,357000000,222600000,61100000,0,0,0,0,5600000,8700000,0,908100000
2025-01-06,209100000,73800000,370200000,152900000,71200000,8900000,0,0,0,17300000,75200000,0,978600000
2025-01-07,596100000,-125400000,-86300000,-212600000,-113800000,-5600000,0,0,0,0,0,0,52400000
2025-01-08,-124000000,-8900000,-258700000,-148300000,-11300000,-8200000,0,-9400000,0,0,0,0,-568800000
2025-01-10,-183600000,13500000,16600000,5700000,-1600000,0,0,0,0,0,0,0,-149400000
2025-01-13,29500000,-89000000,-113600000,-92400000,-18600000,0,0,0,0,0,0,0,-284100000
2025-01-14,-219500000,0,0,2900000,-8900000,0,10200000,0,0,5500000,0,0,-209800000
2025-01-15,31900000,50500000,463100000,138800000,32700000,2900000,0,4500000,0,17000000,13700000,0,755100000
2025-01-16,527900000,-70000000,4400000,155400000,2700000,0,0,0,0,5700000,0,0,626100000
2025-01-17,375900000,20800000,326300000,97200000,208100000,0,4500000,6300000,0,11900000,21800000,0,1072800000
2025-01-21,661900000,0,7000000,8500000,-17400000,6200000,0,0,0,0,136400000,0,802600000
2025-01-22,344300000,-47900000,0,-13000000,-34700000,0,0,0,0,0,0,0,248700000
2025-01-23,154600000,-49900000,9200000,8400000,42100000,0,0,12400000,0,0,11900000,0,188700000
2025-01-24,155700000,0,186100000,168700000,-8600000,0,2800000,0,0,0,13000000,0,517700000
2025-01-27,63900000,-108500000,-268600000,-50100000,-88600000,0,0,0,0,-5700000,0,0,-457600000
2025-01-28,30100000,0,0,-11700000,0,0,0,0,0,0,0,0,18400000
2025-01-29,-28400000,0,18200000,0,-4000000,0,0,0,0,0,106200000,0,92000000
2025-01-30,321500000,0,209100000,12600000,23000000,6100000,0,5200000,0,6000000,4600000,0,588100000
2025-01-31,363800000,-30600000,0,35600000,-56000000,0,0,0,0,5800000,0,0,318600000
2025-02-03,0,8000000,-177600000,-50700000,-5500000,0,0,0,0,-8600000,0,0,-234400000
2025-02-04,249000000,19500000,0,56100000,16100000,0,0,0,0,0,0,0,340700000
2025-02-05,44400000,0,10600000,0,0,0,11400000,0,0,0,0,0,66400000
2025-02-06,0,-42200000,-103200000,0,0,0,0,0,0,0,5200000,0,-140200000
2025-02-07,21900000,0,52500000,59000000,10500000,5600000,0,0,0,21800000,0,0,171300000
2025-02-10,55400000,-46300000,-136100000,0,0,-19800000,0,-34000000,0,-5500000,0,0,-186300000
2025-02-11,23800000,0,-43600000,0,-9300000,-11000000,-7100000,-9500000,0,0,0,0,-56700000
2025-02-12,-22100000,-6900000,-102000000,-97000000,-25900000,0,0,-9700000,-3700000,0,16300000,0,-251000000
2025-02-13,26200000,-6900000,-94500000,-52700000,-15700000,-8400000,0,-4800000,0,0,0,0,-156800000
2025-02-14,22300000,-47000000,94000000,-13200000,8000000,0,0,0,0,0,6500000,0,70600000
2025-02-18,68400000,0,-16400000,0,-112700000,0,0,0,0,0,0,0,-60700000
2025-02-19,0,0,-48400000,-8700000,0,0,0,0,-2200000,-4800000,0,0,-64100000
2025-02-20,-112000000,-33500000,-88200000,-98300000,24100000,0,0,0,0,4200000,-61100000,0,-364800000
2025-02-21,21600000,-60100000,-12500000,0,-16600000,0,0,0,0,4700000,0,0,-62900000
2025-02-24,-158600000,-59500000,-247000000,-22600000,-10300000,0,-12500000,-15000000,0,-7300000,-6200000,0,-539000000
2025-02-25,-164400000,-66100000,-344700000,-126200000,-88300000,-74100000,-17300000,-62000000,-100000000,-10000000,-85800000,0,-1138900000
2025-02-26,-418100000,-22700000,-145700000,-60500000,-13600000,-9700000,-11500000,-16800000,0,0,-56000000,0,-754600000
2025-02-27,-189000000,-7300000,-7300000,0,17600000,-7200000,-53800000,0,-12800000,-10600000,-5500000,0,-275900000
2025-02-28,-244600000,-33300000,176000000,193700000,4600000,0,0,0,0,-7700000,5600000,0,94300000
2025-03-03,-78000000,-54400000,0,58200000,0,0,0,0,0,0,0,0,-74200000
2025-03-04,0,0,-46100000,-43900000,-24000000,-35700000,-13100000,-16500000,0,0,35800000,0,-143500000
2025-03-05,38900000,0,0,0,-6900000,0,0,-9900000,0,0,0,0,22100000
2025-03-06,-50600000,-34500000,0,-17800000,0,-18000000,-5200000,0,0,-8200000,0,0,-134300000
2025-03-07,-39900000,-36500000,-154900000,-160000000,-18600000,0,0,0,0,600000,0,0,-409300000
2025-03-10,-89200000,-20600000,-134000000,-90900000,-6800000,-13600000,0,-14200000,0,0,0,0,-369300000
2025-03-11,-151300000,-35500000,-107100000,0,-9100000,-33700000,-15400000,-14900000,-3400000,-600000,0,0,-371000000
2025-03-12,-47100000,-11800000,0,82600000,0,0,-3500000,-12400000,0,0,5500000,0,13300000
2025-03-13,45700000,-12700000,-75500000,-60200000,-11000000,-7000000,-14500000,0,0,0,0,0,-135200000
2025-03-14,-96200000,0,9200000,100500000,23000000,0,0,0,0,4800000,0,0,41300000
2025-03-17,42300000,0,127300000,88500000,2300000,0,0,0,0,0,14200000,0,274600000
2025-03-18,218100000,0,0,-9000000,0,0,0,0,0,0,0,0,209100000
2025-03-19,0,5400000,0,0,12100000,0,0,-10200000,0,0,4500000,0,11800000
2025-03-20,172100000,-8000000,9200000,0,-17400000,-7300000,0,0,0,11900000,5200000,0,165700000
2025-03-21,105000000,-21900000,0,0,0,0,0,0,0,0,0,0,83100000
2025-03-24,18100000,0,82900000,-41000000,19200000,0,0,0,0,5000000,0,0,84200000
2025-03-25,42000000,0,0,0,-10100000,0,-5100000,0,0,0,0,0,26800000
2025-03-26,107900000,0,0,0,-18300000,0,0,0,0,0,0,0,89600000
2025-03-27,4000000,0,97100000,0,0,0,-5100000,-7000000,0,0,0,0,89000000
2025-03-28,0,0,-93200000,0,0,0,0,0,0,0,0,0,-93200000
2025-03-31,15100000,0,0,-23200000,-19900000,0,-32600000,0,0,0,0,0,-60600000
2025-04-01,0,-10100000,-85400000,-87400000,24500000,7400000,-6800000,0,0,0,0,0,-157800000
2025-04-02,-115900000,0,118800000,130200000,33400000,10000000,0,0,0,7300000,34300000,0,218100000
2025-04-03,65300000,-60200000,-23300000,-20000000,-44200000,0,-5200000,0,0,-12200000,0,0,-99800000
2025-04-04,0,-25200000,0,-21800000,-17900000,0,0,0,0,0,0,0,-64900000
2025-04-07,0,-74000000,0,-4700000,0,0,-6200000,-12900000,0,-6100000,0,0,-103900000
2025-04-08,-252900000,-8500000,0,-19900000,-21700000,-8900000,0,-6900000,0,0,-7500000,0,-326300000
2025-04-09,-89700000,-33800000,0,0,6700000,0,-5700000,0,0,-4700000,0,0,-127200000
2025-04-10,0,-44600000,-74600000,-12700000,-10800000,-9200000,0,-7500000,0,0,9900000,0,-149500000
2025-04-11,0,0,0,11300000,-12300000,0,0,0,0,0,0,0,-1000000
2025-04-14,36700000,0,-35200000,0,0,0,0,0,0,0,0,0,1500000
2025-04-15,38200000,0,0,13400000,11000000,4900000,0,0,0,0,8900000,0,76400000
2025-04-16,30600000,0,-113800000,-113200000,12800000,0,0,6700000,0,2400000,3400000,0,-171100000
2025-04-17,81000000,0,25900000,0,0,0,0,0,0,0,0,0,106900000
2025-04-21,41600000,36600000,87600000,116100000,45100000,10100000,0,0,0,11700000,32500000,0,381300000
2025-04-22,193500000,65100000,253800000,267100000,76700000,10600000,0,18300000,0,6500000,21100000,0,912700000
2025-04-23,643200000,0,124400000,129500000,-15200000,0,0,0,0,5300000,29800000,0,917000000
2025-04-24,327300000,0,0,97000000,10200000,0,0,7500000,0,0,0,0,442000000
2025-04-25,240100000,-7500000,108000000,11400000,0,0,0,0,0,8100000,19900000,0,380000000
2025-04-28,970900000,-42700000,-86900000,-226300000,-21100000,0,0,0,0,-2700000,0,0,591200000
2025-04-29,216700000,0,-6200000,-13300000,-24400000,0,0,0,0,0,0,0,172800000
2025-04-30,267000000,-32000000,-137500000,-130800000,-23000000,0,0,0,0,0,0,0,-56300000
2025-05-01,351400000,16000000,29500000,-87200000,38400000,0,0,10600000,0,21900000,41900000,0,422500000
2025-05-02,674900000,0,0,0,0,0,0,0,0,0,0,0,674900000
2025-05-05,531200000,-16400000,-57800000,-6100000,-22700000,-2700000,0,0,0,0,0,0,425500000
2025-05-06,36700000,-89900000,0,-16100000,0,-8300000,0,0,0,-8100000,0,0,-85700000
2025-05-07,37200000,0,39900000,54700000,10500000,0,0,0,0,0,0,0,142300000
2025-05-08,69000000,0,35300000,13100000,0,0,0,0,0,0,0,0,117400000
2025-05-09,356200000,-65200000,45000000,0,-14600000,0,0,0,0,13100000,0,0,334500000
2025-05-12,69400000,-32900000,-11100000,0,-17700000,0,0,-2500000,0,0,0,0,5200000
2025-05-13,0,0,-91400000,0,0,0,0,0,0,0,0,0,-91400000
2025-05-14,232900000,0,36100000,5200000,2800000,0,0,0,0,7300000,35200000,0,319500000
2025-05-15,409700000,-39100000,-123700000,-132000000,0,0,0,0,0,0,0,0,114900000
2025-05-16,129700000,0,67900000,58000000,0,0,0,0,0,0,4600000,0,260200000
2025-05-19,305900000,0,188100000,155300000,16000000,0,0,-5300000,0,7400000,0,0,667400000
2025-05-20,287500000,0,23300000,6400000,5800000,0,0,0,0,0,6200000,0,329200000
2025-05-21,530600000,0,23500000,4300000,20500000,0,0,0,0,6100000,22100000,0,607100000
2025-05-22,877200000,0,48700000,8900000,0,0,0,0,0,0,0,0,934800000
2025-05-23,430800000,-89200000,-73700000,-73900000,0,0,0,0,0,17700000,0,0,211700000
2025-05-27,409300000,-26900000,-4800000,-38300000,1800000,0,0,0,500000,7800000,36000000,0,385400000
2025-05-28,481000000,0,-14000000,-34300000,0,0,0,0,0,0,0,0,432700000
2025-05-29,125100000,-107500000,-166300000,-89200000,-70800000,-6100000,0,-20000000,0,-12000000,0,0,-346800000
2025-05-30,-430800000,0,-13700000,-120100000,-35300000,0,0,0,0,0,-16200000,0,-616100000
2025-06-02,-130400000,-16500000,-50100000,-73900000,3400000,0,0,0,0,0,0,0,-267500000
2025-06-03,58000000,0,136800000,139900000,14500000,0,0,0,0,18800000,7100000,0,375100000
2025-06-04,284000000,0,-197000000,0,0,0,0,0,0,0,0,0,87000000
2025-06-05,0,-24100000,-80200000,-102000000,-36700000,0,0,-12200000,0,-6500000,-16700000,0,-278400000
2025-06-06,-130500000,0,22800000,11500000,31800000,0,0,0,0,7400000,9200000,0,-47800000
2025-06-09,120900000,0,173000000,10800000,68500000,0,0,0,0,7700000,5300000,0,386200000
2025-06-10,336700000,0,67100000,20300000,-600000,0,0,7700000,0,0,0,0,431200000
2025-06-11,131000000,0,11900000,0,0,6300000,0,0,0,15400000,0,0,164600000
2025-06-12,288300000,5900000,-197200000,-10700000,0,0,0,0,0,0,0,0,86300000
2025-06-13,239000000,9100000,25200000,21000000,14900000,0,0,0,0,6000000,7500000,0,322700000
2025-06-16,266600000,12800000,83000000,3600000,41400000,0,0,0,0,0,4800000,0,412200000
2025-06-17,639200000,0,-208500000,-191400000,-22800000,0,0,0,0,0,0,0,216500000
2025-06-18,278900000,-16400000,104400000,0,11300000,0,0,0,0,0,10100000,0,388300000
2025-06-20,46900000,0,-40500000,0,0,0,0,0,0,0,0,0,6400000
2025-06-23,217600000,-5700000,105700000,2100000,14600000,0,0,6200000,0,0,10100000,0,350600000
2025-06-24,436300000,0,85200000,43800000,9800000,0,0,0,0,6000000,7500000,0,588600000
2025-06-25,340300000,0,115200000,70200000,12900000,0,0,0,0,9100000,0,0,547700000
2025-06-26,163700000,0,32900000,1800000,25200000,3100000,0,0,0,0,0,0,226700000
2025-06-27,153000000,0,165500000,150300000,11600000,3100000,0,3700000,0,6000000,8000000,0,501200000
2025-06-30,112300000,0,0,-10200000,0,0,0,0,0,0,0,0,102100000
2025-07-01,0,-119500000,-172700000,-27000000,-23000000,0,0,0,0,0,0,0,-342200000
2025-07-02,0,34600000,184000000,83000000,64900000,9500000,0,9900000,0,5400000,16500000,0,407800000
2025-07-03,224500000,0,237100000,114200000,15500000,0,0,0,0,4700000,5800000,0,601800000
2025-07-07,164600000,-10200000,66000000,-10100000,0,0,0,0,0,0,6200000,0,216500000
2025-07-08,66800000,0,4800000,0,0,0,0,0,3700000,0,4800000,0,80100000
2025-07-09,125600000,0,4800000,57000000,3000000,0,0,9500000,0,0,15800000,0,215700000
2025-07-10,448500000,-40200000,324300000,268700000,77200000,0,0,0,0,15200000,81900000,0,1175600000
2025-07-11,953500000,0,0,23500000,6400000,0,0,5300000,0,20000000,20900000,0,1029600000
2025-07-14,394700000,0,-26100000,-99600000,7200000,0,0,0,0,8500000,12700000,0,297400000
2025-07-15,416300000,-41200000,-22900000,-6200000,12700000,6800000,0,0,0,19000000,18600000,0,403100000
2025-07-16,763900000,0,10400000,19800000,0,0,0,0,0,0,5300000,0,799400000
2025-07-17,497300000,0,7800000,0,0,0,0,7100000,0,5100000,5300000,0,522600000
2025-07-18,496800000,-81300000,-17900000,-33600000,-1900000,0,3100000,0,0,-1700000,0,0,363500000
2025-07-21,0,-36700000,-12800000,-77500000,-1900000,0,0,0,0,-2500000,0,0,-131400000
2025-07-22,0,7500000,0,-33200000,-42300000,0,0,0,0,0,0,0,-68000000
2025-07-23,142600000,0,-227200000,-9800000,-1900000,0,0,0,0,0,10500000,0,-85800000
2025-07-24,32500000,0,106600000,0,29800000,3500000,0,0,0,46400000,7900000,0,226700000
2025-07-25,92800000,-50500000,10200000,30300000,21000000,0,0,0,0,18200000,8800000,0,130800000
2025-07-28,147400000,0,30900000,-17400000,-14800000,0,0,0,0,0,11000000,0,157100000
2025-07-29,157600000,-49000000,0,-8200000,-26200000,0,0,0,0,5800000,0,0,80000000
2025-07-30,34400000,0,0,0,12700000,0,0,0,0,0,0,0,47100000
2025-07-31,18600000,-9200000,-53600000,-89900000,0,6800000,0,3500000,0,3300000,5700000,0,-114800000
2025-08-01,-2600000,-66800000,-331400000,-327900000,-38300000,-6600000,0,-5100000,0,0,-33600000,0,-812300000
2025-08-04,-292200000,-9900000,-40100000,0,18700000,0,0,0,0,0,0,0,-323500000
2025-08-05,-77400000,-19700000,-99100000,0,0,0,0,0,0,0,0,0,-196200000
2025-08-06,41900000,14500000,10100000,-5400000,26400000,0,0,0,0,4100000,0,0,91600000
2025-08-07,156600000,18500000,43400000,-400000,17200000,3400000,0,0,0,21500000,17200000,0,277400000
2025-08-08,360000000,0,30500000,0,0,0,0,0,0,0,13400000,0,403900000
2025-08-11,138200000,7500000,13000000,0,5200000,0,0,0,0,0,14200000,0,178100000
2025-08-12,111400000,-21600000,0,-23900000,0,0,0,0,0,0,0,0,65900000
2025-08-13,0,0,26700000,36600000,7300000,0,0,4900000,0,0,11400000,0,86900000
2025-08-14,523700000,0,-113500000,-149900000,-30900000,0,0,0,0,-5900000,7300000,0,230800000
2025-08-15,114400000,-81800000,0,-46700000,0,0,0,0,0,0,0,0,-14100000
2025-08-18,-68700000,0,0,-65700000,12700000,0,0,0,0,0,0,0,-121700000
2025-08-19,0,-115500000,-246900000,-63300000,-86800000,-3300000,0,0,0,0,-7500000,0,-523300000
2025-08-20,-220000000,-9000000,-7500000,-75700000,600000,0,0,0,-4300000,0,0,0,-315900000
2025-08-21,-127500000,0,-31800000,-43300000,0,3200000,0,0,0,0,5000000,0,-194400000
2025-08-22,-198800000,6400000,50900000,65700000,12700000,13500000,0,0,0,26400000,0,0,-23200000
2025-08-25,63400000,0,65600000,61200000,15200000,0,0,0,0,6300000,7400000,0,219100000
2025-08-26,45300000,0,14500000,4100000,9000000,0,0,0,0,3900000,11300000,0,88100000
2025-08-27,50900000,0,14700000,5600000,-3000000,6500000,0,6700000,0,0,0,0,81400000
2025-08-28,63700000,0,4900000,79800000,25000000,0,0,0,0,0,5500000,0,178900000
2025-08-29,24600000,-15300000,-66200000,-72100000,0,0,2300000,0,0,0,0,0,-126700000
2025-09-02,72900000,0,132700000,71900000,39100000,0,0,2200000,0,4700000,9300000,0,332800000
2025-09-03,289800000,0,9800000,-27900000,0,0,0,0,0,0,28800000,0,300500000
2025-09-04,134800000,-22400000,-117400000,-125500000,-66400000,-3200000,0,0,0,-17900000,-4900000,0,-222900000
2025-09-05,-63200000,-47300000,0,0,-49600000,0,0,0,0,0,0,0,-160100000
2025-09-08,25500000,4400000,156500000,89500000,42700000,6500000,0,6700000,0,20600000,11900000,0,364300000
2025-09-09,169300000,0,-55800000,-72300000,-18200000,0,0,0,0,0,0,0,23000000
2025-09-10,211200000,8900000,299000000,145100000,44400000,3300000,0,0,0,12000000,17600000,0,741500000
2025-09-11,366200000,0,134700000,0,40400000,3300000,0,5700000,0,2400000,0,0,552700000
2025-09-12,264700000,0,315200000,19400000,29200000,0,0,0,0,8200000,5700000,0,642400000
2025-09-15,261800000,0,7500000,0,-18800000,3300000,0,0,0,0,6100000,0,259900000
2025-09-16,209200000,0,45800000,40700000,-10800000,0,0,0,0,7400000,0,0,292300000
2025-09-17,149700000,-62600000,-116000000,-32300000,-12600000,0,0,0,0,0,22500000,0,-51300000
2025-09-18,0,0,97400000,25000000,12800000,6800000,0,3500000,0,6600000,10900000,0,163000000
2025-09-19,246100000,-23500000,0,0,0,0,0,0,0,0,0,0,222600000
2025-09-22,0,-24600000,-276700000,-52300000,0,0,0,0,0,-9500000,0,0,-363100000
2025-09-23,2500000,0,-75600000,-27900000,-12800000,0,0,10000000,0,0,0,0,-103800000
2025-09-24,128900000,0,29700000,37700000,24700000,0,0,0,0,6400000,13600000,0,241000000
2025-09-25,79700000,-42900000,-114800000,-63000000,-80500000,-6300000,0,0,0,-10100000,-15500000,0,-253400000
2025-09-26,-37300000,-17100000,-300400000,-17800000,-23800000,0,0,0,0,-9300000,-12600000,0,-418300000
2025-09-29,-46600000,26900000,298700000,62200000,47200000,16500000,0,35300000,0,30700000,47100000,0,518000000
2025-09-30,199400000,0,54700000,105700000,70100000,0,0,0,0,0,0,0,429900000
2025-10-01,405500000,9200000,179300000,5900000,59400000,0,0,0,0,6600000,9900000,0,675800000
2025-10-02,466500000,2800000,89600000,45200000,11200000,0,0,0,0,1700000,10200000,0,627200000
2025-10-03,791600000,18300000,69600000,35500000,24000000,0,0,0,0,26000000,20100000,0,985100000
2025-10-06,970000000,0,112300000,0,60100000,3600000,6000000,7500000,0,15100000,30600000,0,1205200000
2025-10-07,899400000,-28600000,0,0,0,0,0,0,4800000,0,0,0,875600000
2025-10-08,426200000,0,0,0,13400000,0,0,0,0,0,1100000,0,440700000
2025-10-09,255500000,-45500000,-13200000,-5600000,6600000,0,0,0,0,0,0,0,197800000
2025-10-10,74200000,-19200000,-10200000,-6200000,-37400000,0,0,0,0,0,-5700000,0,-4500000
2025-10-13,60400000,-145400000,-93300000,-21100000,-115600000,0,0,0,0,-11400000,0,0,-326400000
2025-10-14,-30800000,0,132700000,6800000,8000000,0,0,0,-14000000,0,0,0,102700000
2025-10-15,-10100000,-82900000,0,0,0,0,0,-11100000,0,0,0,0,-104100000
2025-10-16,-29500000,-45000000,-132000000,-275200000,-20600000,0,0,0,0,-6100000,-22500000,0,-530900000
2025-10-17,-268600000,-25000000,-67400000,0,0,0,0,0,-5600000,0,0,0,-366600000
2025-10-20,-100700000,0,9700000,0,12100000,0,0,9900000,0,21200000,7400000,0,-40400000
2025-10-21,210900000,0,34100000,162900000,20100000,6500000,0,8900000,2500000,17400000,13900000,0,477200000
2025-10-22,73600000,-56600000,-56600000,-53900000,-10000000,0,0,0,2100000,0,0,0,-101400000
2025-10-23,107800000,-60500000,7200000,-55000000,17400000,0,0,0,0,0,3400000,0,20300000
2025-10-24,32700000,0,57900000,0,0,0,0,0,0,0,0,0,90600000
2025-10-27,65300000,0,0,76400000,0,0,0,0,0,0,7600000,0,149300000
2025-10-28,59600000,0,67000000,75800000,0,0,0,0,0,0,0,0,202400000
2025-10-29,-88100000,-65000000,-164400000,-143800000,-6000000,0,0,0,0,0,-3400000,0,-470700000
2025-10-30,-290900000,-10000000,-46500000,-65600000,-55100000,0,0,-8000000,0,-3800000,-8500000,0,-488400000
2025-10-31,-149300000,6900000,-12000000,-19300000,-17900000,0,0,0,0,0,0,0,-191600000
2025-11-03,-186500000,0,0,0,0,0,0,0,0,0,0,0,-186500000
2025-11-04,0,-48900000,-356600000,-128100000,-7100000,-8700000,0,0,0,-17000000,0,0,-566400000
2025-11-05,-375500000,0,113300000,82900000,17000000,0,0,0,0,3700000,21600000,0,-137000000
2025-11-06,112400000,0,61600000,60400000,5500000,0,0,0,0,0,0,0,239900000
2025-11-07,-131400000,-15400000,-256700000,-144200000,-10700000,0,0,0,0,0,0,0,-558400000
2025-11-10,0,0,0,0,1200000,0,0,0,0,0,0,0,1200000
2025-11-11,224200000,0,165900000,102500000,7300000,0,0,0,0,0,24100000,0,524000000
2025-11-12,-36900000,-23100000,-132900000,-85200000,0,0,0,0,0,0,0,0,-278100000
2025-11-13,-256600000,-64500000,-119900000,-15700000,-47000000,-5700000,0,-30800000,0,-8300000,-318200000,0,-866700000
2025-11-14,-463100000,-25100000,-2100000,0,0,0,-6000000,0,0,0,4200000,0,-492100000
2025-11-17,-145600000,-34500000,-12000000,-29700000,-9500000,0,0,0,0,-23300000,0,0,-254600000
2025-11-18,-523200000,0,0,0,0,10800000,0,0,0,0,139600000,0,-372800000
2025-11-19,60600000,0,-21400000,0,0,0,0,0,0,-17600000,53800000,0,75400000
2025-11-20,-355500000,-199400000,-190400000,-94400000,-21200000,-7500000,0,0,0,-30600000,-4200000,0,-903200000
2025-11-21,-122000000,61500000,108000000,39100000,22800000,0,0,35800000,0,8300000,84900000,0,238400000
2025-11-24,-149100000,0,15500000,-11700000,-5800000,0,0,0,0,0,0,0,-151100000
2025-11-25,83000000,0,170800000,-75900000,-12300000,0,0,0,0,-36900000,0,0,128700000
2025-11-26,42800000,5600000,-33300000,6000000,0,0,0,0,0,0,0,0,21100000
2025-11-28,-113700000,10700000,77500000,88000000,0,0,0,0,0,0,8900000,0,71400000
2025-12-01,-65900000,0,67000000,7400000,0,0,0,0,0,0,0,0,8500000
2025-12-02,120100000,0,21900000,-90900000,7400000,0,0,0,0,0,0,0,58500000
2025-12-03,42200000,-19600000,0,-37100000,0,0,0,0,0,0,-400000,0,-14900000
2025-12-04,-113000000,-10100000,-54200000,0,-3000000,0,0,0,0,-14300000,0,0,-194600000
2025-12-05,-32500000,0,27300000,42800000,4900000,0,900000,0,0,11400000,0,0,54800000
2025-12-08,28800000,-44000000,-39400000,0,0,0,0,0,0,-5800000,0,0,-60400000
2025-12-09,-135400000,17500000,198900000,5300000,16200000,8100000,1000000,6500000,0,0,33800000,0,151900000
2025-12-10,192900000,0,30600000,0,0,0,0,0,0,0,0,0,223500000
2025-12-11,76700000,-12200000,-103600000,-16400000,8400000,0,0,0,0,-19400000,-11000000,0,-77500000
2025-12-12,51100000,0,-2000000,0,0,0,0,0,0,0,0,0,49100000
2025-12-15,0,-27500000,-230100000,-34500000,-44300000,0,0,0,0,-21200000,0,0,-357600000
2025-12-16,-210700000,0,26700000,-16900000,-50900000,0,0,0,0,-18000000,-7400000,0,-277200000
2025-12-17,111200000,0,391500000,-37000000,-8400000,0,0,0,0,0,0,0,457300000
2025-12-18,32800000,0,-170300000,-12300000,-11500000,0,0,0,0,0,0,0,-161300000
2025-12-19,-173600000,0,15300000,0,0,0,0,0,0,0,0,0,-158300000
2025-12-22,6000000,-29000000,-3800000,-21400000,-35000000,0,0,0,0,-33600000,-25400000,0,-142200000
2025-12-23,-157300000,-10300000,-15300000,0,-5700000,0,0,0,0,0,0,0,-188600000
2025-12-24,-91400000,-24600000,-17200000,-9900000,-13300000,-5100000,0,0,0,-8000000,-5800000,0,-175300000
2025-12-26,-192600000,-8900000,-74400000,0,0,0,0,0,0,0,0,0,-275900000
2025-12-29,-7900000,0,5700000,-6700000,0,0,0,-10400000,0,0,0,0,-19300000
2025-12-30,143700000,0,78600000,109600000,13900000,0,0,0,0,5000000,4300000,0,355100000
2025-12-31,-99000000,-69100000,-66600000,-76500000,-13800000,-5100000,0,0,0,-6800000,-11200000,0,-348100000
2026-01-02,287400000,15400000,88100000,6700000,41500000,13000000,0,4500000,0,8300000,6400000,0,471300000
2026-01-05,372500000,0,191200000,36000000,38500000,13600000,0,15000000,7200000,5300000,17900000,0,697200000
2026-01-06,228700000,-83100000,-312200000,-29500000,0,0,0,0,0,-14400000,-32700000,0,-243200000
2026-01-07,-130000000,-15600000,-247600000,-42300000,-39000000,0,0,0,0,-11600000,0,0,-486100000
2026-01-08,-193300000,-73100000,-120500000,-9600000,3000000,0,1900000,0,0,0,-7200000,0,-398800000
2026-01-09,-252000000,0,7900000,0,-5900000,0,0,0,0,0,0,0,-250000000
2026-01-12,-70700000,64300000,111700000,0,0,0,0,0,0,6500000,4900000,0,116700000
2026-01-13,126300000,0,351400000,84900000,159400000,0,3000000,0,0,10000000,18800000,0,753800000
2026-01-14,648400000,15300000,125400000,27000000,10600000,5600000,0,0,3000000,8300000,0,0,843600000
2026-01-15,315800000,-36400000,-188900000,0,0,0,0,0,3000000,0,6700000,0,100200000
2026-01-16,15100000,-44800000,-205200000,-69400000,-90400000,0,0,0,0,0,0,0,-394700000
2026-01-20,-56900000,-160800000,-152100000,-46400000,-40400000,-10400000,0,0,0,-12700000,0,0,-479700000
2026-01-21,-356600000,-11300000,-287700000,-29800000,-25900000,0,0,0,-3800000,6400000,0,0,-708700000
2026-01-22,-22400000,0,-9800000,0,0,0,0,0,0,0,0,0,-32200000
2026-01-23,-101600000,0,-1900000,0,0,0,0,0,0,0,0,0,-103500000
2026-01-26,15900000,0,-5700000,-2900000,-11000000,0,2800000,0,0,0,7700000,0,6800000
2026-01-27,-102800000,0,-44600000,0,0,0,0,0,0,0,0,0,-147400000
2026-01-28,-14200000,0,19500000,-12300000,-12600000,0,0,0,0,0,0,0,-19600000
2026-01-29,-317800000,-119400000,-168000000,-71600000,-88900000,0,0,-8400000,0,-6500000,-37200000,0,-817800000
2026-01-30,-528300000,0,7300000,8300000,0,0,0,0,0,3000000,0,0,-509700000
2026-02-02,142000000,0,153300000,65100000,96500000,0,3300000,10100000,0,24300000,67200000,0,561800000
2026-02-03,60000000,-56600000,-148700000,-62500000,-23400000,-2200000,0,0,0,-4800000,-33800000,0,-272000000
2026-02-04,-373400000,-41800000,-86400000,-31700000,0,-6400000,0,0,0,-5200000,0,0,-544900000
2026-02-05,-175300000,-75400000,-109500000,-23100000,-15600000,0,0,0,0,0,-35200000,0,-434100000
2026-02-06,231600000,0,24500000,43300000,28700000,0,0,7000000,0,15900000,20100000,0,371100000
2026-02-09,-20900000,0,3100000,14100000,0,6100000,0,0,0,12000000,130500000,0,144900000
2026-02-10,26500000,0,56900000,68500000,0,0,3600000,0,4900000,0,6100000,0,166500000
2026-02-11,-73400000,-17900000,-92600000,-70500000,-22000000,0,6800000,0,0,-6700000,0,0,-276300000
2026-02-12,-157600000,-59100000,-104100000,-31500000,-7800000,-3800000,0,-6800000,-2800000,-3200000,-33500000,0,-410200000
2026-02-13,-9400000,0,12000000,0,0,0,3600000,0,0,1900000,7000000,0,15100000
2026-02-17,-119700000,-8500000,5900000,-8300000,-10300000,0,0,0,0,0,36000000,0,-104900000
2026-02-18,-84200000,0,-49100000,0,0,0,0,0,0,0,0,0,-133300000
2026-02-19,-164100000,0,0,0,0,0,0,0,-1700000,0,0,0,-165800000
2026-02-20,64500000,0,23600000,0,0,0,0,0,0,0,0,0,88100000
2026-02-23,-116400000,-13100000,-27900000,-9200000,-43600000,0,0,0,0,6400000,0,0,-203800000
2026-02-24,78900000,0,82800000,71100000,3500000,0,0,0,0,12800000,8600000,0,257700000
2026-02-25,297400000,102500000,30100000,2300000,39400000,0,0,0,0,15600000,19300000,0,506600000
2026-02-26,275800000,0,-51500000,-44900000,69000000,0,0,0,0,0,6000000,0,254400000
2026-02-27,-32700000,0,0,0,0,1900000,0,3300000,0,0,0,0,-27500000
2026-03-02,263200000,0,94800000,5700000,36400000,14000000,0,6200000,0,19500000,18400000,0,458200000
2026-03-03,322400000,-28200000,-89300000,0,0,0,8700000,0,11600000,0,0,0,225200000
2026-03-04,306600000,21700000,48000000,14600000,8000000,8500000,7800000,9100000,0,5200000,32400000,0,461900000
2026-03-05,-88700000,-18900000,-48000000,-22700000,-46400000,0,0,0,5400000,-8600000,0,0,-227900000
2026-03-06,-143500000,-9600000,-158500000,-4500000,-22200000,0,0,0,0,-5800000,-4800000,0,-348900000
2026-03-09,109300000,0,60100000,-2700000,-4500000,0,0,0,0,4900000,0,0,167100000
2026-03-10,185800000,0,33500000,4100000,16400000,0,0,0,-4100000,5900000,5300000,0,246900000
2026-03-11,115300000,-16000000,15400000,0,0,0,0,0,0,-4500000,5000000,0,115200000
2026-03-12,46100000,-9900000,15300000,3000000,-5700000,0,0,0,0,0,5000000,0,53800000
2026-03-13,143600000,0,23200000,2400000,3100000,0,0,0,0,8100000,0,0,180400000
2026-03-16,139400000,0,64500000,-3100000,2800000,2100000,0,0,0,-6300000,0,0,199400000
2026-03-17,169300000,0,24400000,2500000,0,0,0,0,0,3200000,0,0,199400000
2026-03-18,-33900000,-18800000,-103800000,0,-7000000,0,0,0,0,0,0,0,-163500000
2026-03-19,-38300000,-5500000,-26000000,-15200000,-17200000,4100000,0,0,3200000,0,4700000,0,-90200000
2026-03-20,-45900000,0,-9100000,0,0,0,0,0,0,3000000,0,0,-52000000
2026-03-23,160800000,-25900000,41700000,-9400000,0,0,0,0,0,0,0,0,167200000
2026-03-24,-4700000,0,-45300000,0,-16600000,0,0,0,0,0,0,0,-66600000
2026-03-25,-70700000,0,83300000,-4800000,0,0,0,0,0,0,0,0,7800000
2026-03-26,-41900000,-25100000,-32800000,-30500000,-33100000,0,0,0,0,-2400000,-5500000,0,-171300000
2026-03-27,-201500000,0,0,-5400000,-18600000,0,0,0,0,0,0,0,-225500000
2026-03-30,7500000,0,28900000,33000000,0,0,0,0,0,0,0,0,69400000
2026-03-31,98400000,0,16200000,1100000,1800000,0,0,0,0,0,0,0,117500000
2026-04-01,-86500000,-13300000,-78600000,0,-5600000,0,0,0,0,0,10300000,0,-173700000
2026-04-02,-3000000,0,7300000,0,0,0,0,0,0,4700000,0,0,9000000
2026-04-06,181900000,0,147300000,118800000,3800000,0,0,0,0,2000000,17600000,0,471400000
2026-04-07,-17100000,-41900000,-47800000,-34200000,0,0,0,0,2300000,-20400000,0,0,-159100000
2026-04-08,40400000,-11100000,-79100000,-74700000,0,0,0,0,0,0,0,30600000,-93900000
2026-04-09,269300000,0,53300000,4800000,11700000,2100000,0,0,0,2000000,0,14900000,358100000
2026-04-10,137600000,0,78000000,3600000,9500000,0,0,0,0,2600000,9100000,16400000,256800000
2026-04-13,34700000,-38200000,-229200000,-62900000,11900000,0,0,0,0,-2600000,-11000000,6300000,-291000000
2026-04-14,213800000,0,45300000,113100000,12500000,0,0,0,0,6300000,4900000,15500000,411400000
2026-04-15,291900000,-23400000,-47300000,-42200000,-8500000,0,0,0,0,-3700000,0,19300000,186100000
2026-04-16,81700000,-22300000,-36000000,-27400000,0,0,0,0,0,0,16700000,13400000,26100000
2026-04-17,284000000,4200000,163400000,117900000,38200000,0,0,3900000,0,6600000,29100000,16600000,663900000
2026-04-20,256000000,-24900000,-6600000,0,0,0,0,0,5800000,0,0,8100000,238400000
2026-04-21,39300000,-17500000,-6600000,-14500000,-12700000,0,0,0,0,-4300000,17300000,10800000,11800000
2026-04-22,246900000,-16600000,56700000,11900000,15400000,0,6300000,0,0,3900000,0,11300000,335800000
2026-04-23,167500000,0,-16900000,71200000,-7600000,0,0,0,0,-5500000,5200000,9400000,223300000
2026-04-24,22900000,0,-1700000,-9000000,-8900000,0,0,0,0,0,0,11100000,14400000
2026-04-27,0,-46600000,-150400000,-43300000,-8800000,0,0,0,0,-14100000,0,0,-263200000
2026-04-28,-112200000,0,-5000000,41200000,-13700000,0,0,0,0,0,0,0,-89700000
2026-04-29,-54700000,-21100000,-36100000,-30000000,0,-6500000,0,0,0,0,0,10800000,-137600000
2026-04-30,19100000,-5900000,26600000,-6300000,-2900000,0,0,-4900000,0,-2200000,0,0,23500000
2026-05-01,284400000,0,213400000,88500000,27300000,0,0,0,0,5500000,6200000,4500000,629800000
2026-05-04,335500000,0,184600000,0,0,0,0,0,0,0,0,12200000,532300000
2026-05-05,251400000,-18400000,133200000,92300000,14600000,0,0,0,0,-5800000,0,0,467300000
2026-05-06,134600000,-17100000,-39000000,0,-25200000,-7100000,0,0,0,0,0,0,46200000
2026-05-07,-98000000,-26800000,-129000000,-12600000,0,0,0,-10000000,0,-5100000,5700000,7300000,-268500000
2026-05-08,-27200000,0,-97600000,-26600000,0,0,0,0,0,0,0,5700000,-145700000
2026-05-11,-7400000,0,-3600000,0,0,0,0,7300000,0,4600000,0,26300000,27200000
2026-05-12,-33000000,-17600000,-86100000,-85100000,-17500000,0,0,0,0,0,0,6000000,-233300000
2026-05-13,-284700000,0,-133200000,-177100000,-35400000,0,0,0,0,0,0,0,-630400000
2026-05-14,144100000,-31600000,3500000,-9500000,17700000,-14100000,0,-5700000,0,7500000,12600000,6800000,131300000
2026-05-15,-136200000,-43600000,-39600000,-52500000,-11600000,-6900000,0,0,0,0,0,0,-290400000
2026-05-18,-448400000,0,-63400000,-109600000,-9200000,-6600000,0,-3800000,0,-7600000,0,0,-648600000
2026-05-19,-325600000,0,-1700000,0,0,0,0,0,-3800000,0,0,0,-331100000
2026-05-20,-61500000,0,-10100000,0,0,0,0,0,0,0,0,1100000,-70500000
2026-05-21,-103700000,0,0,2800000,0,0,0,0,0,0,0,0,-100900000
2026-05-22,-68900000,0,-36300000,0,0,0,0,0,0,0,0,0,-105200000
2026-05-26,-192400000,-41300000,-57700000,0,-28800000,0,0,0,0,0,-13400000,0,-333600000
2026-05-27,-527800000,-104800000,-60300000,-17400000,-17500000,0,0,0,0,0,-9900000,4300000,-733400000
2026-05-28,-177900000,-26200000,-19200000,0,0,0,0,0,0,0,0,0,-223300000
2026-05-29,-68200000,-2900000,-31900000,-7300000,0,0,0,0,0,0,-9700000,-5300000,-125300000
2026-06-01,-440300000,0,-37300000,-12300000,0,0,0,0,0,0,0,6100000,-483800000
2026-06-02,-388600000,-83500000,-45100000,-16700000,0,0,0,0,0,0,0,14800000,-519100000
2026-06-03,-342300000,0,-54300000,0,0,0,0,0,0,0,0,0,-396600000
2026-06-04,47700000,0,-5500000,-20700000,-15600000,0,0,-12600000,0,0,0,9900000,3200000
2026-06-05,-213700000,-60800000,-59700000,0,0,0,0,0,0,4200000,0,4300000,-325700000
2026-06-08,-232900000,0,59400000,63100000,14100000,0,0,0,0,0,0,4900000,-91400000
2026-06-09,-61600000,0,-20200000,0,0,0,0,0,0,0,4400000,0,-77400000
2026-06-10,-148500000,-87900000,4000000,0,0,0,1000000,0,0,0,17500000,0,-213900000
2026-06-11,30300000,0,-5500000,-27200000,-13100000,0,0,0,0,-14800000,5600000,2200000,-22500000
2026-06-12,57700000,0,18000000,3200000,5200000,0,0,0,0,1800000,0,0,85900000
2026-06-15,66400000,-124000000,-8700000,-6600000,0,-5800000,0,0,0,-6100000,10600000,9400000,-64800000
2026-06-16,16400000,-16800000,4300000,0,0,0,0,0,0,0,4400000,1900000,10200000
2026-06-17,-30800000,-15500000,14000000,-43500000,0,0,0,-6400000,0,-4100000,0,4100000,-82200000
2026-06-18,-96700000,0,0,0,0,0,0,0,0,-4400000,0,10400000,-90700000
2026-06-22,-172000000,-81000000,57400000,64000000,0,3700000,3400000,0,0,0,48100000,8100000,-68300000
2026-06-23,-182000000,0,23000000,31000000,0,0,0,0,0,5300000,0,8900000,-113800000
2026-06-24,-239300000,-54300000,-120800000,-50700000,-27500000,0,0,0,0,0,23600000,0,-469000000
2026-06-25,-265700000,0,-274500000,-82100000,-7100000,-6800000,0,-53000000,0,-11700000,0,9200000,-691700000
2026-06-26,-444500000,0,0,0,0,0,0,0,0,0,0,0,-444500000
2026-06-29,-300400000,35100000,-3900000,50000000,0,0,0,0,0,3800000,-22900000,7300000,-231000000
2026-06-30,-212400000,0,-10200000,0,0,0,0,0,0,0,0,0,-222600000
2026-07-01,-219400000,-62800000,-51000000,-39900000,0,3500000,0,5400000,0,2100000,36300000,29800000,-296000000
2026-07-02,-40400000,0,166000000,91800000,0,0,0,0,1700000,4400000,0,0,223500000
2026-07-06,209400000,-44500000,9700000,33000000,4800000,0,0,0,0,0,42300000,11000000,265700000
2026-07-07,54800000,0,-24900000,-8400000,0,0,0,0,0,0,0,0,21500000
2026-07-08,-59100000,-63700000,-14900000,0,0,0,0,0,0,0,52800000,0,-84900000
2026-07-09,0,0,-63300000,-39900000,300000,0,0,0,0,5400000,0,2200000,-95300000
2026-07-10,86800000,0,0,0,0,0,0,0,0,3600000,0,0,90400000
2026-07-13,-185500000,-53100000,-245600000,0,0,0,0,0,0,6100000,53400000,0,-424700000
2026-07-14,138900000,0,21100000,3600000,3500000,0,0,0,0,0,6600000,7400000,181100000
2026-07-15,80800000,0,16900000,0,0,0,0,0,0,0,10000000,0,107700000
2026-07-16,33400000,0,30700000,0,15000000,0,0,0,0,0,0,0,79100000
2026-07-17,136500000,0,-4200000,0,0,0,0,0,0,0,0,0,132300000
2026-07-20,116500000,-45400000,24100000,72700000,8800000,0,0,0,0,1800000,41400000,6900000,226800000
2026-07-21,163900000,0,23100000,9700000,0,0,0,0,0,0,6500000,0,203200000
2026-07-22,38800000,-38300000,21500000,0,5400000,0,0,0,0,0,37900000,3800000,69100000
2026-07-23,-202500000,0,-5600000,-4300000,-7000000,-5600000,-5100000,0,0,0,0,5000000,-225100000
2026-07-24,-212200000,0,-27900000,0,0,0,0,0,0,0,0,0,-240100000
2026-07-27,-8800000,0,-2800000,0,0,0,0,0,0,0,0,0,-11600000
2026-07-28,-54800000,0,0,0,0,0,0,0,0,0,5100000,0,-49700000
2026-07-29,89800000,0,-43100000,-14600000,0,0,0,0,0,0,0,0,32100000
2026-07-30,183400000,0,15500000,1500000,20700000,0,0,0,0,2300000,2300000,7400000,233100000
2026-07-31,-122700000,-52600000,-54800000,-17500000,-17800000,0,0,0,0,0,0,0,-265400000
2026-08-03,111400000,0,33400000,2100000,2800000,9200000,0,6700000,0,4500000,0,0,170100000
2026-08-04,170300000,0,19600000,9200000,8700000,0,0,0,0,0,0,3700000,211500000
2026-08-05,196800000,0,11300000,37600000,10600000,0,0,0,0,-14700000,0,2800000,244400000
2026-08-06,128300000,7500000,11200000,0,1700000,0,0,0,-9100000,-32800000,6800000,14900000,128500000
2026-08-07,86700000,0,41000000,1900000,2100000,0,0,-19400000,0,-10600000,0,0,101700000
2026-08-10,-53600000,-52000000,-40300000,0,-28400000,-7400000,0,0,0,0,37100000,0,-144600000
2026-08-11,50200000,0,-4100000,-11500000,0,-16500000,0,0,0,-10300000,0,0,7800000
2026-08-12,-14300000,0,-46800000,0,0,0,0,0,0,0,0,0,-61100000
2026-08-13,-5700000,-36300000,-55100000,-58800000,-9300000,0,-4000000,-7900000,0,0,38900000,7100000,-131100000
2026-08-14,-55500000,0,-6800000,0,6100000,0,0,0,0,0,0,0,-56200000
2026-08-17,160200000,0,111900000,14200000,0,0,0,0,0,0,0,11200000,297500000
2026-08-18,143600000,0,23900000,19700000,16100000,0,0,0,0,-16900000,2900000,0,189300000
2026-08-19,284700000,21200000,62400000,77700000,35600000,5900000,0,0,0,0,19700000,10000000,517200000
2026-08-20,503000000,0,64700000,12200000,26400000,0,0,3600000,0,-3600000,0,0,606300000
2026-08-21,239300000,0,30200000,3100000,9200000,0,0,0,0,4400000,13600000,7700000,307500000
2026-08-24,208900000,0,104600000,0,3000000,0,0,0,0,3300000,16400000,1400000,337600000
2026-08-25,284400000,0,15400000,0,3000000,0,0,0,0,0,7000000,4500000,314300000
2026-08-26,200800000,-50400000,25600000,0,6000000,0,0,0,0,0,46800000,3400000,232200000
2026-08-27,277600000,-27200000,-83600000,29700000,21700000,0,0,0,0,5700000,11700000,6700000,242300000
2026-08-28,-33400000,0,0,-114900000,-49700000,0,0,0,0,-13200000,0,9300000,-201900000
2026-08-31,205900000,0,6900000,0,4300000,0,0,0,0,-13400000,9400000,3600000,216700000
2026-09-01,-201200000,0,-43700000,0,8400000,0,0,0,0,0,0,0,-236500000
2026-09-02,115400000,-56200000,0,0,4200000,0,0,0,0,0,30400000,7300000,101100000
2026-09-03,454000000,8200000,74400000,137700000,24800000,0,-5200000,0,0,-19600000,48800000,7700000,730800000
2026-09-04,117400000,0,57200000,0,0,0,0,0,0,0,0,0,174600000
2026-09-08,10700000,-65500000,-17100000,8100000,14500000,0,0,-4700000,0,0,0,7400000,-46600000
2026-09-09,-19500000,-27200000,0,-78000000,0,0,0,0,0,0,0,4500000,-120200000
2026-09-10,-24500000,-36400000,-33600000,-164300000,-12600000,0,0,0,0,-15300000,0,4000000,-282700000
2026-09-11,-19200000,0,0,0,0,0,0,0,0,2200000,0,3800000,-13200000
2026-09-14,134300000,0,53300000,-42000000,0,4600000,0,0,0,0,0,9700000,159900000
2026-09-15,-161700000,-44100000,-214800000,-17400000,-12400000,0,0,0,0,0,0,0,-450400000
2026-09-16,-144100000,-18200000,-52700000,-84400000,0,0,0,0,0,0,0,3500000,-295900000
2026-09-17,183700000,0,-16600000,0,0,0,0,0,0,-7600000,0,0,159500000
2026-09-18,108400000,0,310700000,1900000,9700000,0,0,0,0,2300000,0,0,433000000
2026-09-21,381400000,3300000,238800000,289100000,21600000,0,0,0,0,0,3100000,61700000,999000000
2026-09-22,350300000,0,257400000,600000,0,0,0,0,0,2400000,5000000,99000000,714700000
2026-09-23,166300000,0,143200000,5000000,0,0,0,0,0,0,0,32400000,346900000
2026-09-24,162600000,0,12900000,0,4100000,4900000,-4000000,0,0,0,0,10200000,190700000
