company,ticker,asset,event_type,ann_ts_utc,ts_source,edgar_accepted_utc,coins,usd,usd_source,holdings_after,accession,source_url,source_level,set,note,px_at_pub
Strategy (MSTR),MSTR,BTC,purchase,2024-02-26T13:00:58Z,edgar_accepted,2024-02-26T13:00:58Z,3000.00,155400000.00,reported,193000.00,0001193125-24-045396,https://www.sec.gov/Archives/edgar/data/1050446/000119312524045396/0001193125-24-045396-index.htm,[офиц.] SEC 8-K,primary,,51275.60
Strategy (MSTR),MSTR,BTC,purchase,2024-03-11T11:46:52Z,edgar_accepted,2024-03-11T11:46:52Z,12000.00,821700000.00,reported,205000.00,0001193125-24-064331,https://www.sec.gov/Archives/edgar/data/1050446/000119312524064331/0001193125-24-064331-index.htm,[офиц.] SEC 8-K,primary,,71579.10
Strategy (MSTR),MSTR,BTC,purchase,2024-03-19T12:10:31Z,edgar_accepted,2024-03-19T12:10:31Z,9245.00,623000000.00,reported,214246.00,0001193125-24-070801,https://www.sec.gov/Archives/edgar/data/1050446/000119312524070801/0001193125-24-070801-index.htm,[офиц.] SEC 8-K,primary,,63137.10
Strategy (MSTR),MSTR,BTC,purchase,2024-06-20T12:12:30Z,edgar_accepted,2024-06-20T12:12:30Z,11931.00,786000000.00,reported,226331.00,0001193125-24-164014,https://www.sec.gov/Archives/edgar/data/1050446/000119312524164014/0001193125-24-164014-index.htm,[офиц.] SEC 8-K,primary,,66150.00
Strategy (MSTR),MSTR,BTC,purchase,2024-09-13T12:01:00Z,edgar_accepted,2024-09-13T12:01:00Z,18300.00,1110000000.00,reported,244800.00,0001193125-24-218462,https://www.sec.gov/Archives/edgar/data/1050446/000119312524218462/0001193125-24-218462-index.htm,[офиц.] SEC 8-K,primary,,57852.60
Strategy (MSTR),MSTR,BTC,purchase,2024-09-20T13:04:52Z,edgar_accepted,2024-09-20T13:04:52Z,7420.00,458200000.00,reported,252220.00,0001193125-24-222498,https://www.sec.gov/Archives/edgar/data/1050446/000119312524222498/0001193125-24-222498-index.htm,[офиц.] SEC 8-K,primary,,63399.60
Strategy (MSTR),MSTR,BTC,purchase,2024-11-11T12:00:00Z,text_date_est,2024-11-12T13:01:01Z,27200.00,2030000000.00,reported,279420.00,0001193125-24-255184,https://www.sec.gov/Archives/edgar/data/1050446/000119312524255184/0001193125-24-255184-index.htm,[офиц.] SEC 8-K,primary,,82168.70
Strategy (MSTR),MSTR,BTC,purchase,2024-11-18T13:00:30Z,edgar_accepted,2024-11-18T13:00:30Z,51780.00,4600000000.00,reported,331200.00,0001193125-24-260452,https://www.sec.gov/Archives/edgar/data/1050446/000119312524260452/0001193125-24-260452-index.htm,[офиц.] SEC 8-K,primary,,90571.60
Strategy (MSTR),MSTR,BTC,purchase,2024-11-25T13:02:29Z,edgar_accepted,2024-11-25T13:02:29Z,55500.00,5400000000.00,reported,386700.00,0001193125-24-264733,https://www.sec.gov/Archives/edgar/data/1050446/000119312524264733/0001193125-24-264733-index.htm,[офиц.] SEC 8-K,primary,,97981.50
Strategy (MSTR),MSTR,BTC,purchase,2024-12-02T13:00:53Z,edgar_accepted,2024-12-02T13:00:53Z,15400.00,1500000000.00,reported,402100.00,0001193125-24-268429,https://www.sec.gov/Archives/edgar/data/1050446/000119312524268429/0001193125-24-268429-index.htm,[офиц.] SEC 8-K,primary,,95033.90
Strategy (MSTR),MSTR,BTC,purchase,2024-12-09T13:00:52Z,edgar_accepted,2024-12-09T13:00:52Z,21550.00,2100000000.00,reported,423650.00,0001193125-24-272923,https://www.sec.gov/Archives/edgar/data/1050446/000119312524272923/0001193125-24-272923-index.htm,[офиц.] SEC 8-K,primary,,98653.60
Strategy (MSTR),MSTR,BTC,purchase,2024-12-16T13:01:01Z,edgar_accepted,2024-12-16T13:01:01Z,15350.00,1500000000.00,reported,439000.00,0001193125-24-279044,https://www.sec.gov/Archives/edgar/data/1050446/000119312524279044/0001193125-24-279044-index.htm,[офиц.] SEC 8-K,primary,,103604.70
Strategy (MSTR),MSTR,BTC,purchase,2024-12-23T13:01:28Z,edgar_accepted,2024-12-23T13:01:28Z,5262.00,561000000.00,reported,444262.00,0001193125-24-283686,https://www.sec.gov/Archives/edgar/data/1050446/000119312524283686/0001193125-24-283686-index.htm,[офиц.] SEC 8-K,primary,,96258.30
Strategy (MSTR),MSTR,BTC,purchase,2024-12-30T13:00:58Z,edgar_accepted,2024-12-30T13:00:58Z,2138.00,209000000.00,reported,446400.00,0001193125-24-286217,https://www.sec.gov/Archives/edgar/data/1050446/000119312524286217/0001193125-24-286217-index.htm,[офиц.] SEC 8-K,primary,,93721.00
Strategy (MSTR),MSTR,BTC,purchase,2025-01-06T13:00:31Z,edgar_accepted,2025-01-06T13:00:31Z,1070.00,101000000.00,reported,447470.00,0001193125-25-001854,https://www.sec.gov/Archives/edgar/data/1050446/000119312525001854/0001193125-25-001854-index.htm,[офиц.] SEC 8-K,primary,,99119.80
Strategy (MSTR),MSTR,BTC,purchase,2025-01-13T13:00:16Z,edgar_accepted,2025-01-13T13:00:16Z,2530.00,243000000.00,reported,450000.00,0001193125-25-005000,https://www.sec.gov/Archives/edgar/data/1050446/000119312525005000/0001193125-25-005000-index.htm,[офиц.] SEC 8-K,primary,,90713.90
Strategy (MSTR),MSTR,BTC,purchase,2025-01-21T13:00:45Z,edgar_accepted,2025-01-21T13:00:45Z,11000.00,1100000000.00,reported,461000.00,0001193125-25-009102,https://www.sec.gov/Archives/edgar/data/1050446/000119312525009102/0001193125-25-009102-index.htm,[офиц.] SEC 8-K,primary,,104493.00
Strategy (MSTR),MSTR,BTC,purchase,2025-01-27T12:01:17Z,edgar_accepted,2025-01-27T12:01:17Z,10107.00,1100000000.00,reported,471107.00,0001193125-25-012671,https://www.sec.gov/Archives/edgar/data/1050446/000119312525012671/0001193125-25-012671-index.htm,[офиц.] SEC 8-K,primary,,98700.00
Strategy (MSTR),MSTR,BTC,no_purchase,2025-02-03T13:00:24Z,edgar_accepted,2025-02-03T13:00:24Z,0.00,0.00,reported,471107.00,0001193125-25-018889,https://www.sec.gov/Archives/edgar/data/1050446/000119312525018889/0001193125-25-018889-index.htm,[офиц.] SEC 8-K,primary,,94731.00
Strategy (MSTR),MSTR,BTC,purchase,2025-02-10T12:46:40Z,edgar_accepted,2025-02-10T12:46:40Z,7633.00,742400000.00,reported,478740.00,0001193125-25-023183,https://www.sec.gov/Archives/edgar/data/1050446/000119312525023183/0001193125-25-023183-index.htm,[офиц.] SEC 8-K,primary,,97627.20
Strategy (MSTR),MSTR,BTC,no_purchase,2025-02-18T13:07:37Z,edgar_accepted,2025-02-18T13:07:37Z,0.00,0.00,reported,478740.00,0001193125-25-028184,https://www.sec.gov/Archives/edgar/data/1050446/000119312525028184/0001193125-25-028184-index.htm,[офиц.] SEC 8-K,primary,,96155.00
Strategy (MSTR),MSTR,BTC,purchase,2025-02-24T13:00:09Z,edgar_accepted,2025-02-24T13:00:09Z,20356.00,1990000000.00,reported,499096.00,0000950170-25-025233,https://www.sec.gov/Archives/edgar/data/1050446/000095017025025233/0000950170-25-025233-index.htm,[офиц.] SEC 8-K,primary,,95747.30
Strategy (MSTR),MSTR,BTC,no_purchase,2025-03-03T13:00:09Z,edgar_accepted,2025-03-03T13:00:09Z,0.00,0.00,reported,499096.00,0000950170-25-030406,https://www.sec.gov/Archives/edgar/data/1050446/000095017025030406/0000950170-25-030406-index.htm,[офиц.] SEC 8-K,primary,,92985.20
Strategy (MSTR),MSTR,BTC,no_purchase,2025-03-10T12:03:29Z,edgar_accepted,2025-03-10T12:03:29Z,0.00,0.00,reported,499096.00,0001193125-25-050411,https://www.sec.gov/Archives/edgar/data/1050446/000119312525050411/0001193125-25-050411-index.htm,[офиц.] SEC 8-K,primary,,83540.20
Strategy (MSTR),MSTR,BTC,purchase,2025-03-17T12:00:10Z,edgar_accepted,2025-03-17T12:00:10Z,130.00,10700000.00,reported,499226.00,0000950170-25-039835,https://www.sec.gov/Archives/edgar/data/1050446/000095017025039835/0000950170-25-039835-index.htm,[офиц.] SEC 8-K,primary,,83475.00
Strategy (MSTR),MSTR,BTC,purchase,2025-03-24T12:00:09Z,edgar_accepted,2025-03-24T12:00:09Z,6911.00,584100000.00,reported,506137.00,0000950170-25-043494,https://www.sec.gov/Archives/edgar/data/1050446/000095017025043494/0000950170-25-043494-index.htm,[офиц.] SEC 8-K,primary,,87643.50
Strategy (MSTR),MSTR,BTC,purchase,2025-03-31T12:00:08Z,edgar_accepted,2025-03-31T12:00:08Z,22048.00,1920000000.00,reported,528185.00,0000950170-25-047219,https://www.sec.gov/Archives/edgar/data/1050446/000095017025047219/0000950170-25-047219-index.htm,[офиц.] SEC 8-K,primary,,82171.50
Strategy (MSTR),MSTR,BTC,no_purchase,2025-04-07T12:01:42Z,edgar_accepted,2025-04-07T12:01:42Z,0.00,0.00,reported,528185.00,0001193125-25-073989,https://www.sec.gov/Archives/edgar/data/1050446/000119312525073989/0001193125-25-073989-index.htm,[офиц.] SEC 8-K,primary,,76655.90
Strategy (MSTR),MSTR,BTC,purchase,2025-04-14T12:00:09Z,edgar_accepted,2025-04-14T12:00:09Z,3459.00,285800000.00,reported,531644.00,0000950170-25-053501,https://www.sec.gov/Archives/edgar/data/1050446/000095017025053501/0000950170-25-053501-index.htm,[офиц.] SEC 8-K,primary,,84891.50
Strategy (MSTR),MSTR,BTC,purchase,2025-04-21T12:00:09Z,edgar_accepted,2025-04-21T12:00:09Z,6556.00,555800000.00,reported,538200.00,0000950170-25-056007,https://www.sec.gov/Archives/edgar/data/1050446/000095017025056007/0000950170-25-056007-index.htm,[офиц.] SEC 8-K,primary,,86936.40
Strategy (MSTR),MSTR,BTC,purchase,2025-04-28T12:00:10Z,edgar_accepted,2025-04-28T12:00:10Z,15355.00,1420000000.00,reported,553555.00,0000950170-25-058962,https://www.sec.gov/Archives/edgar/data/1050446/000095017025058962/0000950170-25-058962-index.htm,[офиц.] SEC 8-K,primary,,95276.10
Strategy (MSTR),MSTR,BTC,purchase,2025-05-05T12:00:09Z,edgar_accepted,2025-05-05T12:00:09Z,1895.00,180300000.00,reported,555450.00,0000950170-25-063168,https://www.sec.gov/Archives/edgar/data/1050446/000095017025063168/0000950170-25-063168-index.htm,[офиц.] SEC 8-K,primary,,93986.00
Strategy (MSTR),MSTR,BTC,purchase,2025-05-12T12:00:12Z,edgar_accepted,2025-05-12T12:00:12Z,13390.00,1340000000.00,reported,568840.00,0000950170-25-068580,https://www.sec.gov/Archives/edgar/data/1050446/000095017025068580/0000950170-25-068580-index.htm,[офиц.] SEC 8-K,primary,,103705.10
Strategy (MSTR),MSTR,BTC,purchase,2025-05-19T12:00:10Z,edgar_accepted,2025-05-19T12:00:10Z,7390.00,764900000.00,reported,576230.00,0000950170-25-073962,https://www.sec.gov/Archives/edgar/data/1050446/000095017025073962/0000950170-25-073962-index.htm,[офиц.] SEC 8-K,primary,,102912.00
Strategy (MSTR),MSTR,BTC,purchase,2025-05-26T12:00:00Z,text_date_est,2025-05-27T12:00:15Z,4020.00,427100000.00,reported,580250.00,0000950170-25-077387,https://www.sec.gov/Archives/edgar/data/1050446/000095017025077387/0000950170-25-077387-index.htm,[офиц.] SEC 8-K,primary,,109736.70
GameStop (GME),GME,BTC,purchase,2025-05-28T10:53:00Z,edgar_accepted,2025-05-28T10:53:00Z,4710.00,512218623.00,coins x Binance close [оценка],,,https://www.sec.gov/cgi-bin/browse-edgar?action=getcompany&CIK=1326380&type=8-K,[офиц.] SEC 8-K,secondary,"8-K: 'purchased 4,710 Bitcoin'",108751.30
Strategy (MSTR),MSTR,BTC,purchase,2025-06-02T12:00:07Z,edgar_accepted,2025-06-02T12:00:07Z,705.00,75100000.00,reported,580955.00,0000950170-25-080022,https://www.sec.gov/Archives/edgar/data/1050446/000095017025080022/0000950170-25-080022-index.htm,[офиц.] SEC 8-K,primary,,104000.00
Strategy (MSTR),MSTR,BTC,purchase,2025-06-09T12:00:25Z,edgar_accepted,2025-06-09T12:00:25Z,1045.00,110200000.00,reported,582000.00,0000950170-25-083448,https://www.sec.gov/Archives/edgar/data/1050446/000095017025083448/0000950170-25-083448-index.htm,[офиц.] SEC 8-K,primary,,107707.90
SharpLink (SBET),SBET,ETH,purchase,2025-06-13T12:05:43Z,edgar_accepted,2025-06-13T12:05:43Z,176270.00,448418541.10,holdings_delta x Binance close [оценка],176270.00,0001641172-25-014970,https://www.sec.gov/Archives/edgar/data/1981535/000164117225014970/0001641172-25-014970-index.htm,[офиц.] SEC 8-K,primary,,2543.93
Strategy (MSTR),MSTR,BTC,purchase,2025-06-16T12:00:27Z,edgar_accepted,2025-06-16T12:00:27Z,10100.00,1051200000.00,reported,592100.00,0000950170-25-086545,https://www.sec.gov/Archives/edgar/data/1050446/000095017025086545/0000950170-25-086545-index.htm,[офиц.] SEC 8-K,primary,,106842.50
Strategy (MSTR),MSTR,BTC,purchase,2025-06-23T12:00:28Z,edgar_accepted,2025-06-23T12:00:28Z,245.00,26000000.00,reported,592345.00,0000950170-25-088711,https://www.sec.gov/Archives/edgar/data/1050446/000095017025088711/0000950170-25-088711-index.htm,[офиц.] SEC 8-K,primary,,101248.50
SharpLink (SBET),SBET,ETH,purchase,2025-06-24T12:15:48Z,edgar_accepted,2025-06-24T12:15:48Z,12207.00,30674829.00,reported,188478.00,0001641172-25-016228,https://www.sec.gov/Archives/edgar/data/1981535/000164117225016228/0001641172-25-016228-index.htm,[офиц.] SEC 8-K,primary,,2408.30
Strategy (MSTR),MSTR,BTC,purchase,2025-06-30T12:00:29Z,edgar_accepted,2025-06-30T12:00:29Z,4980.00,531900000.00,reported,597325.00,0000950170-25-091211,https://www.sec.gov/Archives/edgar/data/1050446/000095017025091211/0000950170-25-091211-index.htm,[офиц.] SEC 8-K,primary,,107608.10
SharpLink (SBET),SBET,ETH,purchase,2025-07-01T12:15:31Z,edgar_accepted,2025-07-01T12:15:31Z,9468.00,22825734.00,reported,198167.00,0001641172-25-017278,https://www.sec.gov/Archives/edgar/data/1981535/000164117225017278/0001641172-25-017278-index.htm,[офиц.] SEC 8-K,primary,,2448.14
Strategy (MSTR),MSTR,BTC,no_purchase,2025-07-07T11:59:41Z,edgar_accepted,2025-07-07T11:59:41Z,0.00,0.00,reported,597325.00,0000950170-25-094137,https://www.sec.gov/Archives/edgar/data/1050446/000095017025094137/0000950170-25-094137-index.htm,[офиц.] SEC 8-K,primary,,108635.30
SharpLink (SBET),SBET,ETH,purchase,2025-07-08T12:15:30Z,edgar_accepted,2025-07-08T12:15:30Z,7467.00,18645649.63,"reported, scaled to new-info part (holdings delta)",205634.00,0001641172-25-018094,https://www.sec.gov/Archives/edgar/data/1981535/000164117225018094/0001641172-25-018094-index.htm,[офиц.] SEC 8-K,primary,,2573.88
Strategy (MSTR),MSTR,BTC,purchase,2025-07-14T11:59:29Z,edgar_accepted,2025-07-14T11:59:29Z,4225.00,472500000.00,reported,601550.00,0000950170-25-095461,https://www.sec.gov/Archives/edgar/data/1050446/000095017025095461/0000950170-25-095461-index.htm,[офиц.] SEC 8-K,primary,,121911.80
BitMine (BMNR),BMNR,ETH,purchase,2025-07-14T14:14:47Z,edgar_accepted,2025-07-14T14:14:47Z,163000.00,497995970.00,holdings_delta x Binance close [оценка],163000.00,0001641172-25-018905,https://www.sec.gov/Archives/edgar/data/1829311/000164117225018905/0001641172-25-018905-index.htm,[офиц.] SEC 8-K EX-99.1,primary,,3055.19
SharpLink (SBET),SBET,ETH,purchase,2025-07-15T12:15:56Z,edgar_accepted,2025-07-15T12:15:56Z,74656.00,213000000.00,reported,280706.00,0001641172-25-019635,https://www.sec.gov/Archives/edgar/data/1981535/000164117225019635/0001641172-25-019635-index.htm,[офиц.] SEC 8-K,primary,,2980.17
Strategy (MSTR),MSTR,BTC,purchase,2025-07-21T12:00:32Z,edgar_accepted,2025-07-21T12:00:32Z,6220.00,739800000.00,reported,607770.00,0000950170-25-097081,https://www.sec.gov/Archives/edgar/data/1050446/000095017025097081/0000950170-25-097081-index.htm,[офиц.] SEC 8-K,primary,,118045.00
SharpLink (SBET),SBET,ETH,purchase,2025-07-22T12:15:38Z,edgar_accepted,2025-07-22T12:15:38Z,79949.00,258900000.00,reported,360807.00,0001641172-25-020521,https://www.sec.gov/Archives/edgar/data/1981535/000164117225020521/0001641172-25-020521-index.htm,[офиц.] SEC 8-K,primary,,3704.39
BitMine (BMNR),BMNR,ETH,purchase,2025-07-24T11:20:38Z,edgar_accepted,2025-07-24T11:20:38Z,397000.00,1437267040.00,holdings_delta x Binance close [оценка],560000.00,0001493152-25-011364,https://www.sec.gov/Archives/edgar/data/1829311/000149315225011364/0001493152-25-011364-index.htm,[офиц.] SEC 8-K EX-99.1,primary,,3620.32
BTCS (BTCS),BTCS,ETH,purchase,2025-07-28T11:00:00Z,edgar_accepted,2025-07-28T11:00:00Z,14240.00,55351734.40,coins x Binance close [оценка],,,https://www.sec.gov/cgi-bin/browse-edgar?action=getcompany&CIK=1436229&type=8-K,[офиц.] SEC 8-K,secondary,"increased ETH by 14,240 to 70,028",3887.06
Strategy (MSTR),MSTR,BTC,no_purchase,2025-07-28T11:59:27Z,edgar_accepted,2025-07-28T11:59:27Z,0.00,0.00,reported,607770.00,0000950170-25-098938,https://www.sec.gov/Archives/edgar/data/1050446/000095017025098938/0000950170-25-098938-index.htm,[офиц.] SEC 8-K,primary,,118757.20
BitMine (BMNR),BMNR,ETH,purchase,2025-07-29T11:20:53Z,edgar_accepted,2025-07-29T11:20:53Z,65000.00,248866800.00,holdings_delta x Binance close [оценка],625000.00,0001493152-25-011466,https://www.sec.gov/Archives/edgar/data/1829311/000149315225011466/0001493152-25-011466-index.htm,[офиц.] SEC 8-K EX-99.1,primary,,3828.72
SharpLink (SBET),SBET,ETH,purchase,2025-07-29T12:15:33Z,edgar_accepted,2025-07-29T12:15:33Z,77383.00,295962890.95,holdings_delta x Binance close [оценка],438190.00,0001641172-25-021266,https://www.sec.gov/Archives/edgar/data/1981535/000164117225021266/0001641172-25-021266-index.htm,[офиц.] SEC 8-K,primary,,3824.65
BitMine (BMNR),BMNR,ETH,purchase,2025-08-04T11:40:40Z,edgar_accepted,2025-08-04T11:40:40Z,208000.00,739111360.00,holdings_delta x Binance close [оценка],833000.00,0001493152-25-011555,https://www.sec.gov/Archives/edgar/data/1829311/000149315225011555/0001493152-25-011555-index.htm,[офиц.] SEC 8-K EX-99.1,primary,,3553.42
GameSquare (GAME),GAME,ETH,purchase,2025-08-04T12:00:00Z,edgar_accepted,2025-08-04T12:00:00Z,2717.00,9656218.00,coins x Binance close [оценка],,,https://www.sec.gov/cgi-bin/browse-edgar?action=getcompany&CIK=1714562&type=8-K,[офиц.] SEC 8-K,secondary,"acquired 2,717 ETH for $10 million",3554.00
Strategy (MSTR),MSTR,BTC,purchase,2025-08-04T12:00:28Z,edgar_accepted,2025-08-04T12:00:28Z,21021.00,2460000000.00,reported,628791.00,0000950170-25-101634,https://www.sec.gov/Archives/edgar/data/1050446/000095017025101634/0000950170-25-101634-index.htm,[офиц.] SEC 8-K,primary,,114450.00
SharpLink (SBET),SBET,ETH,purchase,2025-08-05T12:15:41Z,edgar_accepted,2025-08-05T12:15:41Z,83561.00,303700000.00,reported,521939.00,0001641172-25-022149,https://www.sec.gov/Archives/edgar/data/1981535/000164117225022149/0001641172-25-022149-index.htm,[офиц.] SEC 8-K,primary,,3672.58
BitMine (BMNR),BMNR,ETH,purchase,2025-08-11T11:35:26Z,edgar_accepted,2025-08-11T11:35:26Z,317000.00,1342577420.00,holdings_delta x Binance close [оценка],1150000.00,0001493152-25-011799,https://www.sec.gov/Archives/edgar/data/1829311/000149315225011799/0001493152-25-011799-index.htm,[офиц.] SEC 8-K EX-99.1,primary,,4235.26
Strategy (MSTR),MSTR,BTC,purchase,2025-08-11T11:59:27Z,edgar_accepted,2025-08-11T11:59:27Z,155.00,18000000.00,reported,628946.00,0000950170-25-106241,https://www.sec.gov/Archives/edgar/data/1050446/000095017025106241/0000950170-25-106241-index.htm,[офиц.] SEC 8-K,primary,,121167.60
SharpLink (SBET),SBET,ETH,purchase,2025-08-11T12:00:00Z,text_date_est,2025-08-12T12:20:29Z,76861.00,321548762.11,holdings_delta x Binance close [оценка],598800.00,0001641172-25-023115,https://www.sec.gov/Archives/edgar/data/1981535/000164117225023115/0001641172-25-023115-index.htm,[офиц.] SEC 8-K,primary,,4183.51
FG Nexus (FGNX),FGNX,ETH,purchase,2025-08-12T00:14:00Z,edgar_accepted,2025-08-12T00:14:00Z,47331.00,199798823.61,coins x Binance close [оценка],,,https://www.sec.gov/cgi-bin/browse-edgar?action=getcompany&CIK=1591890&type=8-K,[офиц.] SEC 8-K,secondary,"PR 11.08.2025 '47,331 ETH purchase'; 8-K accepted 12.08 00:14 UTC; PR time earlier - проверить",4221.31
SharpLink (SBET),SBET,ETH,purchase,2025-08-15T12:05:26Z,edgar_accepted,2025-08-15T12:05:26Z,130004.00,602230529.60,holdings_delta x Binance close [оценка],728804.00,0001641172-25-024278,https://www.sec.gov/Archives/edgar/data/1981535/000164117225024278/0001641172-25-024278-index.htm,[офиц.] SEC 8-K,primary,,4632.40
Metaplanet (3350.T),MTPLF,BTC,purchase,2025-08-18T07:52:00Z,tracker_occurred_at [3P],,775.00,89280077.50,coins x Binance close [оценка],,,https://bitcointreasuries.net/public-companies/metaplanet,[3P] bitcointreasuries.net,secondary,"balance_date 2025-08-18; время = запись трекера, не TDnet - проверить",115200.10
BitMine (BMNR),BMNR,ETH,purchase,2025-08-18T11:40:52Z,edgar_accepted,2025-08-18T11:40:52Z,373373.00,1615211598.00,holdings_delta x px_in_release,1523373.00,0001493152-25-012109,https://www.sec.gov/Archives/edgar/data/1829311/000149315225012109/0001493152-25-012109-index.htm,[офиц.] SEC 8-K EX-99.1,primary,,4263.00
Strategy (MSTR),MSTR,BTC,purchase,2025-08-18T12:00:29Z,edgar_accepted,2025-08-18T12:00:29Z,430.00,51400000.00,reported,629376.00,0000950170-25-109566,https://www.sec.gov/Archives/edgar/data/1050446/000095017025109566/0000950170-25-109566-index.htm,[офиц.] SEC 8-K,primary,,114900.00
SharpLink (SBET),SBET,ETH,purchase,2025-08-19T12:15:47Z,edgar_accepted,2025-08-19T12:15:47Z,11956.00,55569800.76,"reported, scaled to new-info part (holdings delta)",740760.00,0001641172-25-024734,https://www.sec.gov/Archives/edgar/data/1981535/000164117225024734/0001641172-25-024734-index.htm,[офиц.] SEC 8-K,primary,,4307.30
Metaplanet (3350.T),MTPLF,BTC,purchase,2025-08-25T06:34:00Z,tracker_occurred_at [3P],,103.00,11566621.90,coins x Binance close [оценка],,,https://bitcointreasuries.net/public-companies/metaplanet,[3P] bitcointreasuries.net,secondary,"balance_date 2025-08-25; время = запись трекера, не TDnet - проверить",112297.30
BitMine (BMNR),BMNR,ETH,purchase,2025-08-25T11:40:47Z,edgar_accepted,2025-08-25T11:40:47Z,190526.00,916049008.00,holdings_delta x px_in_release,1713899.00,0001493152-25-012292,https://www.sec.gov/Archives/edgar/data/1829311/000149315225012292/0001493152-25-012292-index.htm,[офиц.] SEC 8-K EX-99.1,primary,,4542.72
Strategy (MSTR),MSTR,BTC,purchase,2025-08-25T11:59:28Z,edgar_accepted,2025-08-25T11:59:28Z,3081.00,356900000.00,reported,632457.00,0000950170-25-111093,https://www.sec.gov/Archives/edgar/data/1050446/000095017025111093/0000950170-25-111093-index.htm,[офиц.] SEC 8-K,primary,,110958.80
SharpLink (SBET),SBET,ETH,purchase,2025-08-26T12:15:13Z,edgar_accepted,2025-08-26T12:15:13Z,56533.00,252200000.00,reported,797704.00,0001641172-25-025469,https://www.sec.gov/Archives/edgar/data/1981535/000164117225025469/0001641172-25-025469-index.htm,[офиц.] SEC 8-K,primary,,4425.57
BitMine (BMNR),BMNR,ETH,purchase,2025-08-28T20:19:26Z,edgar_accepted,2025-08-28T20:19:26Z,78791.00,361729481.00,holdings_delta x px_in_release,1792690.00,0001493152-25-012443,https://www.sec.gov/Archives/edgar/data/1829311/000149315225012443/0001493152-25-012443-index.htm,[офиц.] SEC 8-K EX-99.1,primary,,4436.18
Metaplanet (3350.T),MTPLF,BTC,purchase,2025-09-01T06:42:00Z,tracker_occurred_at [3P],,1009.00,108781500.80,coins x Binance close [оценка],,,https://bitcointreasuries.net/public-companies/metaplanet,[3P] bitcointreasuries.net,secondary,"balance_date 2025-09-01; время = запись трекера, не TDnet - проверить",107811.20
BitMine (BMNR),BMNR,ETH,purchase,2025-09-02T11:46:01Z,edgar_accepted,2025-09-02T11:46:01Z,74284.00,331158072.00,holdings_delta x px_in_release,1866974.00,0001493152-25-012513,https://www.sec.gov/Archives/edgar/data/1829311/000149315225012513/0001493152-25-012513-index.htm,[офиц.] SEC 8-K EX-99.1,primary,,4389.95
Strategy (MSTR),MSTR,BTC,purchase,2025-09-02T11:59:26Z,edgar_accepted,2025-09-02T11:59:26Z,4048.00,449300000.00,reported,636505.00,0001050446-25-000008,https://www.sec.gov/Archives/edgar/data/1050446/000105044625000008/0001050446-25-000008-index.htm,[офиц.] SEC 8-K,primary,,110202.70
SharpLink (SBET),SBET,ETH,purchase,2025-09-02T12:15:34Z,edgar_accepted,2025-09-02T12:15:34Z,39008.00,176700000.00,reported,837230.00,0001493152-25-012518,https://www.sec.gov/Archives/edgar/data/1981535/000149315225012518/0001493152-25-012518-index.htm,[офиц.] SEC 8-K,primary,,4346.05
Metaplanet (3350.T),MTPLF,BTC,purchase,2025-09-08T06:40:00Z,tracker_occurred_at [3P],,136.00,15093932.80,coins x Binance close [оценка],,,https://bitcointreasuries.net/public-companies/metaplanet,[3P] bitcointreasuries.net,secondary,"balance_date 2025-09-08; время = запись трекера, не TDnet - проверить",110984.80
Strategy (MSTR),MSTR,BTC,purchase,2025-09-08T11:00:49Z,edgar_accepted,2025-09-08T11:00:49Z,1955.00,217400000.00,reported,638460.00,0000950170-25-113360,https://www.sec.gov/Archives/edgar/data/1050446/000095017025113360/0000950170-25-113360-index.htm,[офиц.] SEC 8-K,primary,,112005.50
BitMine (BMNR),BMNR,ETH,purchase,2025-09-08T11:30:29Z,edgar_accepted,2025-09-08T11:30:29Z,202469.00,873046328.00,holdings_delta x px_in_release,2069443.00,0001493152-25-012776,https://www.sec.gov/Archives/edgar/data/1829311/000149315225012776/0001493152-25-012776-index.htm,[офиц.] SEC 8-K EX-99.1,primary,,4327.21
BitMine (BMNR),BMNR,ETH,purchase,2025-09-15T11:39:48Z,edgar_accepted,2025-09-15T11:39:48Z,82233.00,380903256.00,holdings_delta x px_in_release,2151676.00,0001493152-25-013376,https://www.sec.gov/Archives/edgar/data/1829311/000149315225013376/0001493152-25-013376-index.htm,[офиц.] SEC 8-K EX-99.1,primary,,4527.79
Strategy (MSTR),MSTR,BTC,purchase,2025-09-15T11:59:26Z,edgar_accepted,2025-09-15T11:59:26Z,525.00,60200000.00,reported,638985.00,0001193125-25-202827,https://www.sec.gov/Archives/edgar/data/1050446/000119312525202827/0001193125-25-202827-index.htm,[офиц.] SEC 8-K,primary,,114729.10
Metaplanet (3350.T),MTPLF,BTC,purchase,2025-09-22T04:28:00Z,tracker_occurred_at [3P],,5419.00,621033115.10,coins x Binance close [оценка],,,https://bitcointreasuries.net/public-companies/metaplanet,[3P] bitcointreasuries.net,secondary,"balance_date 2025-09-22; время = запись трекера, не TDnet - проверить",114602.90
BitMine (BMNR),BMNR,ETH,purchase,2025-09-22T11:10:43Z,edgar_accepted,2025-09-22T11:10:43Z,264378.00,1188907866.00,holdings_delta x px_in_release,2416054.00,0001493152-25-014387,https://www.sec.gov/Archives/edgar/data/1829311/000149315225014387/0001493152-25-014387-index.htm,[офиц.] SEC 8-K EX-99.1,primary,,4180.00
Strategy (MSTR),MSTR,BTC,purchase,2025-09-22T11:59:29Z,edgar_accepted,2025-09-22T11:59:29Z,850.00,99700000.00,reported,639835.00,0001193125-25-210048,https://www.sec.gov/Archives/edgar/data/1050446/000119312525210048/0001193125-25-210048-index.htm,[офиц.] SEC 8-K,primary,,112732.60
Strive (ASST),ASST,BTC,purchase,2025-09-22T13:18:00Z,edgar_accepted,2025-09-22T13:18:00Z,5816.00,655359093.60,coins x Binance close [оценка],,,https://www.sec.gov/cgi-bin/browse-edgar?action=getcompany&CIK=1920406&type=8-K,[офиц.] SEC 8-K,secondary,"purchase of 5,816 bitcoin",112682.10
BitMine (BMNR),BMNR,ETH,purchase,2025-09-29T11:10:49Z,edgar_accepted,2025-09-29T11:10:49Z,234846.00,972497286.00,holdings_delta x px_in_release,2650900.00,0001493152-25-015879,https://www.sec.gov/Archives/edgar/data/1829311/000149315225015879/0001493152-25-015879-index.htm,[офиц.] SEC 8-K EX-99.1,primary,,4114.38
Strategy (MSTR),MSTR,BTC,purchase,2025-09-29T11:59:25Z,edgar_accepted,2025-09-29T11:59:25Z,196.00,22100000.00,reported,640031.00,0001193125-25-221772,https://www.sec.gov/Archives/edgar/data/1050446/000119312525221772/0001193125-25-221772-index.htm,[офиц.] SEC 8-K,primary,,112034.90
Metaplanet (3350.T),MTPLF,BTC,purchase,2025-10-01T06:59:00Z,tracker_occurred_at [3P],,5268.00,603246055.20,coins x Binance close [оценка],,,https://bitcointreasuries.net/public-companies/metaplanet,[3P] bitcointreasuries.net,secondary,"balance_date 2025-10-01; время = запись трекера, не TDnet - проверить",114511.40
Strategy (MSTR),MSTR,BTC,no_purchase,2025-10-06T11:59:30Z,edgar_accepted,2025-10-06T11:59:30Z,0.00,0.00,reported,640031.00,0001193125-25-230977,https://www.sec.gov/Archives/edgar/data/1050446/000119312525230977/0001193125-25-230977-index.htm,[офиц.] SEC 8-K,primary,,123920.00
BitMine (BMNR),BMNR,ETH,purchase,2025-10-06T12:25:42Z,edgar_accepted,2025-10-06T12:25:42Z,179251.00,812903285.00,holdings_delta x px_in_release,2830151.00,0001493152-25-017019,https://www.sec.gov/Archives/edgar/data/1829311/000149315225017019/0001493152-25-017019-index.htm,[офиц.] SEC 8-K EX-99.1,primary,,4569.54
Strategy (MSTR),MSTR,BTC,purchase,2025-10-13T12:00:00Z,text_date_est,2025-10-14T11:59:25Z,220.00,27200000.00,reported,640250.00,0001193125-25-238132,https://www.sec.gov/Archives/edgar/data/1050446/000119312525238132/0001193125-25-238132-index.htm,[офиц.] SEC 8-K,primary,,114129.30
BitMine (BMNR),BMNR,ETH,purchase,2025-10-13T12:00:00Z,text_date_est,2025-10-14T10:05:45Z,202037.00,839261698.00,holdings_delta x px_in_release,3032188.00,0001493152-25-017868,https://www.sec.gov/Archives/edgar/data/1829311/000149315225017868/0001493152-25-017868-index.htm,[офиц.] SEC 8-K EX-99.1,primary,,4078.36
Strategy (MSTR),MSTR,BTC,purchase,2025-10-20T11:59:26Z,edgar_accepted,2025-10-20T11:59:26Z,168.00,18800000.00,reported,640418.00,0001193125-25-243049,https://www.sec.gov/Archives/edgar/data/1050446/000119312525243049/0001193125-25-243049-index.htm,[офиц.] SEC 8-K,primary,,110692.10
BitMine (BMNR),BMNR,ETH,purchase,2025-10-20T12:40:42Z,edgar_accepted,2025-10-20T12:40:42Z,203826.00,819788172.00,holdings_delta x px_in_release,3236014.00,0001493152-25-018577,https://www.sec.gov/Archives/edgar/data/1829311/000149315225018577/0001493152-25-018577-index.htm,[офиц.] SEC 8-K EX-99.1,primary,,4032.83
SharpLink (SBET),SBET,ETH,purchase,2025-10-21T12:15:54Z,edgar_accepted,2025-10-21T12:15:54Z,19271.00,75000000.00,reported,859853.00,0001493152-25-018731,https://www.sec.gov/Archives/edgar/data/1981535/000149315225018731/0001493152-25-018731-index.htm,[офиц.] SEC 8-K,primary,,3888.33
Strategy (MSTR),MSTR,BTC,purchase,2025-10-27T12:00:26Z,edgar_accepted,2025-10-27T12:00:26Z,390.00,43400000.00,reported,640808.00,0001193125-25-250751,https://www.sec.gov/Archives/edgar/data/1050446/000119312525250751/0001193125-25-250751-index.htm,[офиц.] SEC 8-K,primary,,115302.30
BitMine (BMNR),BMNR,ETH,purchase,2025-10-27T12:40:54Z,edgar_accepted,2025-10-27T12:40:54Z,77055.00,313922070.00,holdings_delta x px_in_release,3313069.00,0001493152-25-019644,https://www.sec.gov/Archives/edgar/data/1829311/000149315225019644/0001493152-25-019644-index.htm,[офиц.] SEC 8-K EX-99.1,primary,,4160.51
Strategy (MSTR),MSTR,BTC,purchase,2025-11-03T12:59:27Z,edgar_accepted,2025-11-03T12:59:27Z,397.00,45600000.00,reported,641205.00,0001193125-25-261714,https://www.sec.gov/Archives/edgar/data/1050446/000119312525261714/0001193125-25-261714-index.htm,[офиц.] SEC 8-K,primary,,107737.40
BitMine (BMNR),BMNR,ETH,purchase,2025-11-03T13:45:47Z,edgar_accepted,2025-11-03T13:45:47Z,82353.00,321423759.00,holdings_delta x px_in_release,3395422.00,0001493152-25-020545,https://www.sec.gov/Archives/edgar/data/1829311/000149315225020545/0001493152-25-020545-index.htm,[офиц.] SEC 8-K EX-99.1,primary,,3707.58
Strategy (MSTR),MSTR,BTC,purchase,2025-11-10T13:00:27Z,edgar_accepted,2025-11-10T13:00:27Z,487.00,49900000.00,reported,641692.00,0001193125-25-273310,https://www.sec.gov/Archives/edgar/data/1050446/000119312525273310/0001193125-25-273310-index.htm,[офиц.] SEC 8-K,primary,,105900.10
BitMine (BMNR),BMNR,ETH,purchase,2025-11-10T13:45:43Z,edgar_accepted,2025-11-10T13:45:43Z,110301.00,401385339.00,holdings_delta x px_in_release,3505723.00,0001493152-25-021429,https://www.sec.gov/Archives/edgar/data/1829311/000149315225021429/0001493152-25-021429-index.htm,[офиц.] SEC 8-K EX-99.1,primary,,3590.46
Strive (ASST),ASST,BTC,purchase,2025-11-10T14:28:00Z,edgar_accepted,2025-11-10T14:28:00Z,1567.00,166900229.80,coins x Binance close [оценка],,,https://www.sec.gov/cgi-bin/browse-edgar?action=getcompany&CIK=1920406&type=8-K,[офиц.] SEC 8-K,secondary,"acquired 1,567 BTC 28.10-09.11.2025",106509.40
Strategy (MSTR),MSTR,BTC,purchase,2025-11-17T13:23:44Z,edgar_accepted,2025-11-17T13:23:44Z,8178.00,835600000.00,reported,649870.00,0001193125-25-283991,https://www.sec.gov/Archives/edgar/data/1050446/000119312525283991/0001193125-25-283991-index.htm,[офиц.] SEC 8-K,primary,,95283.40
BitMine (BMNR),BMNR,ETH,purchase,2025-11-17T13:46:01Z,edgar_accepted,2025-11-17T13:46:01Z,54156.00,168966720.00,holdings_delta x px_in_release,3559879.00,0001493152-25-023780,https://www.sec.gov/Archives/edgar/data/1829311/000149315225023780/0001493152-25-023780-index.htm,[офиц.] SEC 8-K EX-99.1,primary,,3182.68
BitMine (BMNR),BMNR,ETH,purchase,2025-11-24T13:45:34Z,edgar_accepted,2025-11-24T13:45:34Z,69822.00,198294480.00,holdings_delta x px_in_release,3629701.00,0001493152-25-024762,https://www.sec.gov/Archives/edgar/data/1829311/000149315225024762/0001493152-25-024762-index.htm,[офиц.] SEC 8-K EX-99.1,primary,,2802.24
Strategy (MSTR),MSTR,BTC,purchase,2025-12-01T12:58:18Z,edgar_accepted,2025-12-01T12:58:18Z,130.00,11700000.00,reported,650000.00,0001193125-25-303157,https://www.sec.gov/Archives/edgar/data/1050446/000119312525303157/0001193125-25-303157-index.htm,[офиц.] SEC 8-K,primary,,86100.10
BitMine (BMNR),BMNR,ETH,purchase,2025-12-01T13:45:28Z,edgar_accepted,2025-12-01T13:45:28Z,96798.00,291168384.00,holdings_delta x px_in_release,3726499.00,0001493152-25-025501,https://www.sec.gov/Archives/edgar/data/1829311/000149315225025501/0001493152-25-025501-index.htm,[офиц.] SEC 8-K EX-99.1,primary,,2819.53
Strategy (MSTR),MSTR,BTC,purchase,2025-12-08T12:59:24Z,edgar_accepted,2025-12-08T12:59:24Z,10624.00,962700000.00,reported,660624.00,0001193125-25-310607,https://www.sec.gov/Archives/edgar/data/1050446/000119312525310607/0001193125-25-310607-index.htm,[офиц.] SEC 8-K,primary,,91923.50
BitMine (BMNR),BMNR,ETH,purchase,2025-12-08T13:45:42Z,edgar_accepted,2025-12-08T13:45:42Z,138452.00,434600828.00,holdings_delta x px_in_release,3864951.00,0001493152-25-026540,https://www.sec.gov/Archives/edgar/data/1829311/000149315225026540/0001493152-25-026540-index.htm,[офиц.] SEC 8-K EX-99.1,primary,,3130.26
Strategy (MSTR),MSTR,BTC,purchase,2025-12-15T13:00:26Z,edgar_accepted,2025-12-15T13:00:26Z,10645.00,980300000.00,reported,671268.00,0001193125-25-318468,https://www.sec.gov/Archives/edgar/data/1050446/000119312525318468/0001193125-25-318468-index.htm,[офиц.] SEC 8-K,primary,,89657.80
BitMine (BMNR),BMNR,ETH,purchase,2025-12-15T13:45:33Z,edgar_accepted,2025-12-15T13:45:33Z,102259.00,314344166.00,holdings_delta x px_in_release,3967210.00,0001493152-25-027660,https://www.sec.gov/Archives/edgar/data/1829311/000149315225027660/0001493152-25-027660-index.htm,[офиц.] SEC 8-K EX-99.1,primary,,3154.12
Strategy (MSTR),MSTR,BTC,no_purchase,2025-12-22T13:00:30Z,edgar_accepted,2025-12-22T13:00:30Z,0.00,0.00,reported,671268.00,0001193125-25-327598,https://www.sec.gov/Archives/edgar/data/1050446/000119312525327598/0001193125-25-327598-index.htm,[офиц.] SEC 8-K,primary,,90171.20
BitMine (BMNR),BMNR,ETH,purchase,2025-12-22T13:45:26Z,edgar_accepted,2025-12-22T13:45:26Z,98852.00,295666332.00,holdings_delta x px_in_release,4066062.00,0001493152-25-028674,https://www.sec.gov/Archives/edgar/data/1829311/000149315225028674/0001493152-25-028674-index.htm,[офиц.] SEC 8-K EX-99.1,primary,,3056.87
Strategy (MSTR),MSTR,BTC,purchase,2025-12-29T13:00:25Z,edgar_accepted,2025-12-29T13:00:25Z,1229.00,108800000.00,reported,672497.00,0001193125-25-332296,https://www.sec.gov/Archives/edgar/data/1050446/000119312525332296/0001193125-25-332296-index.htm,[офиц.] SEC 8-K,primary,,87344.00
BitMine (BMNR),BMNR,ETH,purchase,2025-12-29T13:40:44Z,edgar_accepted,2025-12-29T13:40:44Z,44463.00,131076924.00,holdings_delta x px_in_release,4110525.00,0001493152-25-029227,https://www.sec.gov/Archives/edgar/data/1829311/000149315225029227/0001493152-25-029227-index.htm,[офиц.] SEC 8-K EX-99.1,primary,,2929.56
Metaplanet (3350.T),MTPLF,BTC,purchase,2025-12-30T06:52:00Z,tracker_occurred_at [3P],,4279.00,373198119.80,coins x Binance close [оценка],,,https://bitcointreasuries.net/public-companies/metaplanet,[3P] bitcointreasuries.net,secondary,"balance_date 2025-12-30; время = запись трекера, не TDnet - проверить",87216.20
Strategy (MSTR),MSTR,BTC,purchase,2026-01-05T13:00:27Z,edgar_accepted,2026-01-05T13:00:27Z,1286.00,116300000.00,reported,673783.00,0001193125-26-001550,https://www.sec.gov/Archives/edgar/data/1050446/000119312526001550/0001193125-26-001550-index.htm,[офиц.] SEC 8-K,primary,,92837.20
BitMine (BMNR),BMNR,ETH,purchase,2026-01-05T13:45:33Z,edgar_accepted,2026-01-05T13:45:33Z,32977.00,105394492.00,holdings_delta x px_in_release,4143502.00,0001493152-26-000274,https://www.sec.gov/Archives/edgar/data/1829311/000149315226000274/0001493152-26-000274-index.htm,[офиц.] SEC 8-K EX-99.1,primary,,3169.09
Strategy (MSTR),MSTR,BTC,purchase,2026-01-12T13:00:28Z,edgar_accepted,2026-01-12T13:00:28Z,13627.00,1247100000.00,reported,687410.00,0001193125-26-009811,https://www.sec.gov/Archives/edgar/data/1050446/000119312526009811/0001193125-26-009811-index.htm,[офиц.] SEC 8-K,primary,,90741.60
BitMine (BMNR),BMNR,ETH,purchase,2026-01-12T13:45:48Z,edgar_accepted,2026-01-12T13:45:48Z,24266.00,75685654.00,holdings_delta x px_in_release,4167768.00,0001493152-26-001237,https://www.sec.gov/Archives/edgar/data/1829311/000149315226001237/0001493152-26-001237-index.htm,[офиц.] SEC 8-K EX-99.1,primary,,3115.99
Strategy (MSTR),MSTR,BTC,purchase,2026-01-20T13:00:28Z,edgar_accepted,2026-01-20T13:00:28Z,22305.00,2125300000.00,reported,709715.00,0001193125-26-016002,https://www.sec.gov/Archives/edgar/data/1050446/000119312526016002/0001193125-26-016002-index.htm,[офиц.] SEC 8-K,primary,,91240.00
BitMine (BMNR),BMNR,ETH,purchase,2026-01-20T13:45:36Z,edgar_accepted,2026-01-20T13:45:36Z,35268.00,113245548.00,holdings_delta x px_in_release,4203036.00,0001493152-26-002762,https://www.sec.gov/Archives/edgar/data/1829311/000149315226002762/0001493152-26-002762-index.htm,[офиц.] SEC 8-K EX-99.1,primary,,3109.50
Strategy (MSTR),MSTR,BTC,purchase,2026-01-26T13:00:26Z,edgar_accepted,2026-01-26T13:00:26Z,2932.00,264100000.00,reported,712647.00,0001193125-26-021726,https://www.sec.gov/Archives/edgar/data/1050446/000119312526021726/0001193125-26-021726-index.htm,[офиц.] SEC 8-K,primary,,87762.10
BitMine (BMNR),BMNR,ETH,purchase,2026-01-26T13:45:51Z,edgar_accepted,2026-01-26T13:45:51Z,40302.00,114417378.00,holdings_delta x px_in_release,4243338.00,0001493152-26-003536,https://www.sec.gov/Archives/edgar/data/1829311/000149315226003536/0001493152-26-003536-index.htm,[офиц.] SEC 8-K EX-99.1,primary,,2901.29
Strategy (MSTR),MSTR,BTC,purchase,2026-02-02T13:00:25Z,edgar_accepted,2026-02-02T13:00:25Z,855.00,75300000.00,reported,713502.00,0001193125-26-032731,https://www.sec.gov/Archives/edgar/data/1050446/000119312526032731/0001193125-26-032731-index.htm,[офиц.] SEC 8-K,primary,,77947.50
BitMine (BMNR),BMNR,ETH,purchase,2026-02-02T13:40:46Z,edgar_accepted,2026-02-02T13:40:46Z,41787.00,96820479.00,holdings_delta x px_in_release,4285125.00,0001493152-26-004658,https://www.sec.gov/Archives/edgar/data/1829311/000149315226004658/0001493152-26-004658-index.htm,[офиц.] SEC 8-K EX-99.1,primary,,2310.09
Strategy (MSTR),MSTR,BTC,purchase,2026-02-09T13:00:26Z,edgar_accepted,2026-02-09T13:00:26Z,1142.00,90000000.00,reported,714644.00,0001193125-26-041944,https://www.sec.gov/Archives/edgar/data/1050446/000119312526041944/0001193125-26-041944-index.htm,[офиц.] SEC 8-K,primary,,69109.70
BitMine (BMNR),BMNR,ETH,purchase,2026-02-09T13:45:26Z,edgar_accepted,2026-02-09T13:45:26Z,40613.00,86302625.00,holdings_delta x px_in_release,4325738.00,0001493152-26-005707,https://www.sec.gov/Archives/edgar/data/1829311/000149315226005707/0001493152-26-005707-index.htm,[офиц.] SEC 8-K EX-99.1,primary,,2034.59
Strategy (MSTR),MSTR,BTC,purchase,2026-02-17T13:00:25Z,edgar_accepted,2026-02-17T13:00:25Z,2486.00,168400000.00,reported,717131.00,0001193125-26-053105,https://www.sec.gov/Archives/edgar/data/1050446/000119312526053105/0001193125-26-053105-index.htm,[офиц.] SEC 8-K,primary,,67893.20
BitMine (BMNR),BMNR,ETH,purchase,2026-02-17T13:40:48Z,edgar_accepted,2026-02-17T13:40:48Z,45759.00,91426482.00,holdings_delta x px_in_release,4371497.00,0001493152-26-006953,https://www.sec.gov/Archives/edgar/data/1829311/000149315226006953/0001493152-26-006953-index.htm,[офиц.] SEC 8-K EX-99.1,primary,,1968.80
Strategy (MSTR),MSTR,BTC,purchase,2026-02-23T13:00:26Z,edgar_accepted,2026-02-23T13:00:26Z,592.00,39800000.00,reported,717722.00,0001193125-26-062489,https://www.sec.gov/Archives/edgar/data/1050446/000119312526062489/0001193125-26-062489-index.htm,[офиц.] SEC 8-K,primary,,66249.90
BitMine (BMNR),BMNR,ETH,purchase,2026-02-23T13:45:36Z,edgar_accepted,2026-02-23T13:45:36Z,51162.00,100175196.00,holdings_delta x px_in_release,4422659.00,0001493152-26-007694,https://www.sec.gov/Archives/edgar/data/1829311/000149315226007694/0001493152-26-007694-index.htm,[офиц.] SEC 8-K EX-99.1,primary,,1919.28
Strategy (MSTR),MSTR,BTC,purchase,2026-03-02T13:00:27Z,edgar_accepted,2026-03-02T13:00:27Z,3015.00,204100000.00,reported,720737.00,0001193125-26-084264,https://www.sec.gov/Archives/edgar/data/1050446/000119312526084264/0001193125-26-084264-index.htm,[офиц.] SEC 8-K,primary,,65927.80
BitMine (BMNR),BMNR,ETH,purchase,2026-03-02T13:56:09Z,edgar_accepted,2026-03-02T13:56:09Z,50928.00,100633728.00,holdings_delta x px_in_release,4473587.00,0001493152-26-008462,https://www.sec.gov/Archives/edgar/data/1829311/000149315226008462/0001493152-26-008462-index.htm,[офиц.] SEC 8-K EX-99.1,primary,,1936.88
Strategy (MSTR),MSTR,BTC,purchase,2026-03-09T11:56:38Z,edgar_accepted,2026-03-09T11:56:38Z,17994.00,1280000000.00,reported,738731.00,0001193125-26-097598,https://www.sec.gov/Archives/edgar/data/1050446/000119312526097598/0001193125-26-097598-index.htm,[офиц.] SEC 8-K,primary,,67571.20
BitMine (BMNR),BMNR,ETH,purchase,2026-03-09T12:45:29Z,edgar_accepted,2026-03-09T12:45:29Z,60976.00,119817840.00,holdings_delta x px_in_release,4534563.00,0001493152-26-009312,https://www.sec.gov/Archives/edgar/data/1829311/000149315226009312/0001493152-26-009312-index.htm,[офиц.] SEC 8-K EX-99.1,primary,,1991.49
Strategy (MSTR),MSTR,BTC,purchase,2026-03-16T12:00:08Z,edgar_accepted,2026-03-16T12:00:08Z,22337.00,1570000000.00,reported,761068.00,0001193125-26-107263,https://www.sec.gov/Archives/edgar/data/1050446/000119312526107263/0001193125-26-107263-index.htm,[офиц.] SEC 8-K,primary,,73515.30
BitMine (BMNR),BMNR,ETH,purchase,2026-03-16T12:45:17Z,edgar_accepted,2026-03-16T12:45:17Z,60999.00,133282815.00,holdings_delta x px_in_release,4595562.00,0001493152-26-010193,https://www.sec.gov/Archives/edgar/data/1829311/000149315226010193/0001493152-26-010193-index.htm,[офиц.] SEC 8-K EX-99.1,primary,,2268.81
Strategy (MSTR),MSTR,BTC,purchase,2026-03-23T12:00:09Z,edgar_accepted,2026-03-23T12:00:09Z,1031.00,76600000.00,reported,762099.00,0001193125-26-118584,https://www.sec.gov/Archives/edgar/data/1050446/000119312526118584/0001193125-26-118584-index.htm,[офиц.] SEC 8-K,primary,,70097.30
BitMine (BMNR),BMNR,ETH,purchase,2026-03-23T12:45:17Z,edgar_accepted,2026-03-23T12:45:17Z,65341.00,135386552.00,holdings_delta x px_in_release,4660903.00,0001493152-26-012078,https://www.sec.gov/Archives/edgar/data/1829311/000149315226012078/0001493152-26-012078-index.htm,[офиц.] SEC 8-K EX-99.1,primary,,2133.89
Strategy (MSTR),MSTR,BTC,no_purchase,2026-03-30T12:00:08Z,edgar_accepted,2026-03-30T12:00:08Z,0.00,0.00,reported,762099.00,0001193125-26-130446,https://www.sec.gov/Archives/edgar/data/1050446/000119312526130446/0001193125-26-130446-index.htm,[офиц.] SEC 8-K,primary,,67651.50
BitMine (BMNR),BMNR,ETH,purchase,2026-03-30T12:45:08Z,edgar_accepted,2026-03-30T12:45:08Z,71179.00,142713895.00,holdings_delta x px_in_release,4732082.00,0001493152-26-013487,https://www.sec.gov/Archives/edgar/data/1829311/000149315226013487/0001493152-26-013487-index.htm,[офиц.] SEC 8-K EX-99.1,primary,,2070.40
Metaplanet (3350.T),MTPLF,BTC,purchase,2026-04-02T07:18:00Z,tracker_occurred_at [3P],,5075.00,338263467.50,coins x Binance close [оценка],,,https://bitcointreasuries.net/public-companies/metaplanet,[3P] bitcointreasuries.net,secondary,"balance_date 2026-04-02; время = запись трекера, не TDnet - проверить",66652.90
Strategy (MSTR),MSTR,BTC,purchase,2026-04-06T12:00:08Z,edgar_accepted,2026-04-06T12:00:08Z,4871.00,329900000.00,reported,766970.00,0001193125-26-142925,https://www.sec.gov/Archives/edgar/data/1050446/000119312526142925/0001193125-26-142925-index.htm,[офиц.] SEC 8-K,primary,,69583.60
BitMine (BMNR),BMNR,ETH,purchase,2026-04-06T12:45:27Z,edgar_accepted,2026-04-06T12:45:27Z,71252.00,151267996.00,holdings_delta x px_in_release,4803334.00,0001493152-26-015247,https://www.sec.gov/Archives/edgar/data/1829311/000149315226015247/0001493152-26-015247-index.htm,[офиц.] SEC 8-K EX-99.1,primary,,2150.55
Strategy (MSTR),MSTR,BTC,purchase,2026-04-13T12:00:08Z,edgar_accepted,2026-04-13T12:00:08Z,13927.00,1000000000.00,reported,780897.00,0001193125-26-152015,https://www.sec.gov/Archives/edgar/data/1050446/000119312526152015/0001193125-26-152015-index.htm,[офиц.] SEC 8-K,primary,,70883.90
BitMine (BMNR),BMNR,ETH,purchase,2026-04-13T12:45:20Z,edgar_accepted,2026-04-13T12:45:20Z,71524.00,157781944.00,holdings_delta x px_in_release,4874858.00,0001493152-26-016296,https://www.sec.gov/Archives/edgar/data/1829311/000149315226016296/0001493152-26-016296-index.htm,[офиц.] SEC 8-K EX-99.1,primary,,2186.30
Strategy (MSTR),MSTR,BTC,purchase,2026-04-20T12:00:18Z,edgar_accepted,2026-04-20T12:00:18Z,34164.00,2540000000.00,reported,815061.00,0001193125-26-162756,https://www.sec.gov/Archives/edgar/data/1050446/000119312526162756/0001193125-26-162756-index.htm,[офиц.] SEC 8-K,primary,,75148.70
BitMine (BMNR),BMNR,ETH,purchase,2026-04-20T12:45:17Z,edgar_accepted,2026-04-20T12:45:17Z,101627.00,233843727.00,holdings_delta x px_in_release,4976485.00,0001493152-26-018015,https://www.sec.gov/Archives/edgar/data/1829311/000149315226018015/0001493152-26-018015-index.htm,[офиц.] SEC 8-K EX-99.1,primary,,2306.94
Strategy (MSTR),MSTR,BTC,purchase,2026-04-27T12:00:17Z,edgar_accepted,2026-04-27T12:00:17Z,3273.00,255000000.00,reported,818334.00,0001193125-26-178994,https://www.sec.gov/Archives/edgar/data/1050446/000119312526178994/0001193125-26-178994-index.htm,[офиц.] SEC 8-K,primary,,77804.30
BitMine (BMNR),BMNR,ETH,purchase,2026-04-27T12:45:19Z,edgar_accepted,2026-04-27T12:45:19Z,101901.00,241403469.00,holdings_delta x px_in_release,5078386.00,0001493152-26-019080,https://www.sec.gov/Archives/edgar/data/1829311/000149315226019080/0001493152-26-019080-index.htm,[офиц.] SEC 8-K EX-99.1,primary,,2318.77
Strategy (MSTR),MSTR,BTC,no_purchase,2026-05-04T12:00:18Z,edgar_accepted,2026-05-04T12:00:18Z,0.00,0.00,reported,818334.00,0001193125-26-202611,https://www.sec.gov/Archives/edgar/data/1050446/000119312526202611/0001193125-26-202611-index.htm,[офиц.] SEC 8-K,primary,,78753.50
BitMine (BMNR),BMNR,ETH,purchase,2026-05-04T12:45:43Z,edgar_accepted,2026-05-04T12:45:43Z,101745.00,237676320.00,holdings_delta x px_in_release,5180131.00,0001493152-26-021027,https://www.sec.gov/Archives/edgar/data/1829311/000149315226021027/0001493152-26-021027-index.htm,[офиц.] SEC 8-K EX-99.1,primary,,2336.20
Strategy (MSTR),MSTR,BTC,purchase,2026-05-11T12:00:18Z,edgar_accepted,2026-05-11T12:00:18Z,535.00,43000000.00,reported,818869.00,0001193125-26-215754,https://www.sec.gov/Archives/edgar/data/1050446/000119312526215754/0001193125-26-215754-index.htm,[офиц.] SEC 8-K,primary,,81167.10
BitMine (BMNR),BMNR,ETH,purchase,2026-05-11T12:46:07Z,edgar_accepted,2026-05-11T12:46:07Z,26659.00,63075194.00,holdings_delta x px_in_release,5206790.00,0001493152-26-022150,https://www.sec.gov/Archives/edgar/data/1829311/000149315226022150/0001493152-26-022150-index.htm,[офиц.] SEC 8-K EX-99.1,primary,,2334.72
Strategy (MSTR),MSTR,BTC,purchase,2026-05-18T12:00:16Z,edgar_accepted,2026-05-18T12:00:16Z,24869.00,2010000000.00,reported,843738.00,0001193125-26-227918,https://www.sec.gov/Archives/edgar/data/1050446/000119312526227918/0001193125-26-227918-index.htm,[офиц.] SEC 8-K,primary,,77255.00
BitMine (BMNR),BMNR,ETH,purchase,2026-05-18T12:45:26Z,edgar_accepted,2026-05-18T12:45:26Z,71672.00,157033352.00,holdings_delta x px_in_release,5278462.00,0001493152-26-024088,https://www.sec.gov/Archives/edgar/data/1829311/000149315226024088/0001493152-26-024088-index.htm,[офиц.] SEC 8-K EX-99.1,primary,,2132.98
Strategy (MSTR),MSTR,BTC,no_purchase,2026-05-26T12:00:15Z,edgar_accepted,2026-05-26T12:00:15Z,0.00,0.00,reported,843738.00,0001193125-26-237907,https://www.sec.gov/Archives/edgar/data/1050446/000119312526237907/0001193125-26-237907-index.htm,[офиц.] SEC 8-K,primary,,77153.90
BitMine (BMNR),BMNR,ETH,purchase,2026-05-26T12:45:25Z,edgar_accepted,2026-05-26T12:45:25Z,111942.00,238884228.00,holdings_delta x px_in_release,5390404.00,0001493152-26-025174,https://www.sec.gov/Archives/edgar/data/1829311/000149315226025174/0001493152-26-025174-index.htm,[офиц.] SEC 8-K EX-99.1,primary,,2120.00
Strategy (MSTR),MSTR,BTC,sale,2026-06-01T12:00:16Z,edgar_accepted,2026-06-01T12:00:16Z,-32.00,-2500000.00,reported,843706.00,0001193125-26-249768,https://www.sec.gov/Archives/edgar/data/1050446/000119312526249768/0001193125-26-249768-index.htm,[офиц.] SEC 8-K,primary,,72452.80
BitMine (BMNR),BMNR,ETH,purchase,2026-06-01T12:45:32Z,edgar_accepted,2026-06-01T12:45:32Z,26497.00,53073491.00,holdings_delta x px_in_release,5416901.00,0001493152-26-026543,https://www.sec.gov/Archives/edgar/data/1829311/000149315226026543/0001493152-26-026543-index.htm,[офиц.] SEC 8-K EX-99.1,primary,,1980.73
Strategy (MSTR),MSTR,BTC,purchase,2026-06-08T12:00:16Z,edgar_accepted,2026-06-08T12:00:16Z,1550.00,101300000.00,reported,845256.00,0001193125-26-260709,https://www.sec.gov/Archives/edgar/data/1050446/000119312526260709/0001193125-26-260709-index.htm,[офиц.] SEC 8-K,primary,,63450.10
BitMine (BMNR),BMNR,ETH,purchase,2026-06-08T12:45:22Z,edgar_accepted,2026-06-08T12:45:22Z,126971.00,206962730.00,holdings_delta x px_in_release,5543872.00,0001493152-26-027647,https://www.sec.gov/Archives/edgar/data/1829311/000149315226027647/0001493152-26-027647-index.htm,[офиц.] SEC 8-K EX-99.1,primary,,1682.93
Strategy (MSTR),MSTR,BTC,purchase,2026-06-15T12:00:17Z,edgar_accepted,2026-06-15T12:00:17Z,1587.00,100000000.00,reported,846842.00,0001193125-26-270311,https://www.sec.gov/Archives/edgar/data/1050446/000119312526270311/0001193125-26-270311-index.htm,[офиц.] SEC 8-K,primary,,66192.00
BitMine (BMNR),BMNR,ETH,purchase,2026-06-15T12:45:15Z,edgar_accepted,2026-06-15T12:45:15Z,76882.00,132083276.00,holdings_delta x px_in_release,5620754.00,0001493152-26-028622,https://www.sec.gov/Archives/edgar/data/1829311/000149315226028622/0001493152-26-028622-index.htm,[офиц.] SEC 8-K EX-99.1,primary,,1763.78
Strategy (MSTR),MSTR,BTC,purchase,2026-06-22T12:00:16Z,edgar_accepted,2026-06-22T12:00:16Z,520.00,34900000.00,reported,847363.00,0001193125-26-276717,https://www.sec.gov/Archives/edgar/data/1050446/000119312526276717/0001193125-26-276717-index.htm,[офиц.] SEC 8-K,primary,,64624.30
BitMine (BMNR),BMNR,ETH,purchase,2026-06-22T12:45:23Z,edgar_accepted,2026-06-22T12:45:23Z,52202.00,90466066.00,holdings_delta x px_in_release,5672956.00,0001493152-26-029507,https://www.sec.gov/Archives/edgar/data/1829311/000149315226029507/0001493152-26-029507-index.htm,[офиц.] SEC 8-K EX-99.1,primary,,1766.94
Strategy (MSTR),MSTR,BTC,no_purchase,2026-06-29T12:00:15Z,edgar_accepted,2026-06-29T12:00:15Z,0.00,0.00,reported,847363.00,0001193125-26-286871,https://www.sec.gov/Archives/edgar/data/1050446/000119312526286871/0001193125-26-286871-index.htm,[офиц.] SEC 8-K,primary,,59927.20
BitMine (BMNR),BMNR,ETH,purchase,2026-06-29T12:45:29Z,edgar_accepted,2026-06-29T12:45:29Z,27084.00,42494796.00,holdings_delta x px_in_release,5700040.00,0001493152-26-030428,https://www.sec.gov/Archives/edgar/data/1829311/000149315226030428/0001493152-26-030428-index.htm,[офиц.] SEC 8-K EX-99.1,primary,,1574.16
SharpLink (SBET),SBET,ETH,purchase,2026-06-30T12:15:21Z,edgar_accepted,2026-06-30T12:15:21Z,10000.00,16100000.00,reported,886725.00,0001493152-26-031202,https://www.sec.gov/Archives/edgar/data/1981535/000149315226031202/0001493152-26-031202-index.htm,[офиц.] SEC 8-K,primary,,1577.87
Metaplanet (3350.T),MTPLF,BTC,purchase,2026-07-02T07:03:00Z,tracker_occurred_at [3P],,2823.00,170078974.80,coins x Binance close [оценка],,,https://bitcointreasuries.net/public-companies/metaplanet,[3P] bitcointreasuries.net,secondary,"balance_date 2026-07-02; время = запись трекера, не TDnet - проверить",60247.60
Strategy (MSTR),MSTR,BTC,sale,2026-07-06T12:00:15Z,edgar_accepted,2026-07-06T12:00:15Z,-3588.00,-216000000.00,reported,843775.00,0001193125-26-295586,https://www.sec.gov/Archives/edgar/data/1050446/000119312526295586/0001193125-26-295586-index.htm,[офиц.] SEC 8-K,primary,,62461.40
BitMine (BMNR),BMNR,ETH,purchase,2026-07-06T12:45:42Z,edgar_accepted,2026-07-06T12:45:42Z,42197.00,75954600.00,holdings_delta x px_in_release,5742237.00,0001493152-26-032090,https://www.sec.gov/Archives/edgar/data/1829311/000149315226032090/0001493152-26-032090-index.htm,[офиц.] SEC 8-K EX-99.1,primary,,1758.51
Strategy (MSTR),MSTR,BTC,no_purchase,2026-07-13T12:00:14Z,edgar_accepted,2026-07-13T12:00:14Z,0.00,0.00,reported,843775.00,0001193125-26-301483,https://www.sec.gov/Archives/edgar/data/1050446/000119312526301483/0001193125-26-301483-index.htm,[офиц.] SEC 8-K,primary,,62881.30
BitMine (BMNR),BMNR,ETH,purchase,2026-07-13T12:45:24Z,edgar_accepted,2026-07-13T12:45:24Z,27801.00,50597820.00,holdings_delta x px_in_release,5770038.00,0001493152-26-032951,https://www.sec.gov/Archives/edgar/data/1829311/000149315226032951/0001493152-26-032951-index.htm,[офиц.] SEC 8-K EX-99.1,primary,,1779.90
Strategy (MSTR),MSTR,BTC,no_purchase,2026-07-20T12:00:16Z,edgar_accepted,2026-07-20T12:00:16Z,0.00,0.00,reported,843775.00,0001193125-26-308369,https://www.sec.gov/Archives/edgar/data/1050446/000119312526308369/0001193125-26-308369-index.htm,[офиц.] SEC 8-K,primary,,64970.80
BitMine (BMNR),BMNR,ETH,purchase,2026-07-20T12:45:42Z,edgar_accepted,2026-07-20T12:45:42Z,7430.00,13960970.00,holdings_delta x px_in_release,5777468.00,0001493152-26-033855,https://www.sec.gov/Archives/edgar/data/1829311/000149315226033855/0001493152-26-033855-index.htm,[офиц.] SEC 8-K EX-99.1,primary,,1892.43
Strategy (MSTR),MSTR,BTC,no_purchase,2026-07-27T12:00:17Z,edgar_accepted,2026-07-27T12:00:17Z,0.00,0.00,reported,843775.00,0001193125-26-316917,https://www.sec.gov/Archives/edgar/data/1050446/000119312526316917/0001193125-26-316917-index.htm,[офиц.] SEC 8-K,primary,,65073.10
BitMine (BMNR),BMNR,ETH,purchase,2026-07-27T12:45:40Z,edgar_accepted,2026-07-27T12:45:40Z,9946.00,19374808.00,holdings_delta x px_in_release,5787414.00,0001493152-26-034720,https://www.sec.gov/Archives/edgar/data/1829311/000149315226034720/0001493152-26-034720-index.htm,[офиц.] SEC 8-K EX-99.1,primary,,1958.76
Strategy (MSTR),MSTR,BTC,sale,2026-08-03T12:00:16Z,edgar_accepted,2026-08-03T12:00:16Z,-1638.00,-104730000.00,reported,842138.00,0001193125-26-329565,https://www.sec.gov/Archives/edgar/data/1050446/000119312526329565/0001193125-26-329565-index.htm,[офиц.] SEC 8-K,primary,,62534.10
BitMine (BMNR),BMNR,ETH,purchase,2026-08-03T12:45:32Z,edgar_accepted,2026-08-03T12:45:32Z,10399.00,19550120.00,holdings_delta x px_in_release,5797813.00,0001493152-26-035752,https://www.sec.gov/Archives/edgar/data/1829311/000149315226035752/0001493152-26-035752-index.htm,[офиц.] SEC 8-K EX-99.1,primary,,1838.97
Strategy (MSTR),MSTR,BTC,sale,2026-08-10T12:00:15Z,edgar_accepted,2026-08-10T12:00:15Z,-1690.00,-108600000.00,reported,840447.00,0001193125-26-341297,https://www.sec.gov/Archives/edgar/data/1050446/000119312526341297/0001193125-26-341297-index.htm,[офиц.] SEC 8-K,primary,,65097.60
BitMine (BMNR),BMNR,ETH,purchase,2026-08-10T12:45:36Z,edgar_accepted,2026-08-10T12:45:36Z,7425.00,14315400.00,holdings_delta x px_in_release,5805238.00,0001493152-26-036757,https://www.sec.gov/Archives/edgar/data/1829311/000149315226036757/0001493152-26-036757-index.htm,[офиц.] SEC 8-K EX-99.1,primary,,1919.60
Strategy (MSTR),MSTR,BTC,no_purchase,2026-08-17T12:00:16Z,edgar_accepted,2026-08-17T12:00:16Z,0.00,0.00,reported,840447.00,0001193125-26-353240,https://www.sec.gov/Archives/edgar/data/1050446/000119312526353240/0001193125-26-353240-index.htm,[офиц.] SEC 8-K,primary,,63600.00
BitMine (BMNR),BMNR,ETH,purchase,2026-08-17T12:45:39Z,edgar_accepted,2026-08-17T12:45:39Z,9926.00,18789918.00,holdings_delta x px_in_release,5815164.00,0001493152-26-038652,https://www.sec.gov/Archives/edgar/data/1829311/000149315226038652/0001493152-26-038652-index.htm,[офиц.] SEC 8-K EX-99.1,primary,,1903.75
Strategy (MSTR),MSTR,BTC,no_purchase,2026-08-24T12:00:15Z,edgar_accepted,2026-08-24T12:00:15Z,0.00,0.00,reported,840447.00,0001193125-26-361845,https://www.sec.gov/Archives/edgar/data/1050446/000119312526361845/0001193125-26-361845-index.htm,[офиц.] SEC 8-K,primary,,78429.40
BitMine (BMNR),BMNR,ETH,purchase,2026-08-24T12:45:26Z,edgar_accepted,2026-08-24T12:45:26Z,32447.00,79170680.00,holdings_delta x px_in_release,5847611.00,0001493152-26-039789,https://www.sec.gov/Archives/edgar/data/1829311/000149315226039789/0001493152-26-039789-index.htm,[офиц.] SEC 8-K EX-99.1,primary,,2493.52
Strategy (MSTR),MSTR,BTC,purchase,2026-08-31T12:00:15Z,edgar_accepted,2026-08-31T12:00:15Z,4603.00,369700000.00,reported,845050.00,0001193125-26-375463,https://www.sec.gov/Archives/edgar/data/1050446/000119312526375463/0001193125-26-375463-index.htm,[офиц.] SEC 8-K,primary,,78284.70
BitMine (BMNR),BMNR,ETH,purchase,2026-08-31T12:45:28Z,edgar_accepted,2026-08-31T12:45:28Z,53501.00,134341011.00,holdings_delta x px_in_release,5901112.00,0001493152-26-040741,https://www.sec.gov/Archives/edgar/data/1829311/000149315226040741/0001493152-26-040741-index.htm,[офиц.] SEC 8-K EX-99.1,primary,,2445.10
Strategy (MSTR),MSTR,BTC,no_purchase,2026-09-08T12:00:15Z,edgar_accepted,2026-09-08T12:00:15Z,0.00,0.00,reported,845050.00,0001193125-26-384402,https://www.sec.gov/Archives/edgar/data/1050446/000119312526384402/0001193125-26-384402-index.htm,[офиц.] SEC 8-K,primary,,78400.00
BitMine (BMNR),BMNR,ETH,purchase,2026-09-08T12:45:37Z,edgar_accepted,2026-09-08T12:45:37Z,28086.00,70074570.00,holdings_delta x px_in_release,5929198.00,0001493152-26-041713,https://www.sec.gov/Archives/edgar/data/1829311/000149315226041713/0001493152-26-041713-index.htm,[офиц.] SEC 8-K EX-99.1,primary,,2473.35
Strategy (MSTR),MSTR,BTC,no_purchase,2026-09-14T12:00:16Z,edgar_accepted,2026-09-14T12:00:16Z,0.00,0.00,reported,845050.00,0001193125-26-389858,https://www.sec.gov/Archives/edgar/data/1050446/000119312526389858/0001193125-26-389858-index.htm,[офиц.] SEC 8-K,primary,,77745.80
BitMine (BMNR),BMNR,ETH,purchase,2026-09-14T12:45:45Z,edgar_accepted,2026-09-14T12:45:45Z,27180.00,68303340.00,holdings_delta x px_in_release,5956378.00,0001493152-26-042492,https://www.sec.gov/Archives/edgar/data/1829311/000149315226042492/0001493152-26-042492-index.htm,[офиц.] SEC 8-K EX-99.1,primary,,2508.40
Strategy (MSTR),MSTR,BTC,purchase,2026-09-21T12:00:13Z,edgar_accepted,2026-09-21T12:00:13Z,950.00,75700000.00,reported,846000.00,0001193125-26-396093,https://www.sec.gov/Archives/edgar/data/1050446/000119312526396093/0001193125-26-396093-index.htm,[офиц.] SEC 8-K,primary,,84849.90
BitMine (BMNR),BMNR,ETH,purchase,2026-09-21T12:45:15Z,edgar_accepted,2026-09-21T12:45:15Z,27562.00,74086656.00,holdings_delta x px_in_release,5983940.00,0001493152-26-043486,https://www.sec.gov/Archives/edgar/data/1829311/000149315226043486/0001493152-26-043486-index.htm,[офиц.] SEC 8-K EX-99.1,primary,,2724.23
