date,ETHA,FETH,ETHW,ETHV,QETH,EZET,ETHE,ETH,total_usd
2024-07-23,266500000,71300000,204000000,7600000,5500000,13200000,-484100000,15100000,99100000
2024-07-24,17400000,74500000,29600000,19800000,2500000,3900000,-326900000,45900000,-133300000
2024-07-25,70900000,34300000,16300000,8000000,6200000,0,-346200000,58100000,-152400000
2024-07-26,87200000,39300000,16000000,0,0,6200000,-356300000,44900000,-162700000
2024-07-29,58200000,24800000,10400000,10900000,0,2500000,-210000000,4900000,-98300000
2024-07-30,118000000,16400000,3500000,0,0,3700000,-120300000,12400000,33700000
2024-07-31,5000000,18800000,4700000,4800000,0,0,-133300000,19500000,-80500000
2024-08-01,89600000,11700000,3400000,0,0,0,-78000000,0,26700000
2024-08-02,0,6000000,0,0,0,1100000,-61400000,0,-54300000
2024-08-05,47100000,16200000,7200000,16600000,0,900000,-46800000,7600000,48800000
2024-08-06,109900000,22500000,0,0,0,1000000,-39700000,4700000,98400000
2024-08-07,0,4700000,1700000,0,0,1800000,-31900000,0,-23700000
2024-08-08,11700000,-2600000,2800000,0,0,0,-19800000,5000000,-2900000
2024-08-09,19600000,3900000,0,0,0,0,-41700000,2400000,-15800000
2024-08-12,0,4000000,2900000,-2900000,0,1000000,0,0,5000000
2024-08-13,49100000,5400000,0,0,800000,0,-31000000,0,24300000
2024-08-14,16100000,6600000,2700000,0,0,0,-16900000,2300000,10800000
2024-08-15,800000,2500000,0,0,0,0,-42500000,0,-39200000
2024-08-16,10300000,7200000,0,-4800000,0,0,-27700000,0,-15000000
2024-08-19,0,0,1900000,0,0,0,-20300000,4900000,-13500000
2024-08-20,26800000,0,3700000,0,0,0,-37000000,0,-6500000
2024-08-21,0,7900000,0,0,0,1000000,-31100000,4200000,-18000000
2024-08-22,0,14300000,0,1000000,0,0,-19800000,3700000,-800000
2024-08-23,0,700000,1400000,2000000,0,0,-9800000,0,-5700000
2024-08-26,0,-2700000,0,0,0,-1000000,-9500000,0,-13200000
2024-08-27,0,3900000,1900000,0,0,0,-9200000,0,-3400000
2024-08-28,8400000,1300000,0,0,0,0,-3800000,0,5900000
2024-08-29,0,0,0,0,0,0,-5300000,3600000,-1700000
2024-08-30,0,0,0,0,0,0,0,0,0
2024-09-03,0,4900000,0,0,0,0,-52300000,0,-47400000
2024-09-04,0,0,0,0,0,0,-40600000,3100000,-37500000
2024-09-05,0,0,0,0,0,0,-7400000,7200000,-200000
2024-09-06,4700000,0,0,0,0,0,-10700000,0,-6000000
2024-09-09,0,7600000,1800000,0,0,0,-22600000,8000000,-5200000
2024-09-10,4300000,7100000,0,0,0,0,0,0,11400000
2024-09-11,0,1200000,0,-1700000,0,0,0,0,-500000
2024-09-12,0,0,0,0,0,0,-20100000,0,-20100000
2024-09-13,3700000,0,5200000,0,0,0,-7400000,0,1500000
2024-09-16,4200000,0,-2100000,0,0,0,-13800000,2300000,-9400000
2024-09-17,0,0,0,0,0,0,-17900000,2800000,-15100000
2024-09-18,4900000,0,0,0,0,0,-14700000,0,-9800000
2024-09-19,5200000,0,0,0,0,0,0,0,5200000
2024-09-20,0,0,0,0,0,0,0,2900000,2900000
2024-09-23,0,0,1300000,0,0,0,-80600000,0,-79300000
2024-09-24,59300000,0,0,1900000,1300000,0,0,0,62500000
2024-09-25,9400000,6400000,0,0,0,0,0,26600000,42400000
2024-09-26,15300000,15900000,1000000,1000000,2000000,0,-36000000,0,-800000
2024-09-27,11500000,42500000,5400000,2000000,4300000,0,-10700000,2300000,57300000
2024-09-30,11000000,0,0,0,0,0,-11800000,0,-800000
2024-10-01,0,-25000000,-900000,2700000,0,0,-26600000,0,-49800000
2024-10-02,18000000,0,0,0,0,1800000,-5400000,0,14400000
2024-10-03,12100000,-600000,0,0,0,0,-14700000,0,-3200000
2024-10-04,14700000,0,900000,0,0,0,-8200000,0,7400000
2024-10-07,0,0,0,0,0,0,0,0,0
2024-10-08,0,-3600000,-4500000,0,0,0,0,0,-8100000
2024-10-09,0,0,0,0,0,0,0,0,0
2024-10-10,17800000,-3500000,-4200000,0,0,0,0,0,10100000
2024-10-11,0,8600000,0,0,0,0,-8700000,0,-100000
2024-10-14,14300000,1300000,0,0,1000000,0,0,0,16600000
2024-10-15,0,2600000,0,0,0,0,-15300000,0,-12700000
2024-10-16,11900000,8500000,0,3800000,0,0,0,0,24200000
2024-10-17,23600000,31100000,1500000,0,500000,0,-15700000,5100000,46100000
2024-10-18,0,0,1900000,0,0,0,0,0,1900000
2024-10-21,4900000,0,0,3900000,0,0,-29600000,0,-20800000
2024-10-22,11900000,0,0,0,0,0,0,0,11900000
2024-10-23,0,6200000,0,0,1000000,0,-7600000,0,-400000
2024-10-24,2300000,0,0,0,0,0,0,0,2300000
2024-10-25,0,0,0,0,0,0,-19200000,0,-19200000
2024-10-28,2300000,5000000,0,0,0,0,-8400000,0,-1100000
2024-10-29,13600000,0,0,0,0,0,-6000000,0,7600000
2024-10-30,0,5300000,-3600000,0,0,0,0,0,1700000
2024-10-31,49600000,0,0,0,0,0,-36600000,0,13000000
2024-11-01,0,0,0,0,500000,0,-11400000,0,-10900000
2024-11-04,11000000,-31500000,0,0,0,0,-10800000,-31900000,-63200000
2024-11-05,0,0,0,0,0,0,0,0,0
2024-11-06,0,26900000,0,0,0,0,0,25400000,52300000
2024-11-07,23700000,28900000,6600000,12700000,2300000,0,0,5500000,79700000
2024-11-08,59800000,18400000,3400000,4300000,0,0,0,0,85900000
2024-11-11,101100000,115500000,15600000,0,0,0,0,63300000,295500000
2024-11-12,131400000,0,17000000,6000000,0,0,-33200000,12700000,133900000
2024-11-13,35600000,101700000,13000000,0,0,0,-5600000,2200000,146900000
2024-11-14,18900000,0,0,-1100000,900000,0,-21900000,0,-3200000
2024-11-15,0,-18400000,0,-1100000,0,0,-40300000,0,-59800000
2024-11-18,-23900000,3200000,0,0,0,0,-13300000,-5100000,-39100000
2024-11-19,-14200000,-46700000,0,0,0,0,-20400000,0,-81300000
2024-11-20,16700000,-30700000,0,0,0,0,-16300000,0,-30300000
2024-11-21,0,16800000,2900000,2500000,0,0,-27100000,-4100000,-9000000
2024-11-22,99700000,5800000,5000000,0,0,0,-18600000,-600000,91300000
2024-11-25,0,4400000,8700000,2600000,0,0,-7600000,-4000000,4100000
2024-11-26,50100000,-1700000,0,0,-1200000,0,-20100000,16300000,43400000
2024-11-27,0,38000000,1600000,13200000,0,0,0,37300000,90100000
2024-11-29,250400000,79100000,0,0,0,0,0,3400000,332900000
2024-12-02,55900000,19900000,0,0,-7200000,0,-44400000,0,24200000
2024-12-03,65300000,73700000,0,0,0,0,-6400000,0,132600000
2024-12-04,124400000,40700000,0,0,0,0,-6200000,8800000,167700000
2024-12-05,292700000,113600000,6600000,0,0,0,-15100000,30700000,428500000
2024-12-06,34600000,47900000,13400000,1500000,0,0,-29600000,22900000,90700000
2024-12-09,155400000,30100000,-13000000,0,0,0,-27400000,8800000,153900000
2024-12-10,81700000,202200000,0,0,0,0,-4000000,25800000,305700000
2024-12-11,74200000,0,8200000,5600000,0,2900000,-2300000,13400000,102000000
2024-12-12,202300000,19400000,0,0,0,0,-22800000,73200000,272100000
2024-12-13,9500000,6900000,0,0,0,0,7200000,0,23600000
2024-12-16,30700000,4100000,8700000,0,0,0,0,7600000,51100000
2024-12-17,134800000,3900000,0,0,0,1500000,0,4500000,144700000
2024-12-18,81900000,0,-14600000,0,0,0,-49200000,-15600000,2500000
2024-12-19,0,5100000,-6800000,4900000,-2400000,0,-58100000,-3200000,-60500000
2024-12-20,-103700000,13000000,0,0,0,0,7500000,8100000,-75100000
2024-12-23,89500000,46400000,1000000,0,0,0,0,-6100000,130800000
2024-12-24,43900000,3500000,6200000,0,0,0,0,0,53600000
2024-12-26,28200000,83000000,0,0,0,0,0,6000000,117200000
2024-12-27,20200000,27500000,0,0,0,0,0,0,47700000
2024-12-30,0,-20400000,0,0,0,-3900000,-17400000,-13800000,-55500000
2024-12-31,0,31800000,0,0,0,0,-5600000,9800000,36000000
2025-01-02,0,0,-56100000,0,0,0,-21400000,0,-77500000
2025-01-03,33900000,27100000,0,0,0,0,-7200000,5100000,58900000
2025-01-06,124100000,4600000,0,0,0,0,0,0,128700000
2025-01-07,0,-67600000,0,0,0,0,-8000000,-11200000,-86800000
2025-01-08,0,-147700000,0,0,0,0,-8300000,-3400000,-159400000
2025-01-10,0,-65400000,-3100000,0,0,0,0,0,-68500000
2025-01-13,12900000,0,0,0,0,0,-14500000,-37800000,-39400000
2025-01-14,0,0,1200000,0,0,0,0,0,1200000
2025-01-15,19800000,29300000,0,2500000,0,0,0,8100000,59700000
2025-01-16,111200000,70000000,0,0,0,0,-18700000,4100000,166600000
2025-01-17,7400000,14000000,2500000,0,0,0,0,0,23900000
2025-01-21,56300000,3300000,3100000,3600000,0,0,-4400000,12500000,74400000
2025-01-22,79100000,9000000,0,0,0,0,-17400000,0,70700000
2025-01-23,0,7300000,-3000000,0,0,0,-22300000,3100000,-14900000
2025-01-24,0,0,6000000,0,2000000,0,0,0,8000000
2025-01-27,20700000,-68500000,-4200000,0,0,0,-84200000,0,-136200000
2025-01-28,0,0,0,0,0,0,0,0,0
2025-01-29,9500000,5500000,-4000000,0,0,0,-15700000,0,-4700000
2025-01-30,79900000,15400000,0,0,0,0,-40300000,12800000,67800000
2025-01-31,57300000,0,0,2400000,0,0,-31900000,0,27800000
2025-02-03,0,49700000,0,0,0,0,15900000,12800000,78400000
2025-02-04,276200000,27500000,4100000,0,0,0,0,0,307800000
2025-02-05,0,20100000,0,0,0,0,-7200000,5200000,18100000
2025-02-06,10700000,0,0,0,0,0,0,0,10700000
2025-02-07,0,0,0,0,0,0,0,0,0
2025-02-10,0,0,0,0,0,0,-22500000,0,-22500000
2025-02-11,12600000,0,0,0,0,0,0,0,12600000
2025-02-12,0,-10700000,0,0,0,0,-30200000,0,-40900000
2025-02-13,12000000,4600000,0,0,0,0,-3800000,0,12800000
2025-02-14,0,11700000,0,0,0,0,0,0,11700000
2025-02-18,0,4600000,0,0,0,0,0,0,4600000
2025-02-19,0,24500000,0,0,0,0,-5500000,0,19000000
2025-02-20,0,-2800000,0,0,0,0,-10300000,0,-13100000
2025-02-21,0,0,-8900000,0,0,0,0,0,-8900000
2025-02-24,-48200000,0,-9700000,0,0,0,-15400000,-4700000,-78000000
2025-02-25,0,-12500000,-8200000,0,0,0,-27100000,-2300000,-50100000
2025-02-26,-69800000,-18400000,-2800000,0,0,0,-3300000,0,-94300000
2025-02-27,-26100000,-25500000,0,0,0,0,-19600000,0,-71200000
2025-02-28,-30200000,0,0,0,0,0,-11700000,0,-41900000
2025-03-03,-16100000,0,4000000,0,0,0,0,0,-12100000
2025-03-04,-26300000,21700000,0,0,0,0,10700000,8500000,14600000
2025-03-05,0,0,0,0,0,0,-63300000,0,-63300000
2025-03-06,-10000000,0,0,0,0,0,0,0,-10000000
2025-03-07,-11200000,-11900000,0,0,0,0,0,0,-23100000
2025-03-10,0,-23700000,-1600000,0,0,0,-4800000,-3900000,-34000000
2025-03-11,-11800000,-9800000,0,0,0,0,0,0,-21600000
2025-03-12,0,-3700000,0,0,0,-1400000,0,-3500000,-8600000
2025-03-13,-15100000,-12500000,0,1400000,0,0,-41700000,-5200000,-73100000
2025-03-14,-36400000,-11600000,0,0,1100000,0,0,0,-46900000
2025-03-17,0,0,0,0,0,0,-7300000,0,-7300000
2025-03-18,-40200000,-3300000,0,0,0,0,0,-9300000,-52800000
2025-03-19,-12900000,-2000000,0,0,0,0,10200000,-7700000,-12400000
2025-03-20,-9000000,-3500000,0,0,0,0,0,0,-12500000
2025-03-21,-11900000,0,0,0,0,0,0,-6700000,-18600000
2025-03-24,0,0,0,0,0,0,0,0,0
2025-03-25,0,0,0,0,-1500000,0,0,-1800000,-3300000
2025-03-26,0,-1000000,0,0,0,0,0,-4900000,-5900000
2025-03-27,0,-2000000,0,-2200000,0,0,0,0,-4200000
2025-03-28,0,0,0,0,0,0,4700000,0,4700000
2025-03-31,0,6400000,0,0,0,0,0,0,6400000
2025-04-01,0,0,-2600000,0,0,0,0,-2700000,-5300000
2025-04-02,-20200000,0,0,0,0,0,-31100000,0,-51300000
2025-04-03,0,0,-3600000,0,0,0,0,0,-3600000
2025-04-04,0,0,0,0,0,2100000,0,0,2100000
2025-04-07,0,0,0,0,0,0,0,0,0
2025-04-08,0,-3300000,0,0,0,0,0,0,-3300000
2025-04-09,-5500000,-5700000,0,0,0,0,0,0,-11200000
2025-04-10,6400000,-36000000,-2500000,-4400000,0,0,-2300000,0,-38800000
2025-04-11,0,0,-3100000,0,0,0,-26100000,0,-29200000
2025-04-14,0,-7800000,0,0,0,0,0,0,-7800000
2025-04-15,0,-3600000,0,0,0,0,-10600000,0,-14200000
2025-04-16,-4300000,0,0,0,0,-1800000,-8200000,2200000,-12100000
2025-04-17,0,0,0,0,0,0,0,0,0
2025-04-21,0,0,0,0,0,0,-25400000,0,-25400000
2025-04-22,0,32700000,6100000,0,0,0,0,0,38800000
2025-04-23,-30300000,0,0,0,0,0,0,6400000,-23900000
2025-04-24,40000000,0,5100000,2600000,0,0,-6600000,18300000,59400000
2025-04-25,54400000,35900000,1800000,0,1800000,0,0,10200000,104100000
2025-04-28,67500000,0,-3400000,0,0,0,0,0,64100000
2025-04-29,0,25500000,0,0,0,0,-7100000,0,18400000
2025-04-30,0,5800000,-1000000,0,0,0,-7100000,0,-2300000
2025-05-01,0,6500000,0,0,0,0,-12000000,12000000,6500000
2025-05-02,20100000,0,0,0,0,0,0,0,20100000
2025-05-05,0,0,0,0,0,0,0,0,0
2025-05-06,0,-17900000,0,0,0,0,0,0,-17900000
2025-05-07,-21800000,0,0,0,0,0,0,0,-21800000
2025-05-08,0,-19300000,0,0,0,0,0,3200000,-16100000
2025-05-09,17600000,0,0,0,0,0,0,0,17600000
2025-05-12,0,-8000000,0,0,0,0,-9600000,0,-17600000
2025-05-13,0,0,0,3000000,0,3100000,0,7400000,13500000
2025-05-14,57600000,5900000,0,0,0,0,0,0,63500000
2025-05-15,8400000,-31600000,0,0,0,0,-16600000,0,-39800000
2025-05-16,0,13600000,0,0,0,0,0,8600000,22200000
2025-05-19,13700000,0,0,0,0,0,0,0,13700000
2025-05-20,45000000,19800000,0,0,0,0,0,0,64800000
2025-05-21,24900000,-24300000,0,0,0,0,0,0,600000
2025-05-22,0,42200000,5700000,0,0,0,43700000,18900000,110500000
2025-05-23,52800000,0,0,0,0,0,0,5800000,58600000
2025-05-27,32500000,3400000,0,2900000,0,0,0,0,38800000
2025-05-28,52700000,25700000,0,0,1600000,0,0,4900000,84900000
2025-05-29,50400000,38300000,4600000,0,0,0,-4600000,3200000,91900000
2025-05-30,70200000,0,0,0,0,0,0,0,70200000
2025-06-02,48400000,29800000,0,0,0,0,0,0,78200000
2025-06-03,77100000,21000000,0,0,0,3000000,0,8400000,109500000
2025-06-04,73200000,-23600000,0,0,0,0,0,7400000,57000000
2025-06-05,34700000,-23400000,0,0,0,0,0,0,11300000
2025-06-06,15900000,0,0,0,0,0,0,9400000,25300000
2025-06-09,35200000,12900000,0,0,0,0,0,4600000,52700000
2025-06-10,80600000,26300000,8400000,0,0,0,0,9700000,125000000
2025-06-11,163600000,37300000,6500000,0,0,0,13300000,19600000,240300000
2025-06-12,101500000,10800000,0,0,0,0,0,0,112300000
2025-06-13,0,-8800000,0,0,0,0,0,6700000,-2100000
2025-06-16,16100000,5300000,0,0,0,0,0,0,21400000
2025-06-17,36700000,-20200000,3600000,0,0,0,-9000000,0,11100000
2025-06-18,15100000,0,0,0,0,0,0,4000000,19100000
2025-06-20,-19700000,0,0,1800000,0,0,0,6600000,-11300000
2025-06-23,25800000,60500000,0,0,0,0,9000000,5400000,100700000
2025-06-24,98000000,-26700000,0,0,0,0,0,0,71300000
2025-06-25,55200000,0,5200000,0,0,0,0,0,60400000
2025-06-26,5900000,4900000,2600000,0,0,0,-27400000,-12400000,-26400000
2025-06-27,48100000,28900000,0,0,0,0,0,0,77000000
2025-06-30,6100000,25700000,0,0,0,0,0,0,31800000
2025-07-01,54800000,-24100000,0,0,0,0,10000000,0,40700000
2025-07-02,-46900000,25800000,8300000,2800000,0,0,0,8100000,-1900000
2025-07-03,85400000,64600000,0,0,0,0,-5400000,3900000,148500000
2025-07-07,53200000,8900000,0,0,0,0,0,0,62100000
2025-07-08,25300000,-700000,4900000,0,0,0,7800000,9400000,46700000
2025-07-09,158600000,29500000,0,0,0,5200000,0,18000000,211300000
2025-07-10,300900000,37300000,3200000,2100000,0,0,18900000,20700000,383100000
2025-07-11,137100000,12000000,8600000,6600000,0,0,10000000,25500000,199800000
2025-07-14,151400000,31400000,11200000,6600000,0,5700000,8900000,43800000,259000000
2025-07-15,171500000,12200000,0,0,0,0,0,8600000,192300000
2025-07-16,499200000,113300000,14400000,3700000,3700000,5100000,33000000,54200000,726600000
2025-07-17,546700000,17200000,4400000,0,0,0,0,29900000,598200000
2025-07-18,394900000,-45400000,13000000,2600000,0,0,-27900000,65300000,402500000
2025-07-21,102000000,126900000,13100000,0,0,0,0,54900000,296900000
2025-07-22,426200000,35000000,0,0,0,0,0,72600000,533800000
2025-07-23,324600000,3600000,0,4000000,0,0,0,0,332200000
2025-07-24,0,210100000,11500000,0,0,2800000,-18500000,25300000,231200000
2025-07-25,440100000,7300000,10000000,0,0,0,-23500000,18900000,452800000
2025-07-28,132000000,-49200000,0,0,0,0,-17600000,0,65200000
2025-07-29,223700000,0,0,0,0,0,0,0,223700000
2025-07-30,20300000,-22300000,0,0,0,0,7800000,0,5800000
2025-07-31,18200000,5600000,0,0,0,0,-6800000,0,17000000
2025-08-01,0,-6200000,-40300000,-5200000,-8400000,-5400000,-37200000,-47700000,-150400000
2025-08-04,-375000000,-55100000,0,0,0,0,-7000000,-28000000,-465100000
2025-08-05,88800000,0,0,5200000,0,0,-10900000,-13400000,69700000
2025-08-06,33400000,0,0,0,0,0,10000000,-8700000,34700000
2025-08-07,103500000,31800000,24800000,7000000,3900000,5800000,10900000,34600000,222300000
2025-08-08,254700000,132300000,7800000,0,1200000,0,26800000,38200000,461000000
2025-08-11,639800000,276900000,4300000,9400000,0,4900000,13000000,66600000,1014900000
2025-08-12,318700000,144900000,0,4900000,0,0,9300000,44300000,522100000
2025-08-13,500900000,154700000,10800000,0,0,3600000,7800000,51300000,729100000
2025-08-14,519700000,56900000,0,0,2300000,0,0,60700000,639600000
2025-08-15,338100000,-272200000,-15800000,0,0,0,-101700000,-3300000,-54900000
2025-08-18,-87200000,-78400000,-900000,-4800000,0,-6600000,-18700000,0,-196600000
2025-08-19,-6300000,-156300000,-39800000,-3000000,0,-6300000,-122000000,-88500000,-422200000
2025-08-20,-257800000,8600000,0,0,0,0,0,9000000,-240200000
2025-08-21,233600000,28500000,7000000,6200000,0,0,5900000,6400000,287600000
2025-08-22,109400000,117900000,36300000,0,0,5500000,45900000,22700000,337700000
2025-08-25,314900000,87400000,9700000,0,2200000,0,-29200000,53300000,438300000
2025-08-26,323100000,85500000,0,0,0,0,5300000,41100000,455000000
2025-08-27,262600000,20500000,0,3300000,0,0,5700000,15100000,307200000
2025-08-28,67600000,-33500000,-1300000,0,0,0,0,6300000,39100000
2025-08-29,0,-51000000,-23700000,0,0,0,-28600000,-61300000,-164600000
2025-09-02,0,-99200000,-24200000,0,0,0,-5300000,0,-128700000
2025-09-03,-151400000,65800000,20800000,0,0,0,0,26600000,-38200000
2025-09-04,148800000,-216700000,-45700000,-17200000,-2100000,-1600000,-26400000,-6400000,-167300000
2025-09-05,-309900000,-37800000,0,0,0,0,-51800000,-32600000,-432100000
2025-09-08,-192700000,75200000,0,0,0,0,9500000,11300000,-96700000
2025-09-09,44200000,0,0,0,0,0,0,0,44200000
2025-09-10,74500000,49500000,8400000,11100000,4300000,0,8900000,7700000,164400000
2025-09-11,-17400000,88300000,19600000,0,0,3400000,14600000,4600000,113100000
2025-09-12,165600000,168200000,16600000,6800000,0,0,23800000,17600000,398600000
2025-09-15,363200000,-13500000,0,0,0,0,10000000,0,359700000
2025-09-16,-20300000,-48100000,6700000,0,0,0,0,0,-61700000
2025-09-17,25900000,-29200000,-9700000,0,2700000,0,0,6400000,-3900000
2025-09-18,0,159400000,17500000,0,0,3500000,9800000,22900000,213100000
2025-09-19,144300000,-53400000,-7000000,-8200000,-4400000,0,-6200000,-11300000,53800000
2025-09-22,-15100000,-33100000,-22300000,0,0,0,0,-5500000,-76000000
2025-09-23,0,-63400000,-23900000,0,0,0,-17100000,-36400000,-140800000
2025-09-24,-26500000,-33300000,-4500000,0,0,0,-8900000,0,-73200000
2025-09-25,0,-158100000,-27600000,-1400000,-2300000,-3000000,-30300000,-26100000,-248800000
2025-09-26,-199900000,-74400000,0,0,0,0,17900000,0,-256400000
2025-09-29,154200000,202200000,36500000,15300000,6700000,6300000,22800000,99800000,543800000
2025-09-30,127500000,0,0,0,0,0,0,0,127500000
2025-10-01,26200000,36800000,0,0,0,0,3600000,14300000,80900000
2025-10-02,177100000,60700000,46500000,3300000,0,0,4100000,12700000,304400000
2025-10-03,206700000,5600000,0,3300000,0,0,0,17900000,233500000
2025-10-06,92600000,23500000,27000000,5200000,0,0,14800000,18700000,181800000
2025-10-07,437500000,-25700000,0,0,0,0,0,5500000,417300000
2025-10-08,148900000,-63100000,0,0,0,0,-16700000,0,69100000
2025-10-09,39300000,-30300000,-8100000,-4800000,-2200000,0,0,0,-6100000
2025-10-10,-80200000,-30100000,-21600000,0,0,0,-30600000,-12400000,-174900000
2025-10-13,-310100000,-19100000,-12800000,-9300000,0,-6500000,-21000000,-49700000,-428500000
2025-10-14,0,154600000,13300000,10500000,0,7800000,15200000,34800000,236200000
2025-10-15,164300000,1000000,12300000,0,0,0,0,0,177600000
2025-10-16,46900000,-11600000,-15800000,0,0,-2900000,-69000000,-4400000,-56800000
2025-10-17,-146100000,-30600000,-20600000,-4200000,0,0,-26100000,-4700000,-232300000
2025-10-20,-117900000,-27800000,0,0,0,0,0,0,-145700000
2025-10-21,42500000,59100000,0,4400000,0,0,13100000,22600000,141700000
2025-10-22,110700000,-49500000,0,0,0,0,-33500000,-46600000,-18900000
2025-10-23,-23400000,-77000000,-8800000,-5600000,0,0,-5700000,-6900000,-127400000
2025-10-24,-101000000,0,0,0,0,0,0,7400000,-93600000
2025-10-27,72500000,11500000,22600000,4600000,0,0,6900000,15800000,133900000
2025-10-28,76400000,99300000,0,0,0,0,-2700000,73000000,246000000
2025-10-29,21400000,-69500000,0,-4300000,0,0,-12800000,-16200000,-81400000
2025-10-30,-118000000,-18500000,-31100000,-2700000,-2000000,-4200000,0,-4500000,-181000000
2025-10-31,-38600000,-27100000,-6700000,0,0,0,-13700000,-12100000,-98200000
2025-11-03,-81700000,-25100000,-6200000,-2600000,0,0,-15000000,-5100000,-135700000
2025-11-04,-111100000,-19900000,0,0,0,0,-19800000,-68600000,-219400000
2025-11-05,-146600000,3500000,0,0,0,0,0,24100000,-119000000
2025-11-06,8000000,4900000,3100000,0,0,0,-3500000,0,12500000
2025-11-07,34400000,-72200000,0,0,2600000,0,0,-11400000,-46600000
2025-11-10,0,0,0,0,0,0,0,0,0
2025-11-11,-19800000,-3400000,-4400000,-3800000,0,0,0,-75700000,-107100000
2025-11-12,-91000000,-19600000,0,0,0,0,-49300000,-23800000,-183700000
2025-11-13,-137300000,-14200000,0,0,-4400000,0,-67900000,-35800000,-259600000
2025-11-14,-173300000,0,0,0,0,0,-4600000,0,-177900000
2025-11-17,-193000000,-3000000,0,0,0,0,2500000,10800000,-182700000
2025-11-18,-165100000,0,19100000,4600000,0,4800000,0,62400000,-74200000
2025-11-19,-24600000,0,0,0,2900000,0,-15700000,0,-37400000
2025-11-20,-122600000,-90500000,-11200000,-18700000,0,0,-18600000,0,-261600000
2025-11-21,-53700000,95400000,6300000,0,0,0,0,7700000,55700000
2025-11-24,92600000,-2200000,-4300000,0,0,0,0,9800000,95900000
2025-11-25,46100000,47500000,0,0,0,0,-23300000,8300000,78600000
2025-11-26,50200000,0,4300000,0,0,0,0,6300000,60800000
2025-11-28,68300000,0,0,0,0,0,8300000,0,76600000
2025-12-01,26700000,-31600000,0,-4000000,0,0,-49800000,-20300000,-79000000
2025-12-02,-88700000,50700000,0,0,0,0,0,28100000,-9900000
2025-12-03,53000000,34400000,4500000,0,0,0,27600000,20700000,140200000
2025-12-04,28400000,-17900000,0,0,0,0,-31000000,-21000000,-41500000
2025-12-05,-75200000,0,0,0,0,0,0,0,-75200000
2025-12-08,23700000,0,0,0,0,0,0,11800000,35500000
2025-12-09,35300000,51500000,17900000,14600000,0,0,11500000,45200000,176000000
2025-12-10,56500000,-6800000,0,0,0,0,0,7900000,57600000
2025-12-11,0,-3200000,0,0,0,0,-31200000,-10000000,-44400000
2025-12-12,23200000,-6100000,0,0,0,0,-14400000,-22100000,-19400000
2025-12-15,-139100000,-11000000,-13000000,-6400000,0,0,-35100000,-20200000,-224800000
2025-12-16,-221300000,-2900000,0,0,0,0,0,0,-224200000
2025-12-17,-19600000,-2800000,0,0,0,0,0,0,-22400000
2025-12-18,-102200000,0,0,0,0,0,2700000,2900000,-96600000
2025-12-19,-75900000,0,0,0,0,0,0,0,-75900000
2025-12-22,0,0,0,0,0,0,53700000,30900000,84600000
2025-12-23,-25000000,0,-14000000,0,0,-5600000,-50900000,0,-95500000
2025-12-24,-22300000,0,0,0,0,0,-33800000,3300000,-52800000
2025-12-26,-22100000,0,0,0,0,0,-16600000,0,-38700000
2025-12-29,-13300000,3700000,0,0,0,0,0,0,-9600000
2025-12-30,0,3700000,0,0,0,0,50200000,14000000,67900000
2025-12-31,-21500000,-2200000,0,-14100000,0,-2200000,0,-32000000,-72000000
2026-01-02,47200000,0,19000000,4600000,0,0,53700000,50000000,174500000
2026-01-05,102900000,21800000,19700000,0,0,0,1300000,22300000,168000000
2026-01-06,198800000,-1600000,1400000,0,0,0,-53000000,-32500000,113100000
2026-01-07,-6600000,-13300000,-11200000,-4600000,0,2400000,-52100000,-13000000,-98400000
2026-01-08,-107700000,-4600000,0,-2300000,0,0,-31700000,-12900000,-159200000
2026-01-09,-83800000,0,0,0,0,0,-10000000,0,-93800000
2026-01-12,-79900000,0,0,0,0,0,50700000,29300000,100000
2026-01-13,53300000,14400000,23000000,0,0,0,3900000,35400000,130000000
2026-01-14,81600000,5900000,8000000,3700000,0,0,32400000,43500000,175100000
2026-01-15,149200000,0,0,0,0,0,0,15200000,164400000
2026-01-16,14900000,0,0,0,0,0,-10200000,0,4700000
2026-01-20,-92300000,-51500000,-31100000,-5500000,0,0,-38500000,-11100000,-230000000
2026-01-21,-250300000,-30900000,0,-4400000,0,0,-11400000,10000000,-287000000
2026-01-22,-44400000,0,-15200000,0,0,0,7900000,9700000,-42000000
2026-01-23,-44500000,4400000,0,0,0,0,-10800000,9200000,-41700000
2026-01-26,-20200000,137200000,0,0,0,0,0,0,117000000
2026-01-27,-59000000,0,0,0,0,0,-14600000,10000000,-63600000
2026-01-28,27300000,800000,0,0,0,0,0,0,28100000
2026-01-29,-54900000,-59200000,-2000000,0,0,0,-13100000,-26500000,-155700000
2026-01-30,-157200000,-95700000,0,0,0,0,0,0,-252900000
2026-02-02,-82100000,66600000,5000000,7600000,0,0,0,0,-2900000
2026-02-03,42900000,-54800000,0,-2500000,1100000,0,8200000,19100000,14000000
2026-02-04,-58900000,-20500000,0,0,0,0,0,0,-79400000
2026-02-05,-8500000,-55800000,0,0,3500000,0,-27100000,7100000,-80800000
2026-02-06,-45400000,4600000,11800000,3000000,2500000,0,0,6800000,-16700000
2026-02-09,-45000000,67300000,-9900000,0,0,0,0,44600000,57000000
2026-02-10,0,500000,0,0,0,0,0,13300000,13800000
2026-02-11,-29400000,-67100000,-16700000,0,0,0,-11500000,-4400000,-129100000
2026-02-12,-29000000,-43500000,-6200000,0,0,0,-13400000,-18100000,-110200000
2026-02-13,-9300000,2000000,0,3000000,0,0,0,14500000,10200000
2026-02-17,22900000,14400000,0,0,0,0,0,11300000,48600000
2026-02-18,-29900000,-8200000,0,0,-3700000,0,0,0,-41800000
2026-02-19,-96800000,-11600000,-3300000,0,0,0,0,-18400000,-130100000
2026-02-20,1800000,-2500000,0,0,0,0,0,0,-700000
2026-02-23,-45400000,-1400000,0,-2700000,0,0,0,0,-49500000
2026-02-24,0,-1900000,0,0,0,0,0,11100000,9200000
2026-02-25,31300000,61900000,1500000,3000000,0,0,33900000,25600000,157200000
2026-02-26,15300000,-19200000,0,0,-2200000,0,6600000,-1500000,-1000000
2026-02-27,-43000000,0,0,0,0,0,0,0,-43000000
2026-03-02,26500000,1000000,2200000,0,0,0,4200000,4800000,38700000
2026-03-03,41900000,-66700000,0,0,0,0,-4700000,18700000,-10800000
2026-03-04,39300000,30300000,8900000,9500000,0,0,21900000,59500000,169400000
2026-03-05,30300000,-115000000,-3600000,-3800000,2700000,0,-3400000,7100000,-85700000
2026-03-06,-4800000,-67600000,0,-2900000,0,0,-1600000,-6000000,-82900000
2026-03-09,-55100000,16200000,0,0,0,0,-13400000,0,-52300000
2026-03-10,0,10700000,0,0,0,0,0,1900000,12600000
2026-03-11,18800000,19100000,0,0,0,0,0,19100000,57000000
2026-03-12,18700000,52000000,900000,0,0,800000,0,0,72400000
2026-03-13,32400000,-7900000,0,0,0,0,0,0,24500000
2026-03-16,-16200000,34900000,0,0,0,0,-15200000,0,3500000
2026-03-17,81700000,-35500000,0,0,0,0,9400000,15400000,71000000
2026-03-18,-1300000,-37100000,-4700000,-4800000,0,0,-8900000,0,-56800000
2026-03-19,-102300000,-11800000,-5800000,-7100000,-3400000,0,0,-8500000,-138900000
2026-03-20,-31500000,-12200000,0,0,0,-800000,-2300000,0,-46800000
2026-03-23,-15700000,-1600000,0,0,0,0,0,0,-17300000
2026-03-24,-25000000,-5800000,-1500000,0,0,0,-1700000,-10000000,-44000000
2026-03-25,-33400000,23800000,0,0,0,0,0,0,-9600000
2026-03-26,-140200000,-24000000,-5100000,0,0,0,-13800000,-6200000,-189300000
2026-03-27,-70800000,-8900000,0,0,0,0,0,-8700000,-88400000
2026-03-30,-9800000,10600000,0,0,0,0,0,0,800000
2026-03-31,24700000,1600000,1200000,0,0,0,0,0,27500000
2026-04-01,-32300000,-11700000,4300000,0,0,0,17400000,6500000,-15800000
2026-04-02,-46700000,-7700000,0,0,0,0,-16800000,0,-71200000
2026-04-06,60800000,40100000,0,0,0,0,2800000,14400000,118100000
2026-04-07,-16500000,-48200000,0,0,0,0,0,0,-64700000
2026-04-08,-20600000,-32400000,0,0,0,0,-6100000,-5700000,-64800000
2026-04-09,90900000,-21000000,0,0,0,-1700000,-900000,9700000,77000000
2026-04-10,53700000,-600000,0,0,0,0,0,0,53100000
2026-04-13,-4100000,3900000,0,0,0,0,0,5200000,5000000
2026-04-14,10500000,38100000,0,0,0,0,0,3300000,51900000
2026-04-15,31500000,0,0,0,0,1800000,0,24800000,58100000
2026-04-16,30500000,0,-2500000,0,0,0,-16700000,6700000,18000000
2026-04-17,30800000,84100000,1900000,0,0,0,0,5800000,122600000
2026-04-20,76100000,-1200000,0,0,1200000,0,-17100000,-4400000,54600000
2026-04-21,37000000,-2900000,2000000,0,0,0,-12100000,3900000,27900000
2026-04-22,53600000,40600000,0,0,0,0,-9200000,11400000,96400000
2026-04-23,-21000000,-51300000,-3300000,0,0,0,-10900000,19800000,-66700000
2026-04-24,-7700000,-1200000,0,0,0,0,0,0,-8900000
2026-04-27,-13800000,-48400000,0,0,0,0,0,0,-62200000
2026-04-28,-13200000,-1700000,0,0,0,0,-6900000,0,-21800000
2026-04-29,-37100000,-48400000,0,0,0,0,0,0,-85500000
2026-04-30,-50600000,-1100000,-3600000,0,0,0,-2200000,4700000,-52800000
2026-05-01,43200000,49400000,1300000,0,0,0,0,0,93900000
2026-05-04,54800000,6500000,0,0,0,0,0,0,61300000
2026-05-05,69500000,24200000,0,0,0,0,0,0,93700000
2026-05-06,2100000,-600000,0,0,0,0,0,10000000,11500000
2026-05-07,-26300000,-62300000,0,0,0,0,-8400000,-3700000,-100700000
2026-05-08,0,0,0,0,0,0,0,0,0
2026-05-11,2100000,-4700000,0,0,0,0,-7600000,-5600000,-15800000
2026-05-12,-102000000,-37000000,0,-3300000,0,0,0,0,-142300000
2026-05-13,-21100000,-14000000,0,0,0,0,0,0,-35100000
2026-05-14,-13200000,6900000,0,3400000,0,900000,0,0,-2000000
2026-05-15,-50400000,-11100000,0,0,0,0,0,-4200000,-65700000
2026-05-18,-55400000,-14700000,0,0,0,0,-4000000,-10100000,-84200000
2026-05-19,-59400000,-3700000,800000,0,0,0,0,0,-62300000
2026-05-20,-30900000,-1600000,0,0,0,0,0,0,-32500000
2026-05-21,-38000000,0,2100000,0,0,0,0,0,-35900000
2026-05-22,-5600000,-1000000,0,0,0,0,0,0,-6600000
2026-05-26,-1900000,-17000000,0,0,0,0,-7900000,-8300000,-35100000
2026-05-27,-65100000,-2000000,0,0,0,0,0,0,-67100000
2026-05-28,-80400000,-15100000,0,0,0,0,-21400000,-7600000,-124500000
2026-05-29,-40700000,10500000,1400000,0,0,0,0,0,-28800000
2026-06-01,-35000000,-9500000,0,0,0,0,0,0,-44500000
2026-06-02,-44300000,-15600000,0,0,0,0,-3900000,-25400000,-89200000
2026-06-03,-51600000,-1400000,0,0,0,0,0,0,-53000000
2026-06-04,19300000,0,0,0,0,0,0,0,19300000
2026-06-05,-13200000,0,0,0,0,0,3200000,0,-10000000
2026-06-08,17800000,28600000,3000000,-3700000,500000,0,0,8000000,54200000
2026-06-09,-8500000,0,0,0,0,0,-17400000,-15000000,-40900000
2026-06-10,-20600000,-16600000,0,0,0,0,0,0,-37200000
2026-06-11,8600000,-20500000,0,0,0,0,0,-4000000,-15900000
2026-06-12,-4500000,-400000,0,0,0,0,0,0,-4900000
2026-06-15,17600000,0,0,0,0,0,1800000,3100000,22500000
2026-06-16,17300000,-2200000,-3500000,0,0,0,0,-2000000,9600000
2026-06-17,-9000000,-4300000,-500000,-600000,0,0,-2200000,-9900000,-26500000
2026-06-18,-12800000,0,0,0,0,0,0,0,-12800000
2026-06-22,-66400000,0,0,0,0,0,0,0,-66400000
2026-06-23,-86100000,15700000,0,0,0,0,0,-10300000,-80700000
2026-06-24,-8100000,-15700000,0,0,0,0,0,-6500000,-30300000
2026-06-25,-63000000,-3500000,600000,0,0,0,-8100000,-5500000,-79500000
2026-06-26,-12800000,0,0,0,0,0,0,0,-12800000
2026-06-29,5900000,5300000,0,0,0,0,2100000,-5700000,7600000
2026-06-30,-27600000,0,0,0,0,0,0,0,-27600000
2026-07-01,36600000,-1600000,0,0,0,0,0,-18500000,16500000
2026-07-02,29700000,800000,0,1200000,0,0,-2700000,0,29000000
2026-07-06,23300000,0,0,-2600000,0,0,0,0,20700000
2026-07-07,26900000,0,0,0,0,0,0,0,26900000
2026-07-08,0,69200000,0,1300000,0,0,0,0,70500000
2026-07-09,-12700000,-34000000,-2800000,0,0,0,0,0,-49500000
2026-07-10,16200000,2200000,0,0,0,0,0,0,18400000
2026-07-13,0,-15400000,0,0,0,0,0,0,-15400000
2026-07-14,58300000,0,0,0,0,0,0,0,58300000
2026-07-15,45300000,0,0,0,0,0,0,4600000,49900000
2026-07-16,0,-11200000,2300000,0,0,0,-4800000,-14300000,-28000000
2026-07-17,31700000,5000000,0,0,0,0,0,0,36700000
2026-07-20,34300000,2800000,0,0,0,0,0,0,37100000
2026-07-21,52800000,-15300000,0,0,0,0,0,0,37500000
2026-07-22,53500000,19200000,0,0,0,0,0,0,72700000
2026-07-23,8500000,14900000,0,0,0,0,0,0,23400000
2026-07-24,-52800000,-27800000,0,0,0,0,0,9900000,-70700000
2026-07-27,11700000,0,0,0,-2500000,0,0,0,9200000
2026-07-28,3500000,0,0,0,0,0,0,0,3500000
2026-07-29,5200000,-16100000,-1400000,0,0,0,-9700000,-8100000,-30100000
2026-07-30,16200000,-2900000,1400000,-700000,0,0,-1600000,0,12400000
2026-07-31,0,-1900000,-2500000,0,0,0,0,-2000000,-6400000
2026-08-03,-9000000,-900000,0,0,0,0,-7800000,0,-17700000
2026-08-04,42500000,9300000,1300000,0,0,0,0,0,53100000
2026-08-05,50300000,2900000,1400000,0,0,0,0,0,54600000
2026-08-06,81100000,1400000,0,0,0,0,3100000,4500000,90100000
2026-08-07,38100000,11500000,0,0,0,0,0,0,49600000
2026-08-10,-23800000,-3300000,0,0,0,0,0,8600000,-18500000
2026-08-11,600000,-2300000,0,0,0,0,0,0,-1700000
2026-08-12,7400000,0,0,0,0,0,0,0,7400000
2026-08-13,-600000,0,0,0,0,0,0,6500000,5900000
2026-08-14,0,0,0,0,0,0,0,0,0
2026-08-17,25900000,4300000,700000,0,0,0,0,0,30900000
2026-08-18,64700000,0,1400000,0,1100000,0,1500000,2700000,71400000
2026-08-19,122100000,36500000,0,0,0,800000,1700000,16000000,177100000
2026-08-20,173300000,5800000,2800000,1700000,0,0,0,0,183600000
2026-08-21,150800000,9600000,2200000,0,0,0,0,11500000,174100000
2026-08-24,90900000,6800000,900000,4500000,0,0,0,12500000,115600000
2026-08-25,146400000,25800000,0,0,0,0,0,0,172200000
2026-08-26,115700000,32000000,0,0,0,900000,0,34700000,183300000
2026-08-27,130200000,56200000,1400000,0,0,0,3000000,14300000,205100000
2026-08-28,83800000,-24300000,0,0,0,0,0,0,59500000
2026-08-31,59900000,9300000,3700000,0,0,0,0,13500000,86400000
2026-09-01,0,4800000,0,0,0,0,-7400000,0,-2600000
2026-09-02,-53400000,-26200000,0,0,0,0,-23500000,0,-103100000
2026-09-03,72100000,65100000,0,0,5400000,0,-6100000,3600000,140100000
2026-09-04,57800000,-48300000,0,0,0,0,0,0,9500000
2026-09-08,0,9900000,0,0,0,0,-9600000,-24600000,-24300000
2026-09-09,9700000,0,0,0,0,0,0,0,9700000
2026-09-10,-18600000,-25200000,0,0,0,0,-7700000,7700000,-43800000
2026-09-11,148800000,11400000,29100000,3700000,0,0,0,5100000,198100000
2026-09-14,80500000,8900000,0,0,-5400000,0,0,16200000,100200000
2026-09-15,-98000000,-7200000,-34400000,0,0,0,-17500000,0,-157100000
2026-09-16,-110000000,-55600000,0,-14000000,0,0,-13900000,0,-193500000
2026-09-17,-42900000,1800000,0,1800000,0,0,0,0,-39300000
2026-09-18,114300000,26200000,1300000,1900000,0,0,0,0,143700000
2026-09-21,110100000,73000000,4300000,0,0,0,4900000,59300000,251600000
2026-09-22,88100000,33600000,0,0,0,0,10400000,27300000,159400000
2026-09-23,50800000,41300000,0,2900000,900000,3000000,4300000,-4100000,99100000
2026-09-24,26800000,21500000,0,0,0,0,0,17800000,66100000
