id,niche,format,market,product,monetization,payout_rail,crypto_payout,demand_evidence,competition,fleet_feasible,test_14d,days_to_first_usd,p_first_usd_30d,month6_ceiling_usd,ceiling_formula,owner_hours_week,it_park
CA-01,"structured data / Merchant listings / CWV checkers for Shopify & WooCommerce","free-tools site + guides","EN US/UK/EU","4-6 bulk checkers + JSON-LD fix generator + 15-20 guides","own fix service $150-250; SEO-tool affiliates (impact, Dub); later AdSense/Ezoic","service: Upwork or SWIFT/SEPA to SRL; affiliates: Dub USDC / impact wire",partial,"Upwork Technical SEO 1661 jobs (base); Apify schema actor 25 u30, SEO audit 85 u30 (base 26.09.2026)","Google Rich Results Test & Schema Validator (free, official); Ahrefs/Semrush free tools","yes: Playwright crawler, JSON-LD validators, CrUX API","2 tools + 5 guides; owner posts in r/TechSEO, Shopify Community (participation); CTA fix $150; KPI >=200 runs, >=3 inquiries",30,0.15,390,"5000 sessions x 1% x 30% x $250 = $375 + 5000 x 1% x 5% x $50 = $12",3,"implementation = IT 62.01 (ask MITP); affiliates/ads = non-IT"
CA-02,"payout-rails-by-country database (which platforms pay into which country)","data-driven pSEO + newsletter","EN + RU + RO, founders/freelancers in non-Stripe countries","~60 country + ~40 platform pages on own verified data, monthly re-check","platform affiliates (Dub programs, Deel up to $1500, Creem programs); sponsors","Dub USDC; sponsors USDC via Contra or SWIFT to SRL",partial,"Dub: stablecoin payouts 'most requested' (18.03.2026); stablecoin in 159/178 countries (26.09.2026); PartnerStack Airwallex ~70 countries (14.08.2026); search volume: no data","vendor posts 'Stripe alternatives for X' (not quantified)","yes: monitoring official pages/public endpoints (ToS check)","10 countries x 20 platforms; 3 research posts in communities; KPI >=100 subscribers",60,0.04,540,"4000 visits x 3% x 4% x $60 = $288 + 1 sponsor x $250",2,"non-IT"
CA-03,"technical SEO + AI search (GEO) digest for agencies","newsletter","EN","weekly digest; signups via CA-01 tools","direct sponsorship (Marketing $13.88/1k subs Paved Q3 2026); affiliates; service leads","SWIFT/SEPA to SRL or USDC via Contra; beehiiv: no data",partial,"Paved Q3 2026: Marketing $13.88, Startups $13.28 per 1k subs; newsletter ad campaigns +40% (01.2026)","high (many SEO newsletters, not quantified)","yes; EN only partially QA'd by owner","2 issues + signup form in CA-01; KPI >=50 subs",90,0.02,125,"1500/1000 x $13.88 x 4 issues = $83 + affiliates $40",2,"non-IT (advertising)"
CA-04,"Technical SEO / GEO / web-performance jobs","niche job board","EN remote","job board with paid posts $49-99 + featured; seeded from public employer job-board APIs","paid job posts","Creem -> USDC Polygon (2%) or bank",yes,"TrustMRR: 14 job boards with revenue, median $190/mo, 4 >= $1k (26.09.2026)","LinkedIn/Indeed; niche SEO boards not checked","yes","100 seeded jobs; 5 employers from owner's network get free post; paid featured $49; KPI >=1 payment",45,0.05,370,"5 posts x $79 x (1 - 0.059 Creem fees incl. USDC payout)",1.5,"own portal 63.12? ask MITP"
CA-05,"WordPress/Webflow -> Framer SEO-safe migration","guides + redirect-mapping/SEO-parity tool","EN agencies & SMB","tool crawling old/new site, redirect map; 4+ guides","Framer partner program (Dub); paid migrations; templates (payout: no data)","Dub USDC; service via Upwork or SWIFT to SRL",partial,"Framer: 9000+ partners, $900K/mo payouts (Dub case, undated); Upwork Website Migration 218, WordPress Migration 233 (base)","high in Framer program; SEO-migration angle narrower [estimate]","yes (crawl/diff/redirects); Framer build partial","tool + 4 guides + Upwork catalog offer; KPI >=1 order or >=5 referral signups",45,0.08,750,"1.5 migrations x $400 = $600 + 5 referrals x $30 (Framer rate: no data)",3,"migration = IT 62.01; affiliate = non-IT"
CA-06,"licensed roofers + permit activity by city","pSEO on open data (on pickaroofer.com)","EN US","city pages: state license status, roofing permit counts, lead form","lead sales to roofers; AdSense","SWIFT USD from US roofers to SRL; AdSense wire",no,"Apify license actors AZ 11, CA 9, OH 9 u30 (base); search volume: no data","Angi, HomeAdvisor, Yelp, BBB","yes: state portals + Socrata/ArcGIS (ToS per state)","1 state x 20 cities + lead form; KPI >=5 leads",75,0.03,210,"3000 visits x 2% leads x $35/lead (assumption)",2,"non-IT (lead gen)"
CA-07,"AI/SaaS tools reviews & tutorials for SMB and PFA","content hub (owner-verified RO)","RO (Romania + Moldova)","40-60 in-depth RO articles based on own tests","global SaaS affiliates (Dub/Creem USDC, impact wire); Profitshare if it pays non-residents","Dub USDC; impact wire; Profitshare: no data",partial,"Google 97.27% in RO (Statcounter 08.2026); RO keyword demand: no data","no data","yes; RO checked by owner","10 articles, 5 Dub/Creem programs; KPI >=300 visits",75,0.03,200,"6000 visits x 2% x 4% x $40 = $192 + ads ~$6",2.5,"non-IT"
CA-08,"RU calculators/generators for marketing & SMM","utility site","RU, CIS ex-Russia (KZ, MD, Caucasus)","20-30 RU utilities","Yandex Advertising Network; AdSense; Admitad","YAN: USD bank/Payoneer via Yandex AM/UAE entity; Admitad USDT TRC-20",partial,"Yandex 28.53% KZ, 7.75% MD (Statcounter 08.2026); demand: no data","high (mass genre)","yes","10 utilities; apply to YAN + AdSense; KPI network approval",90,0.02,40,"10000 PV x $1 RPM (assumption) + Admitad 10000 x 1% x 3% x $10",1.5,"non-IT"
CA-09,"automation tutorials (n8n, agents)","faceless YouTube","EN global","2-3 videos/week, TTS","AdSense (YPP) + Dub affiliates in descriptions","AdSense wire to OTP; Dub USDC",partial,"YPP 4000h until 31.01.2027, then 8000h (base)","high","yes (script->TTS->ffmpeg pipeline)","6 videos; KPI retention >=35%",180,0.01,90,"30000 views x $3 RPM (assumption; no 2025-26 data), only after YPP",1,"non-IT"
CA-10,"Moldovan IT companies for foreign clients","B2B directory with featured profiles","EN","profiles from open data (MITP registry) + paid featured","paid featured listings","bank MDL/EUR to SRL",no,"MITP: 'Joined by 3925 companies' (mitp.md, 26.09.2026)","Clutch, GoodFirms (not quantified)","yes; owner sells in own network","50 profiles; offer featured 400 MDL/mo to 10 companies from network; KPI >=1 payment",45,0.04,300,"15 featured x $20",2,"own portal 63.12? ask MITP"
CA-11,"CONTROL DEAD END: Bybit/BingX affiliate content","affiliate content","EN/RU","reviews, promo codes","share of exchange fees","USDT to exchange account",yes,"program terms not read (503/JS)","-","technically yes","DO NOT LAUNCH",0,0,0,"excluded: MiCA / UK FCA finprom / MD law art.55 after 17.03.2027 / project rule (financial advice)",0,"-"
CA-12,"CONTROL DEAD END: AI-written 'best X for Y' affiliate / pSEO without unique data","content site","EN","hundreds of template pages","affiliates, display","various",partial,"Future plc profit -67%; Google Search to publishers -40.2% YoY; 4 spam updates in 2026","maximum","yes but violates scaled content abuse","DO NOT LAUNCH",120,0.01,50,"deindexation risk >=50% within 6 months x low traffic [estimate]",1,"non-IT"
CA-13,"CONTROL DEAD END: AI-tools directory / launch platform selling dofollow listings","directory","EN","directory + paid submit","listing fees","Creem -> USDC",yes,"TrustMRR: directories median $66/mo, 4 of 10 < $50","hundreds (146 directory/launch/job slugs in TrustMRR sitemap alone)","yes","DO NOT LAUNCH (paid dofollow = link spam)",30,0.05,66,"TrustMRR directory median",1,"-"
