id,niche,format,market,monetization,payout_rail,crypto_payout,days_to_first_usd,month6_ceiling_usd,ceiling_formula,p_first_usd_30d,owner_hours_week,score
CN-01,"Drips Wave: ежемесячные OSS-спринты в репозиториях экосистемы Stellar (TS/JS, SDK, доки)",Pull requests,EN global,"Доля пула $75000/волна по очкам","USDC-Stellar -> свой кошелёк -> Bybit/BingX (USDC-Stellar проверить)",yes,40,375,"0.5% очков x $75000",0.1,4,9.4
CN-02,"Colosseum Crypto World's Fair (до 12.10.2026): x402 pay-per-call SEO/AI-crawler audit API на трек Base/Solana",Хакатон-продукт,EN global,"Приз $5000-15000 (83 места)","CASH/USDC (Solana) -> своп -> Bybit",yes,75,65,"3.8% x $10100 x 2 хакатона/год / 12",0.0,3,0
CN-03,"ETHGlobal онлайн (HackMoney/ETHOnline), трек Extend Open Source для своего OSS-инструмента",Хакатон-фича,EN global,"Партнёрские призы $500-2500","USDC на верифицированный кошелёк",yes,140,55,"3 трека x 6% x $1200 x 3 события/год / 12",0.0,3,0
CN-04,"DoraHacks, хакатоны спонсоров: онбординг-баунти (PR в SDK, шаблон, туториал) + интеграция",PR/туториал,EN global,"Побочные призы $500 + места","Стейблкоины по хакатону",yes,35,100,"2 заявки/мес x 10% x $500",0.05,3,1.7
CN-05,"Superteam Earn Global: dev/doc-баунти и AGENT_ALLOWED (уточнение CR-01)",Баунти,EN global,"Призы USDC/USDG","Кошелёк Solana -> Bybit (USDG проверить)",yes,30,150,"10 заявок x $15",0.1,3,5.0
CN-06,"Технический SEO/GEO с внедрением для Web3-инфраструктуры без токенов (кошельки, SDK, RPC, docs, B2B-стейблкоин-платежи) (уточнение CR-02)",B2B-услуга,EN global (письменно),"$300-1500 за проект + ретейнер","Contra USDC ERC-20 или прямой инвойс USDC/USDT -> Bybit",yes,21,1500,"2 проекта x $500 + ретейнер $500",0.15,8,28.1
CN-07,"Docs-as-code и DevRel-контент для Web3 dev-tools (туториалы, sample-репозитории, SEO документации, llms.txt)",Контракт,EN global,"$500-2000/мес или за единицу","Contra / инвойс USDC",yes,30,1000,"1 контракт x $1000/мес",0.1,6,16.7
CN-08,"HackenProof: баг-баунти web2-поверхности бирж и кошельков (логика аккаунтов, IDOR, авторизация)",Отчёты,global,"Вознаграждение по severity","USDC, минимум вывода 100",yes,45,150,"1 low раз в 2 мес x $300",0.05,5,1.5
CN-09,"Аудит-конкурсы Sherlock/Cantina + Immunefi (уточнение CR-06)",Находки с PoC,global,"Доля пула / баунти","USDC (Cantina: только ETH mainnet)",yes,90,50,"нет экспертизы; оценка",0.01,6,0.08
CN-10,"RO/RU-локализация и носительская QA UI и документации некастодиальных кошельков и dev-tools",MTPE + QA,RO/RU,"$0.05-0.15 за слово","Contra / инвойс USDC",yes,30,150,"3000 слов x $0.05",0.03,4,1.1
CN-11,"Агентные хакатоны и AGENT_ALLOWED-баунти: флот как агент, владелец claim",Агентный проект,EN global,"Призы USDC","USDC",yes,90,50,"454 проекта на 4 приза; оценка",0.02,1,1.0
CN-12,"Public-goods OSS: валидатор метаданных Solana Actions/Blinks + OG/SEO под грант Solana Foundation (уточнение CR-05)",OSS + грант,global,"Грант по вехам","Валюта гранта — нет данных",partial,90,150,"как CR-05",0.02,2,1.5
