id,niche,format,market,price,demand_evidence,competition,payout_rail,crypto_payout,it_park,days_to_first_usd,p_first_usd_30d,month6_ceiling_usd,ceiling_formula,owner_hours_week,score
RV-01,"Moldova Law 195/2024 website compliance kit (cookie/tracker scan + banner + RO/RU templates)",SaaS + setup,"Moldova SMB sites and shops, RO/RU","990 MDL setup + 149 MDL/mo [estimate]","Law in force 23.08.2026, fines up to 2M MDL or 2% (ecom.md 29.07.2026); 74.4k SMEs (BNS 2025)","ECOM built-in, NotarPro, law firms; global CMPs without MD texts (to verify)",Invoice from Global Web SRL -> MDL to OTP,partial,63.11/62.01 (ask accountant),14,0.35,710,"6 setups x $55.7 + 45 subs x $8.4",4,62
RV-02,"RO e-shop compliance monitor (OUG 18/2026 withdrawal + green claims, SAL/SOL, L148/2023 reference price, GPSR fields, pre-consent cookies)",SaaS + PDF report,"Romanian e-shops on Gomag/MerchantPro/Shopify/Woo, RO","79 RON/mo; 249 RON report [estimate]","25-40k RO e-shops (vendor 2026); fines 5-15k lei (trusted.ro 04.08.2026) and 20-100k lei (avocatnet 23.04.2026)","Conformitate Romania for WooCommerce (14.09.2026, 0 installs), CRIL DEV, TRUSTED.ro, agencies",Creem -> USDC or SEPA to SRL,yes,63.11.13,30,0.20,1110,"40 x 79 RON + 8 x 249 RON = 5152 RON",4,55
RV-03,"Green-claims (EmpCo) scanner module/API in RO + CEE languages",API / WP module,"CEE e-shops and agencies","EUR 19-29/mo [estimate]","EmpCo from 27.09.2026; RO fines 20-100k lei","Greenwashing Checker (9 langs, no RO), EcoClaim; WP analogs 0 installs",Creem -> USDC,yes,63.11.13,45,0.08,265,"8 x EUR 29",2,11
RV-04,"Self-serve AI Act Art 50(2) marking API (C2PA manifest + invisible watermark + verify)",API (Creem sub + x402 per call),"Indie gen-AI app providers, EN global","$19-99/mo or $0.002-0.01/file [estimate]","Legacy deadline 02.12.2026 (Reg 2026/1744, secondary sources); 38% of image generators adequately watermark (arXiv 2503.18156); 3,993 AI startups on TrustMRR","IMATAG (enterprise, from EUR 299/mo), Steg.AI, ForensicMark (free + custom), Capture",x402 USDC to own wallet and/or Creem,yes,63.11.13 (SRL only via Creem->bank),30,0.15,690,"15 x $39 + x402 $100",2,52
RV-05,"AI Act Art 50(1)/(4) disclosure pack (24 langs incl. quality RO/RU + transparency page + evidence PDF)",Widget pack,"EU/RO/MD sites with chatbots","EUR 19-49 one-time","Deadline 02.08.2026 passed","Article 50 Ready EUR 29/49, DiscloseKit EUR 19, WP plugin 100 installs",Creem -> USDC,yes,63.11.13,14,0.10,165,"5 x EUR 29",1,17
RV-06,"GPSR multilingual safety info + label generator (24 EU langs)",SaaS per product,"Non-EU Etsy/Shopify sellers, EN","$2-5/product or $19/mo [estimate]","Marketplaces delist listings (vendor guides 2026)","Shopify GPSR apps $9.99-79.99 with 0 reviews; Woo plugin 300 installs; EU RP services $200-600/yr",Creem -> USDC,yes,63.11.13,45,0.08,250,"10 sellers x $25",2,10
RV-07,"DAC7 XML (ANAF F7000) generator from CSV",SaaS per reporting year,"Small platforms in Romania (+uncovered states)","EUR 299-499/yr [estimate]","Deadline 31.01.2027","getdac7 (CZ, IE only) EUR 499-1999/yr, abill.io, Big4",Creem -> USDC or SEPA,yes,63.11.13,100,0.03,150,"seasonal: 4 x EUR 399 in January; annual average",2,2
RV-08,"WooCommerce/Excel -> SFS e-Factura bridge + status sync",SaaS,"Moldovan VAT-payer shops, RO/RU","149 MDL/mo [estimate]","Mandate only for SFS list; general B2B from 01.10.2026 unconfirmed (source conflict)","MicroGest free until 31.12.2026, 1C, ECOM",MDL to OTP,no,63.11,45,0.05,125,"15 x 149 MDL",3,2
RV-09,"SAF-T D406 pre-validator / e-Factura archive for accountants",SaaS,"Romania accountants, RO","29 RON/mo [estimate]","All legal entities file D406 from 2026","Oblio EUR 29/yr, SmartBill, FGO, ContApp, iSpv, eFacturaSPV",Creem -> USDC,yes,63.11.13,60,0.03,60,"10 x 29 RON",2,1
RV-10,"NIS2 policy & evidence pack mapped to CyFunRO (38/90/140 controls)",Document pack + tracker,"Romanian important entities, RO","EUR 390 one-time [estimate]","~10k entities (vendor); self-assessment +60+60 days after registration; report 04.2027","NIS2 Manager (BetterQA), snsys, cysnis, nis2-directiva.ro, consultants",SEPA to SRL or Creem,partial,62.02 (ask MITP),45,0.08,890,"2 packs x EUR 390",5,14
RV-11,"Consent Mode v2 / pre-consent tag audit + monitor (3 consent states)",SaaS + Upwork catalog audit,"Agencies and e-shops EU/RO/MD, EN/RO/RU","$29/audit; $39-49/mo","Visible Privacy $1.7k MRR (TrustMRR); paid tiers at competitors","Consent Validator $29/$49/$149, Consent Mode Monitor EUR 0/49/249, Trackingplan",Creem -> USDC; Upwork -> bank,yes,63.11.13/62.02,21,0.15,605,"10 x $49 + 4 x $29",3,30
RV-12,"Self-serve roof replacement instant-estimate widget (homeowner-drawn outline + local prices), no Solar API",SaaS widget,"US roofing contractors, EN","$79-99/mo, no setup fee [estimate]","108,598 US roofing contractors (IBISWorld 2026); Roofle $350/mo + $2,000 setup","Roofle, Roof Quoter $200/mo, HD Instant Roof Quote $199/mo, QuoteIQ, Roofr",Creem -> USDC,yes,63.11.13,60,0.05,535,"6 x $89",4,7
RV-13,"Hail alerts by ZIP from public NOAA/NWS data",SaaS alerts,"Small US roofers, EN","$29-49/mo [estimate]","HailTrace $230/map; HailWatch $999-1999/yr","HailTrace, Hail Recon, Interactive Hail Maps, HailWatch, free maps",Creem -> USDC,yes,63.11.13,60,0.05,310,"8 x $39",3,5
RV-14,"Pay-gap calculator + job-ad pay-range checker",SaaS / one-off,"Romanian employers 100+, RO","EUR 99-299 one-off [estimate]","RO bill pending in Senate (Trusaic 08.2026)","Syndio, Trusaic, Figures (enterprise), local HR consultants",SEPA to SRL or Creem,partial,63.11.13,120,0.02,225,"2 x EUR 99",3,1.5
