id,niche,format,market,monetization,payout_rail,crypto_payout,underrated_class,demand_evidence,competition,it_park,days_to_first_usd,p_first_usd_30d,month6_ceiling_usd,ceiling_formula,owner_hours_week,score
UN-01,"AI analysis of SICAP procurement dossiers (caiet de sarcini -> requirements, criteria, risks, checklist)",SaaS per dossier + Chrome extension,"Romania, RO; SME bidders and consultants","49 RON per dossier or 99-149 RON/mo [estimate]","Creem -> USDC (owner) or SEPA invoice -> SRL",yes,L3,"licitatia.ro 70-162 RON/mo monitoring; SicapRadar; Licitatii.AI 270k+ operators indexed (05.08.2026)","licitatia.ro, SicapRadar, Termene.ro, Licitatii.AI (launching), sicap.ai (unread)",63.11 likely IT (ask MITP),35,0.08,680,"25 subs x 120 RON = 3000 RON ~ EUR600 ~ $680",4,13.6
UN-02,"Ukraine reconstruction + IFI/donor tenders tracker (Prozorro, DREAM, WB, EBRD, UNDP) for UA and MD",Digest + alerts,"EN; EU/Romanian SMEs and consultants","EUR29-49/mo [estimate]","Creem -> USDC",yes,L3,"WB 2026 YTD: UA 80 IFB + 102 REOI, MD 17 + 21; UNDP active: UKR 23, MDA 13; Ukraine Facility up to EUR50bn 2024-2027","DevelopmentAid, devex, dgMarket, UNGM Pro (prices unread)",63.11/63.12 check,45,0.04,585,"15 x $39",2,11.7
UN-03,"Tender feed for Moldovan IT firms: GPA-eligible EU (TED) IT tenders + UN/WB IT RFQs in Moldova, RO/RU summaries",Feed (Telegram/e-mail/web),"MITP residents (3925)","300-600 MDL/mo [estimate]","Bank SRL -> SRL (MDL/EUR)",no,L3,"Moldova GPA party since 14.07.2016; UNDP-MDA 13 active notices incl. web/GIS/data warehouse","TED free alerts; DevelopmentAid; Notis (MD only)",63.11/63.12 check,40,0.05,281,"10 x 500 MDL = 5000 MDL",2,7.0
UN-04,"Moldova company registry API (IDNO, status, CAEM, CUATM, liquidation date; no personal names by default)",REST API + x402 + Datarade listing,"EN/RO; ERP/e-Factura integrators, KYB aggregators, fintech","$19-99/mo; $0.005-0.01 per call [estimate]","Creem -> USDC; x402 -> USDC",yes,L2,"ASP weekly open file: 302952 rows, 169447 active, 9780 registrations in 2025; paying demand: no data","free sites srl.md, firme.md, openmoney.md; no paid API found",63.11 IT,45,0.03,265,"5 x $49 + 2000 calls x $0.01",1,8.0
UN-05,"Normalized OCDS procurement-awards dataset MD + UA (+RO), EN",Dataset + API on Datarade,"Analysts, bid-tech, market research","$500-3000 licences [estimate]","Invoice -> SWIFT/SEPA to SRL (Datarade 30%); USDC invoice possible",partial,L2,"Datarade claims thousands of buyer companies/month (vendor); AWS/Snowflake exclude Moldova","raw official APIs free; aggregators no data",63.11? check,90,0.02,350,"1 deal/quarter x $1500 x 0.7 / 3",1,7.0
UN-06,"eMAG seller micro-SaaS: AI replies to Q&A/reviews + offer-health alerts via official eMAG API",SaaS subscription,"Romania first (then BG/HU)","EUR9-19/mo [estimate]","Creem -> USDC",yes,L2,"64000+ eMAG sellers (2024), 10000+ cross-border (eMAG 04.06.2025, 24.09.2025)","easySales EUR35-179/mo; eMAG Project Mira (platform)",63.11.13 IT,40,0.05,680,"40 x EUR15 = EUR600",3,11.3
UN-07,"EU public tenders requiring WCAG/EN 301 549 (TED) tracker for accessibility-capable web agencies; also internal pipeline for Global Web SRL",Feed + alerts,"EN; EU web agencies","EUR29-59/mo [estimate]","Creem -> USDC",yes,L2,"TED full-text WCAG: 178 (2024), 303 (2025), 432 (2026 to 26.09); US awards 'Section 508': 78 (2025), 61 (2026 YTD)","generic tender services; no WCAG-specific found (limited check)",63.11/63.12 check,35,0.05,588,"12 x $49",1.5,19.6
UN-08,"Buyer-side price benchmark reports for Moldovan contracting authorities from MTender contract history",Reports / cabinet,"Moldova, RO; public buyers","3000 MDL/yr [estimate, analog achizitii.md]","Bank: public body -> SRL (low-value contract)",no,L3,"authorities pay achizitii.md 3000 MDL/yr support; MTender 2287 record updates/week","Notis Tender Intelligence (price ranges, coming)",63.11 check,90,0.02,211,"15 x 3000 MDL / 12 = 3750 MDL",3,1.4
UN-09,"Moldova geodata API: CUATM localities, postal codes, RO/RU address normalization, geocoding",API + dataset,"MD e-shops, couriers, banks","$19-49/mo [estimate]","Bank MDL -> SRL; Creem -> USDC for foreign",partial,L3,"no data; MD WooCommerce plugins 10-200 installs (market small)","Google Maps, OSM",63.11 IT,90,0.01,100,"2 x $49",1,1.0
UN-10,"EU funding calls + partner-search digest (Horizon Europe, EU4Business) for MD/UA SMEs, NGOs, universities",Newsletter,"RO/RU/UA/EN","$10-20/mo [estimate]","Creem -> USDC; bank",yes,L2,"Moldova associated to Horizon Europe (EC); NGO ability to pay: no data","NCPs (free), fundsforNGOs Premium, DevelopmentAid",63.12? check,60,0.02,300,"20 x $15",2,3.0
